timestamp,rssi,sc0_re,sc0_im,sc1_re,sc1_im,sc2_re,sc2_im,sc3_re,sc3_im,sc4_re,sc4_im,sc5_re,sc5_im,sc6_re,sc6_im,sc7_re,sc7_im,sc8_re,sc8_im,sc9_re,sc9_im,sc10_re,sc10_im,sc11_re,sc11_im,sc12_re,sc12_im,sc13_re,sc13_im,sc14_re,sc14_im,sc15_re,sc15_im,sc16_re,sc16_im,sc17_re,sc17_im,sc18_re,sc18_im,sc19_re,sc19_im,sc20_re,sc20_im,sc21_re,sc21_im,sc22_re,sc22_im,sc23_re,sc23_im,sc24_re,sc24_im,sc25_re,sc25_im,sc26_re,sc26_im,sc27_re,sc27_im,sc28_re,sc28_im,sc29_re,sc29_im,sc30_re,sc30_im,sc31_re,sc31_im,sc32_re,sc32_im,sc33_re,sc33_im,sc34_re,sc34_im,sc35_re,sc35_im,sc36_re,sc36_im,sc37_re,sc37_im,sc38_re,sc38_im,sc39_re,sc39_im,sc40_re,sc40_im,sc41_re,sc41_im,sc42_re,sc42_im,sc43_re,sc43_im,sc44_re,sc44_im,sc45_re,sc45_im,sc46_re,sc46_im,sc47_re,sc47_im,sc48_re,sc48_im,sc49_re,sc49_im,sc50_re,sc50_im,sc51_re,sc51_im,sc52_re,sc52_im,sc53_re,sc53_im,sc54_re,sc54_im,sc55_re,sc55_im,sc56_re,sc56_im,sc57_re,sc57_im,sc58_re,sc58_im,sc59_re,sc59_im,sc60_re,sc60_im,sc61_re,sc61_im,sc62_re,sc62_im,sc63_re,sc63_im
1,-40,13.385756,0.2677508,13.8660965,0.95949936,14.190382,1.6847954,14.359913,2.4245222,14.381782,3.160965,14.268193,3.8788333,14.035517,4.566081,13.703153,5.214487,13.292278,5.819944,12.824535,6.38246,12.32076,6.9058666,11.799827,7.397259,11.27764,7.866195,10.7663965,8.323744,10.274089,8.781389,9.804319,9.249926,9.356429,9.738376,8.925878,10.253009,8.50493,10.796555,8.083509,11.367633,7.650234,11.96046,7.193506,12.56485,6.702624,13.166522,6.1688266,13.747699,5.586187,14.287962,4.952325,14.765317,4.268859,15.15741,3.5415847,15.442831,2.7803593,15.602412,1.9986929,15.620438,1.213066,15.485733,0.44203475,15.192501,-0.29485783,14.740908,-0.97826934,14.137339,-1.5902833,13.394336,-2.115593,12.530186,-2.5425677,11.568193,-2.864138,10.535662,-3.0784278,9.462671,-3.189106,8.380653,-3.2054157,7.3209076,-3.1418824,6.313112,-3.0176983,5.383876,-2.8558328,4.555516,-2.6818871,3.844978,-2.5227885,3.2631161,-2.4053586,2.814232,-2.3548727,2.4960115,-2.393666,2.2997847,-2.5398757,2.211118,-2.806388,2.210717,-3.200065,2.2755613,-3.7212627,2.3802202,-4.363724,2.4982774,-5.114797,2.6037672,-5.955991,2.672554,-6.8638783,2.68358,-7.811204,2.6198974,-8.76825,2.4694476,-9.704284,2.2255332,-10.589056,1.886977,-11.394283,1.4579389,-12.09498,0.9474527,-12.670625,0.3686572
2,-40,13.761838,0.55076736,14.205732,1.2689103,14.490386,2.0150461,14.618366,2.7699206,14.597975,3.515938,14.442496,4.238152,14.169217,4.925048,13.798248,5.569065,13.351257,6.166837,12.850145,6.7191305,12.315796,7.2304993,11.76692,7.708664,11.219119,8.163689,10.684158,8.606978,10.169544,9.0501795,9.678387,9.504064,9.20957,9.977461,8.758201,10.476301,8.316321,11.002865,7.8737965,11.555258,7.419363,12.127165,6.9417267,12.707917,6.4306636,13.282839,5.8780346,13.833903,5.278644,14.340623,4.630904,14.781147,3.9372346,15.1335,3.2041812,15.376872,2.4422414,15.4929085,1.6654063,15.466907,0.8904299,15.288839,0.13589811,14.954153,-0.57888037,14.464287,-1.2350689,13.826867,-1.8155193,13.055566,-2.3059304,12.169636,-2.6958766,11.193129,-2.9796364,10.15381,-3.1567664,9.0819235,-3.2323797,8.008738,-3.2171068,6.965064,-3.1267264,5.9797764,-2.9814937,5.0784135,-2.805182,4.2819815,-2.623901,3.6059492,-2.464756,3.059592,-2.3544092,2.6456134,-2.3176389,2.3601487,-2.3759677,2.1931074,-2.5464468,2.1288326,-2.8406541,2.1470582,-3.2639835,2.2240903,-3.8152423,2.3341534,-4.4866114,2.4508214,-5.263948,2.548452,-6.1274114,2.603541,-7.0524297,2.5959296,-8.010859,2.5097857,-8.972387,2.3343182,-9.906011,2.0641809,-10.781525,1.699558,-11.571006,1.2459116,-12.250105,0.713452,-12.799181,0.11631239
3,-39,14.126502,0.84860873,14.531522,1.5915239,14.774439,2.35663,14.859106,3.1246006,14.7950325,3.8780227,14.5965805,4.602354,14.281936,5.286661,13.871894,5.9240904,13.388578,6.5120482,12.854118,7.0520835,12.289403,7.549481,11.712959,8.012601,11.140047,8.452002,10.581988,8.87942,10.045788,9.306654,9.534052,9.744439,9.045217,10.201403,8.57404,10.683128,8.112352,11.191449,7.6499724,11.723961,7.1757708,12.273836,6.6787724,12.829938,6.1492305,13.377229,5.579632,13.897464,4.965503,14.370126,4.3060265,14.773548,3.6043975,15.08616,2.8678665,15.287788,2.1075313,15.360924,1.3378011,15.291882,0.5756408,15.071791,-0.16039214,14.697327,-0.8512943,14.171184,-1.4787879,13.502177,-2.0265524,12.705069,-2.48133,11.800015,-2.8339317,10.811727,-3.0800002,9.768362,-3.220518,8.700244,-3.2620301,7.638391,-3.2165112,6.613052,-3.100949,5.652227,-2.936589,4.7803183,-2.7479346,4.0169787,-2.561518,3.3761737,-2.4045372,2.8655908,-2.3034031,2.4863396,-2.2823114,2.233035,-2.3618975,2.09421,-2.5580604,2.053042,-2.881016,2.088364,-3.33466,2.1758904,-3.9162285,2.2895827,-4.616346,2.4030929,-5.4193983,2.4911838,-6.30423,2.5310583,-7.2451744,2.5035214,-8.213261,2.393909,-9.177659,2.1927347,-10.107164,1.8960238,-10.971695,1.5053264,-11.74376,1.0273939,-12.399717,0.4735866,-12.9208555,-0.14100759
4,-39,14.47803,1.1607198,14.841848,1.9266087,15.041041,2.7086582,15.080764,3.4875364,14.971739,4.2460775,14.729392,4.9702034,14.372781,5.649614,13.923364,6.2782063,13.403685,6.85419,12.83606,7.379917,12.241349,7.86142,11.637865,8.307695,11.0405,8.729798,10.460107,9.139784,9.903173,9.549586,9.371804,9.969896,8.863979,10.409126,8.374121,10.872512,7.8938527,11.36143,7.412964,11.872979,6.9204736,12.399833,6.405728,12.930407,5.8594737,13.449327,5.2748127,13.938168,4.6479826,14.376415,3.9789224,14.742619,3.271563,15.0156555,2.5338306,15.176015,1.7773587,15.207049,1.0169303,15.0961075,0.26966023,14.835469,-0.44599673,14.423036,-1.11139,13.86271,-1.7088718,13.164477,-2.2229855,12.344116,-2.6415663,11.422623,-2.9566796,10.4253,-3.165342,9.380614,-3.2699635,8.318879,-3.278485,7.2707925,-3.2041962,6.265953,-3.06523,5.3314257,-2.883757,4.490419,-2.6849308,3.7611954,-2.4956217,3.1561902,-2.343027,2.681498,-2.2532222,2.3366518,-2.2497358,2.1147742,-2.3522418,2.0030715,-2.575423,1.9836173,-2.9280899,2.034419,-3.4126053,2.1306798,-4.024626,2.246185,-4.7532234,2.3547497,-5.581337,2.4316235,-6.4865375,2.4547904,-7.442118,2.4060817,-8.418348,2.27205,-9.38395,2.044547,-10.307593,1.7209858,-11.159401,1.3042828,-11.912385,0.8024624,-12.543672,0.22800383,-13.035545,-0.40309262
5,-38,14.814745,1.4864327,15.135146,2.2733274,15.288763,3.0701444,15.282062,3.8576143,15.126973,4.618885,14.839972,5.3404007,14.44097,6.0125494,13.952046,6.6300154,13.39613,7.1918473,12.79569,7.7012215,12.17152,8.164924,11.541678,8.592591,10.920665,8.995767,10.31884,9.386815,9.742164,9.777793,9.192225,10.179336,8.66656,10.5996275,8.159248,11.043546,7.6617284,11.512019,7.163766,12.001646,6.65454,12.504617,6.12373,13.008924,5.5625753,13.498884,4.9647913,13.955915,4.327316,14.359549,3.650819,14.688584,2.939939,14.922371,2.2032301,15.042089,1.4528208,15.031977,0.7038048,14.880421,-0.02661383,14.580849,-0.72013843,14.132361,-1.3585378,13.540054,-1.9248414,12.815021,-2.404509,11.974013,-2.7864969,11.038791,-3.0641503,10.035174,-3.2358646,8.9918585,-3.30546,7.9390683,-3.282252,6.9070916,-3.180797,5.9248157,-3.0203142,5.0182967,-2.8238282,4.209504,-2.617061,3.5152707,-2.4271317,2.9464846,-2.2811525,2.5076504,-2.204771,2.196738,-2.2207713,2.0054188,-2.3477912,1.9196221,-2.599242,1.9203854,-2.9824827,1.9849668,-3.4983194,2.088142,-4.1408205,2.2036068,-4.897519,2.3054252,-5.749934,2.3694143,-6.674409,2.3744092,-7.6432524,2.3033288,-8.626045,2.1439872,-9.591132,1.8896041,-10.507144,1.5389926,-11.344475,1.0964308,-12.076718,0.5711965,-12.681837,-0.023146681,-13.143156,-0.6697324
6,-38,15.135024,1.8249712,15.409921,2.6307428,15.5162525,3.4400108,15.461803,4.2336397,15.259709,4.995158,14.927471,5.711592,14.485826,6.3740644,13.957439,6.9780936,13.36559,7.5235944,12.732856,8.014581,12.079922,8.458607,11.4245615,8.86595,10.780846,9.248627,10.158628,9.619307,9.563327,9.990155,8.996004,10.371727,8.453751,10.771976,7.930317,11.195414,7.416959,11.642514,6.9034333,12.109387,6.379089,12.587751,5.8339486,13.065194,5.259742,13.525752,4.6507964,13.950718,4.004733,14.319694,3.3229315,14.611766,2.6107047,14.806791,1.8771912,14.886656,1.1349648,14.8365,0.39937386,14.645751,-0.3123465,14.30898,-0.9821181,13.8264675,-1.592186,13.204462,-2.1263075,12.455121,-2.5709012,11.5961075,-2.9160743,10.6498785,-3.156468,9.642694,-3.2918568,8.603397,-3.3274553,7.56204,-3.2739213,6.5484295,-3.1470246,5.5906563,-2.9670124,4.7137275,-2.757688,3.9383144,-2.54526,3.279792,-2.3570073,2.7474906,-2.219865,2.3443258,-2.1589715,2.0667295,-2.1962843,1.9049646,-2.349337,1.8437392,-2.6302154,1.8631238,-3.0447881,1.9397063,-3.5922832,2.0479212,-4.2651787,2.161463,-5.049485,2.254726,-5.9253354,2.3041766,-6.8678913,2.2895718,-7.848543,2.1949716,-8.836251,2.0094926,-9.799061,1.7277533,-10.705639,1.3499703,-11.526738,0.8817736,-12.236594,0.33367527,-12.814071,-0.2797136,-13.243589,-0.94071585
7,-37,15.437303,2.175454,15.66475,2.9978204,15.722241,3.8170934,15.618894,4.614345,15.369021,5.373547,14.991147,6.0823703,14.506789,6.7327223,13.939167,7.3209915,13.31186,7.8479867,12.647516,8.3185835,11.966672,8.741104,11.286779,9.126459,10.621457,9.487145,9.980019,9.836108,9.367325,10.185608,8.783914,10.546115,8.226427,10.925328,7.688289,11.327389,7.1605854,11.752317,6.6330757,12.19574,6.095285,12.648911,5.5375867,13.099041,4.952202,13.529902,4.334064,13.922701,3.6814628,14.257135,2.9964612,14.51261,2.2850115,14.66951,1.5567982,14.710461,0.824787,14.621501,0.104527295,14.393112,-0.5867733,14.020992,-1.2313125,13.506577,-1.8118658,12.857231,-2.3129668,12.086127,-2.7220297,11.211776,-3.03034,10.25726,-3.233845,9.249206,-3.3336937,8.2165165,-3.3364775,7.1890025,-3.2541535,6.195907,-3.1036594,5.264467,-2.9062004,4.4185658,-2.6862803,3.677547,-2.4705083,3.0553005,-2.2862387,2.5595868,-2.1601415,2.1917455,-2.1167574,1.9467027,-2.177143,1.8133531,-2.3576648,1.7752466,-2.6690273,1.81156,-3.115578,1.8982941,-3.6949506,2.0096254,-4.3980365,2.1193345,-5.20934,2.202235,-6.1076508,2.235515,-7.0670013,2.1999195,-8.057926,2.080707,-9.048838,1.8683382,-10.007565,1.5588384,-10.902887,1.1538435,-11.70599,0.6603249,-12.391829,0.08998985,-12.940225,-0.5415456,-13.336746,-1.2158339
8,-37,15.720092,2.5369003,15.898293,3.373436,15.905562,4.200152,15.752334,4.9983954,15.454107,5.752651,15.030376,6.4512906,14.503422,7.087059,13.896967,7.657249,13.234857,8.163591,12.539755,8.6118355,11.832015,9.011076,11.128726,9.37286,10.443019,9.710139,9.783655,10.036131,9.154919,10.36317,8.556816,10.701622,7.9855404,11.058928,7.434198,11.438842,6.893709,11.840928,6.3538465,12.260339,5.804325,12.68788,5.2358685,13.1103945,4.641194,13.511423,4.0158286,13.872102,3.358717,14.172265,2.6725793,14.391663,1.9639744,14.511228,1.2430862,14.514339,0.52322537,14.387956,-0.17991325,14.123601,-0.8492057,13.718086,-1.4671808,13.173973,-2.017197,12.499711,-2.4846065,11.709426,-2.8578553,10.822416,-3.1294277,9.862322,-3.2965844,8.856052,-3.36184,7.832498,-3.333135,6.8211436,-3.223688,5.8505983,-3.051546,4.9471807,-2.838803,4.133601,-2.610586,3.427835,-2.3938196,2.8422656,-2.2158422,2.3830836,-2.1029718,2.0500674,-2.0790699,1.8366694,-2.1642172,1.7304668,-2.3735507,1.7139169,-2.7163496,1.7653773,-3.1954086,1.8603446,-3.8067567,1.9728273,-4.5397058,2.0767784,-5.377283,2.1475132,-6.2969728,2.1630182,-7.2717357,2.1050904,-8.27132,1.9602364,-9.263665,1.7202915,-10.216466,1.3827134,-11.098692,0.95054996,-11.882037,0.4320958,-12.542244,-0.15977271,-13.060157,-0.80847925,-13.422529,-1.4948663
9,-36,15.98198,2.9082336,16.109303,3.756382,16.06514,4.58787,15.861243,5.384395,15.514263,6.131021,15.044652,6.8168774,14.475403,7.4355917,13.830708,7.985401,13.134617,8.46898,12.409778,8.892963,11.676306,9.267222,10.950895,9.6039295,10.246161,9.916483,9.570284,10.218353,8.926961,10.521933,8.315657,10.837465,7.7321177,11.172112,7.169136,11.529242,6.6174793,11.907958,6.06694,12.30294,5.5074325,12.704555,4.9300327,13.099302,4.3279567,13.470509,3.6973145,13.799274,3.0376854,14.065592,2.3524263,14.249578,1.6486603,14.332745,0.9370355,14.299232,0.23115072,14.136927,-0.45320162,13.8383875,-1.0990361,13.401525,-1.6892713,12.83,-2.207889,12.13329,-2.6411097,11.326434,-2.9784334,10.429446,-3.2135656,9.466452,-3.34508,8.464568,-3.376843,7.4525957,-3.3181162,6.4596148,-3.183335,5.5135336,-2.9915922,4.639686,-2.7658026,3.8595674,-2.5316343,3.1897507,-2.3162408,2.641097,-2.1468558,2.2182283,-2.0493574,1.9193826,-2.0468502,1.7365774,-2.1583662,1.6561277,-2.3977547,1.6594641,-2.772829,1.7242054,-3.2848058,1.8254284,-3.9281027,1.9370615,-4.690465,2.0333185,-5.5534735,2.0900972,-6.4933524,2.0862563,-7.4820533,2.0047057,-8.488608,1.833247,-9.480562,1.5651201,-10.425552,1.1992264,-11.292824,0.7400223,-12.054655,0.19710474,-12.68764,-0.41551718,-13.173702,-1.0803549,-13.50083,-1.7775989
10,-36,16.221643,3.2882898,16.29663,4.145375,16.200012,4.9788713,15.944846,5.770901,15.548917,6.5071726,15.033592,7.1776323,14.4225445,7.7768335,13.7403755,8.303992,13.011305,8.762748,12.257904,9.160629,11.500017,9.508286,10.753898,9.818507,10.031613,10.105122,9.340744,10.381836,8.684384,10.661078,8.061453,10.952951,7.4672484,11.264326,6.894252,11.59817,6.3330874,11.953129,5.7735815,12.323406,5.2058473,12.69895,4.621329,13.0659275,4.0137234,13.407477,3.3797252,13.704684,2.7195315,13.937727,2.037097,14.087112,1.3400888,14.134952,0.6395618,14.066162,-0.05063227,13.869552,-0.71466565,13.538713,-1.3357443,13.072634,-1.8972173,12.476039,-2.383748,11.759393,-2.7824495,10.938585,-3.0839138,10.0342865,-3.2830706,9.071032,-3.3798108,8.076072,-3.3793342,7.0780363,-3.2921867,6.1055303,-3.1339715,5.185692,-2.9247665,4.3428187,-2.6882327,3.5971432,-2.4504945,2.9638064,-2.2388487,2.452139,-2.0803351,2.065201,-2.00031,1.7997181,-2.021038,1.6463132,-2.1604385,1.5900984,-2.4310188,1.6115495,-2.8390877,1.6876262,-3.384264,1.7930735,-4.059355,1.9018284,-4.8505545,1.9884514,-5.7380323,2.0295033,-6.696807,2.0047865,-7.697882,1.8983817,-8.709645,1.6994259,-9.699329,1.4025917,-10.634596,1.0082322,-11.485045,0.5222028,-12.22361,-0.044622663,-12.827814,-0.67714167,-13.280704,-1.3570051,-13.571546,-2.063812
11,-35,16.437855,3.6758237,16.459234,4.53906,16.309332,5.3717227,16.002493,6.156428,15.557616,6.8795967,14.996946,7.532046,14.344777,8.1093,13.626086,8.611583,12.865204,9.043518,12.0845785,9.413541,11.303732,9.733071,10.538444,10.015503,9.800202,10.275082,9.095962,10.525724,8.428204,10.779881,7.79529,11.047488,7.192074,11.335113,6.6107354,11.645313,6.0417604,11.976268,5.4750147,12.321717,4.9008236,12.671191,4.310996,13.010546,3.6997144,13.322748,3.0642421,13.5889,2.4053745,13.789383,1.7276434,13.905123,1.0392153,13.918837,0.35151702,13.816232,-0.3214012,13.587041,-0.9637222,13.225879,-1.5588943,12.732783,-2.0907495,12.113508,-2.5446699,11.379464,-2.9086995,10.547328,-3.1745396,9.638361,-3.3383555,8.677434,-3.4013476,7.6918545,-3.370026,6.7100105,-3.2561839,5.7599583,-3.076541,4.868004,-2.8520918,4.0573516,-2.607166,3.346934,-2.3682652,2.7504401,-2.1627376,2.275661,-2.0173461,1.9241108,-1.9568369,1.6910297,-2.0025623,1.5656952,-2.1712642,1.5320796,-2.4740589,1.5697781,-2.915716,1.655174,-3.494244,1.762768,-4.2008414,1.8665954,-5.020177,1.9416485,-5.931046,1.9652305,-6.9073153,1.9181544,-7.91911,1.7857269,-8.93425,1.5584595,-9.919736,1.2324781,-10.843337,0.8095916,-11.675089,0.29704085,-12.388655,-0.29305246,-12.9625435,-0.9445361,-13.380984,-1.6382552,-13.634556,-2.353279
12,-35,16.62949,4.0695143,16.596182,4.9360228,16.392363,5.764941,16.033659,6.539457,15.540036,7.2467647,14.934581,7.878605,14.242165,8.431515,13.488082,8.906757,12.696718,9.309956,11.890353,9.650453,11.088141,9.940436,10.3053465,10.193893,9.552847,10.425464,8.836947,10.649256,8.159504,10.877711,7.518315,11.120588,6.9077916,11.384132,6.3198166,11.670474,5.7447476,11.977328,5.172498,12.29797,4.5936117,12.621523,4.000265,12.933548,3.387124,13.216866,2.7520077,13.452607,2.0962913,13.621386,1.4250551,13.704557,0.74693054,13.6854725,0.07367348,13.550623,-0.5805141,13.290675,-1.1998748,12.901239,-1.7681476,12.383385,-2.2696939,11.743861,-2.6906521,10.994965,-3.020028,10.154112,-3.2506483,9.243076,-3.379922,8.287003,-3.4103434,7.3131757,-3.3497093,6.3496633,-3.2110152,5.4239135,-3.0120425,4.5613327,-2.774637,3.7839897,-2.523715,3.1094773,-2.2860715,2.5500169,-2.0890203,2.11186,-1.9589574,1.7949911,-1.9199399,1.5932013,-1.9923371,1.4944764,-2.191649,1.4817116,-2.5275571,1.5336998,-3.0032666,1.626334,-3.6151621,1.7339586,-4.352846,1.8307962,-5.1994843,1.8923556,-6.1325493,1.8967594,-7.1248093,1.8258951,-8.145582,1.6663461,-9.162203,1.4100347,-10.141518,1.0545554,-11.051489,0.60317296,-11.862665,0.06449569,-12.549515,-0.5481405,-13.091593,-1.2175807,-13.474357,-1.9239215,-13.689734,-2.6457682
13,-34,16.795536,4.467975,16.706657,5.3347964,16.448503,6.1570125,16.037945,6.9184494,15.495981,7.6071386,14.846498,8.215802,14.114894,8.742025,13.326721,9.188137,12.506372,9.560774,11.675897,9.870184,10.854042,10.129319,10.055511,10.352742,9.290548,10.555465,8.564785,10.751765,7.8794327,10.954051,7.231726,11.171878,6.6156363,11.411152,6.0227513,11.673571,5.4433146,11.956374,4.867292,12.252375,4.2854543,12.550304,3.6903467,12.83544,3.0771153,13.090473,2.4441223,13.296585,1.7933033,13.434643,1.1302602,13.486455,0.4640527,13.436004,-0.19327493,13.270588,-0.8274152,12.981785,-1.422718,12.5661955,-1.96326,12.025891,-2.4339733,11.368568,-2.82179,10.607372,-3.1167014,9.760384,-3.3126748,8.849834,-3.4083598,7.901058,-3.4075334,6.941253,-3.3192468,5.9980965,-3.1576533,5.0983543,-2.9415362,4.266482,-2.6935146,3.5233653,-2.439024,2.8852346,-2.2050595,2.3628247,-2.0188148,1.9608544,-1.9062363,1.6778015,-1.8906112,1.5060484,-1.9912549,1.4323432,-2.2223718,1.4385749,-2.5921676,1.5028143,-3.1022575,1.6005492,-3.7474003,1.7060587,-4.5156126,1.7938396,-5.388597,1.8400018,-6.3425417,1.8235594,-7.3491898,1.7275386,-8.37712,1.5398465,-9.393259,1.2538437,-10.36439,0.8686087,-11.258747,0.38885552,-12.047472,-0.1754618,-12.70591,-0.80983084,-13.214717,-1.4961445,-13.560633,-2.2138114,-13.736957,-2.9410396
14,-34,16.935095,4.86976,16.789976,5.733869,16.477272,6.5463853,16.015076,7.2918477,15.425387,7.959187,14.73283,8.5421505,13.96328,9.039412,13.14249,9.454387,12.294801,9.794737,11.441987,10.071621,10.602327,10.298735,9.789942,10.491201,9.014393,10.66438,8.280623,10.832689,7.589193,11.008485,6.9367676,11.201093,6.316875,11.416058,5.7208204,11.654636,5.1387353,11.913585,4.560655,12.185264,3.977579,12.458012,3.382424,12.716836,2.770811,12.944322,2.1416354,13.121719,1.4973729,13.230166,0.8441171,13.251937,0.19132261,13.171663,-0.44871944,12.977442,-1.0616404,12.661763,-1.631943,12.222193,-2.1440852,11.661776,-2.5836105,10.9891205,-2.9382749,10.218156,-3.199079,9.367577,-3.3611405,8.46,-3.4243453,7.5208836,-3.3937323,6.577259,-3.2795713,5.656346,-3.097129,4.7841697,-2.8661237,3.9841814,-2.609881,3.2760413,-2.3542652,2.6745915,-2.1263924,2.1890757,-1.9532484,1.8226883,-1.860244,1.5724274,-1.8698238,1.4293132,-2.00018,1.3789141,-2.2641733,1.4021885,-2.6684928,1.4765639,-3.2131493,1.5772135,-3.8912747,1.6784393,-4.6893225,1.7551013,-5.587563,1.7839903,-6.5609603,1.7450848,-7.580291,1.6226072,-8.613478,1.4058313,-9.627117,1.0895828,-10.588015,0.6744311,-11.464763,0.16653019,-12.229169,-0.422847,-12.857523,-1.0780532,-13.331648,-1.7800826,-13.639597,-2.5077198,-13.776075,-3.2388432
15,-34,17.047388,5.2733755,16.845568,6.1316967,16.47832,6.9314966,15.964915,7.658096,15.328316,8.301387,14.593834,8.856188,13.787762,9.322294,12.935991,9.704229,12.0627575,10.010687,11.189498,10.253729,10.33399,10.447786,9.509711,10.608516,8.725529,10.751603,7.985675,10.891579,7.290038,11.040711,6.634718,11.208081,6.012797,11.39885,5.415309,11.613823,4.8322825,11.849267,4.2538295,12.097078,3.6711848,12.345226,3.0776417,12.578457,2.4692857,12.779263,1.8455378,12.928982,1.2093931,13.009044,0.56740654,13.002199,-0.07060272,12.893735,-0.69214207,12.672551,-1.2828186,12.332032,-1.8273363,11.8707,-2.3105764,11.29253,-2.7187257,10.607002,-3.0403984,9.828777,-3.2676175,8.977103,-3.3966599,8.074912,-3.4286368,7.1477156,-3.3698275,6.2223086,-3.2316844,5.3253913,-3.0305295,4.482182,-2.7869532,3.7150803,-2.5249171,3.0424943,-2.2706282,2.4778492,-2.0512378,2.0288956,-1.8934386,1.6973212,-1.822026,1.4786758,-1.8585249,1.3626652,-2.019947,1.333745,-2.3177562,1.3720149,-2.7570982,1.454346,-3.336363,1.5556839,-4.047064,1.6504446,-4.8741136,1.7139375,-5.796395,1.7237141,-6.7877016,1.6607856,-7.8179164,1.5106255,-8.85438,1.2639124,-9.86345,0.9169596,-10.812036,0.4718302,-11.669166,-0.063896425,-12.4074,-0.6776593,-13.004035,-1.3527215,-13.442108,-2.0692363,-13.711036,-2.8054283,-13.806951,-3.5389202
16,-33,17.13177,5.677287,16.873007,6.526709,16.451427,7.31077,15.887463,8.015644,15.20497,8.632237,14.429899,9.1564865,13.588897,9.589341,12.707943,9.936448,11.811093,10.207535,10.919407,10.415558,10.050098,10.575667,9.215979,10.704035,8.425179,10.81664,7.681203,10.928092,6.9832625,11.050551,6.3268805,11.192817,5.704708,11.359659,5.107508,11.551403,4.5252185,11.763831,3.9480362,11.98838,3.3674412,12.212642,2.7770982,12.421127,2.1735625,12.596243,1.5567595,12.71944,0.93018377,12.772448,0.30083275,12.738508,-0.3211554,12.603573,-0.9231134,12.357332,-1.4906781,11.994063,-2.008787,11.513209,-2.462784,10.919657,-2.8395402,10.2237,-3.1285439,9.440685,-3.3228633,8.590344,-3.419929,7.695865,-3.4220707,6.782738,-3.336778,5.877458,-3.1766422,5.006137,-2.9589891,4.1931353,-2.7052138,3.4597573,-2.4398303,2.8231173,-2.1893158,2.2952237,-1.980765,1.8823284,-1.8404931,1.5846311,-1.7926036,1.396275,-1.8576324,1.3057039,-2.0513473,1.2963247,-2.3837755,1.347459,-2.8584917,1.4355066,-3.4722595,1.535276,-4.214984,1.6213876,-5.070063,1.6696826,-6.01504,1.6585518,-7.0226054,1.5701058,-8.061811,1.3911179,-9.099501,1.113708,-10.101882,0.7356931,-11.03605,0.2606283,-11.871556,-0.30250037,-12.58178,-0.9398791,-13.145094,-1.6337309,-13.545805,-2.363428,-13.774717,-3.1067042,-13.829416,-3.8409965
17,-33,17.187712,6.0799274,16.871986,6.9173203,16.396517,7.6826315,15.78284,8.362956,15.055671,8.95027,14.241534,9.441668,13.367371,9.839284,12.459173,10.149897,11.54077,10.38427,10.632779,10.55625,9.751813,10.68168,8.9099655,10.777215,8.114616,10.859104,7.368514,10.942004,6.6701875,11.037933,6.0145817,11.15539,5.3939185,11.298719,4.7987003,11.467765,4.2187867,11.657808,3.6444666,11.859831,3.0674725,12.061056,2.4818442,12.245767,1.8845978,12.396301,1.2761544,12.494239,0.660489,12.521622,0.045009147,12.462192,-0.5598548,12.302569,-1.1413049,12.033236,-1.6850414,11.649343,-2.1762798,11.151232,-2.600862,10.544657,-2.946371,9.840689,-3.203194,9.055299,-3.3654528,8.20865,-3.4317307,7.324106,-3.4055588,6.42708,-3.2956066,5.5436964,-3.1155586,4.6994166,-2.883686,3.9176943,-2.6221209,3.2186983,-2.3558512,2.6182234,-2.1115353,2.1268437,-1.9161347,1.74933,-1.7955052,1.4844179,-1.772974,1.3248793,-1.8680233,1.2579558,-2.0951266,1.2660785,-2.4628332,1.3278702,-2.9731264,1.4193469,-3.621138,1.5152698,-4.395182,1.590551,-5.277182,1.6216514,-6.243387,1.5878729,-7.265444,1.4724858,-8.311661,1.2636145,-9.348468,0.9548479,-10.341995,0.5455179,-11.259622,0.04066673,-12.071498,-0.54933697,-12.751899,-1.2094662,-13.2803335,-1.9209564,-13.64242,-2.6624615,-13.830397,-3.411296,-13.843306,-4.144783
18,-33,17.214832,6.479712,16.84234,7.30194,16.313635,8.045519,15.651307,8.698523,14.880875,9.254057,14.029374,9.710407,13.123971,10.070916,12.190613,10.343507,11.252837,10.539979,10.330765,10.675045,9.440355,10.7652235,8.5929575,10.827626,7.795161,10.878729,7.0489492,10.933211,6.352156,11.002915,5.69915,11.096007,5.0817327,11.216393,4.4901514,11.363414,3.9141996,11.53184,3.34427,11.712203,2.7723534,11.891368,2.192866,12.0533905,1.6032803,12.180563,1.004501,12.254599,0.40096378,12.25787,-0.19953991,12.174633,-0.78632015,11.992167,-1.3464849,11.701747,-1.8658358,11.2993765,-2.3299034,10.786272,-2.7250621,10.169019,-3.0396333,9.459417,-3.2649224,8.674009,-3.3961082,7.8333154,-3.4329252,6.960829,-3.3800838,6.081803,-3.2473948,5.2219357,-3.049594,4.405983,-2.805836,3.6564398,-2.5389113,2.9923005,-2.2742147,2.4280286,-2.0384974,1.9727534,-1.8585014,1.6297761,-1.7595409,1.396397,-1.7640991,1.2640663,-1.8905373,1.2188823,-2.1519842,1.2423749,-2.5554786,1.3125495,-3.1013968,1.4051275,-3.7832417,1.4949135,-4.5877547,1.5572009,-5.495425,1.5691483,-6.4812675,1.5110415,-7.515949,1.3673737,-8.567115,1.1276568,-9.60086,0.7869744,-10.583336,0.34618556,-11.48228,-0.18819149,-12.268531,-0.80444163,-12.917324,-1.48636,-13.409367,-2.21425,-13.731636,-2.966121,-13.877822,-3.7189384,-13.848445,-4.449982
19,-32,17.212872,6.87504,16.78404,7.6789823,16.202967,8.397886,15.4932575,9.020874,14.681162,9.542219,13.79417,9.961447,12.859603,10.2831135,11.903297,10.516304,10.948438,10.67384,10.01459,10.771286,9.117021,10.825812,8.266291,10.854947,7.4681735,10.875365,6.723877,10.901731,6.030527,10.945673,5.381922,11.015002,4.7694445,11.113157,4.1831045,11.238964,3.6126382,11.3866825,3.0485518,11.546382,2.4831018,11.704573,1.9110845,11.845103,1.330423,11.950228,0.7424949,12.001812,0.15217577,11.982564,-0.43238437,11.877259,-1.0002676,11.673845,-1.5385227,11.364371,-2.033089,10.945682,-2.4698474,10.419841,-2.8357358,9.794221,-3.1198363,9.081306,-3.3143883,8.298153,-3.415634,7.4655895,-3.424444,6.607156,-3.3466854,5.7478943,-3.1932764,4.9130106,-2.979949,4.1265016,-2.7266777,3.40986,-2.4568439,2.780876,-2.196162,2.2526612,-1.9713976,1.832904,-1.8089898,1.5234505,-1.7336335,1.320202,-1.766895,1.2133367,-1.9259571,1.1878749,-2.222557,1.2245202,-2.662194,1.3007463,-3.2436256,1.3920693,-3.9587355,1.4734274,-4.7927217,1.520581,-5.7246776,1.511467,-6.728442,1.4274244,-7.773781,1.2542205,-8.82775,0.9827972,-9.856203,0.60975474,-10.825397,0.13747695,-11.703513,-0.42605838,-12.462156,-1.0678142,-13.077594,-1.7704631,-13.531786,-2.5134382,-13.813107,-3.274165,-13.916729,-4.0293345,-13.844652,-4.756264
20,-32,17.181711,7.2643113,16.69719,8.046876,16.06483,8.738222,15.309204,9.328581,14.457235,9.813442,13.536785,10.193593,12.575273,10.474835,11.598354,10.667405,10.628794,10.785138,9.685553,10.844433,8.7831545,10.863073,7.931339,10.85898,7.1350455,10.848988,6.3946757,10.847696,5.706658,10.8665,5.064216,10.912819,4.4583235,10.989603,3.8787663,11.095145,3.3152328,11.223186,2.7583582,11.363334,2.2006695,11.501751,1.6373465,11.622087,1.0667583,11.706568,0.49074322,11.737223,-0.08540094,11.697112,-0.65319157,11.571533,-1.201513,11.349097,-1.7173886,11.022622,-2.1869297,10.589772,-2.5964003,10.053425,-2.933329,9.421709,-3.1875815,8.707739,-3.3523412,7.929032,-3.4249117,7.1066556,-3.4072883,6.264147,-3.3064668,5.4262657,-3.1344347,4.617671,-2.9078593,3.8615496,-2.647474,3.1783504,-2.3771818,2.584639,-2.1229289,2.0921535,-1.9114168,1.7071548,-1.7687008,1.4300526,-1.7187805,1.2553877,-1.782236,1.172121,-1.9750141,1.1642629,-2.3074253,1.2117689,-2.783401,1.2916679,-3.4000747,1.3793612,-4.147725,1.4500079,-5.0100384,1.4799216,-5.964761,1.4478961,-6.9846187,1.3363898,-8.038549,1.1324892,-9.09311,0.828606,-10.113988,0.42287278,-11.067642,-0.080808274,-11.922787,-0.6730211,-12.65186,-1.3394352,-13.232235,-2.0616612,-13.647171,-2.8183243,-13.886484,-3.5863316,-13.946843,-4.342174,-13.831737,-5.063292
21,-32,17.121374,7.6459365,16.582024,8.404075,15.899677,9.065055,15.099795,9.62027,14.209908,10.066475,13.258195,10.4057455,12.272086,10.645132,11.276993,10.796025,10.2952,10.873263,9.345011,10.8940525,8.440153,10.876758,7.589518,10.839651,6.7971807,10.799687,6.062736,10.771371,5.3819017,10.765816,4.7473354,10.790024,4.1496115,10.846435,3.5783024,10.932793,3.0230646,11.042309,2.4746735,11.164129,1.925937,11.284075,1.3724184,11.385597,0.8129306,11.45092,0.24976051,11.462238,-0.3113899,11.402972,-0.86173,11.25895,-1.3899754,11.019439,-1.8831563,10.678019,-2.327588,10.233148,-2.709949,9.688494,-3.0183833,9.052894,-3.243558,8.340049,-3.3796082,7.5678797,-3.4248931,6.7576327,-3.3825195,5.9327793,-3.2605803,5.117743,-3.0720844,4.336576,-2.8345857,3.6116104,-2.5695055,2.962217,-2.301189,2.4037082,-2.055741,1.9464498,-1.8597155,1.5952795,-1.7387028,1.3491993,-1.7159324,1.2014314,-1.8109367,1.1397791,-2.0383775,1.147314,-2.4070957,1.203323,-2.9194412,1.2844793,-3.5709236,1.366158,-4.3502336,1.4238304,-5.239579,1.4344448,-6.2154164,1.3777264,-7.249425,1.237313,-8.309792,1.0016618,-9.362656,0.66467893,-10.373641,0.2260397,-11.309483,-0.30883873,-12.139513,-0.9291265,-12.837088,-1.6192499,-13.380738,-2.359804,-13.755081,-3.128671,-13.9514,-3.9023206,-13.967887,-4.657123,-13.8095045,-5.3707066
22,-32,17.03201,8.018339,16.438923,8.749065,15.708082,9.376961,14.865791,9.894635,13.940118,10.300146,12.959473,10.596878,11.95124,10.793147,10.940507,10.901488,9.949023,10.937724,8.99437,10.919833,8.089451,10.866735,7.242264,10.797009,6.456004,10.727686,5.7294474,10.673136,5.057599,10.644156,4.4325566,10.647299,3.8445091,10.684469,3.282828,10.752846,2.7371545,10.845099,2.198416,10.949918,1.6597091,11.05278,1.1169859,11.136961,0.5694971,11.18467,0.01996923,11.178298,-0.52550995,11.10163,-1.057865,10.941016,-1.5656718,10.686392,-2.0359967,10.332071,-2.455392,9.877299,-2.8109748,9.326488,-3.0915287,8.689149,-3.2885368,7.9795184,-3.3970892,7.2158666,-3.4165998,6.4195666,-3.3512583,5.6139555,-3.210223,4.8230667,-3.0074809,4.070295,-2.76141,3.3770726,-2.4940543,2.7616634,-2.230122,2.2381043,-1.9958035,1.8153952,-1.8174173,1.4969571,-1.7200152,1.280419,-1.7259856,1.1577319,-1.8537533,1.1156027,-2.1166458,1.1362368,-2.5220046,1.1983373,-3.0705855,1.278309,-3.7562776,1.3515917,-4.566207,1.3940556,-5.4811473,1.3833662,-6.4763203,1.3002504,-7.522427,1.1295835,-8.58699,0.86123633,-9.635816,0.49063265,-10.634546,0.018997394,-11.550293,-0.54674983,-12.353083,-1.1943955,-13.01726,-1.907168,-13.522582,-2.6647067,-13.85506,-3.4442198,-14.007482,-4.2218146,-13.979562,-4.9738154,-13.777758,-5.6781225
23,-31,16.913904,8.379973,16.268381,9.080379,15.4907465,9.672574,14.608074,10.15044,13.648896,10.513365,12.641791,10.766071,11.614008,10.918135,10.590257,10.983232,9.591678,10.97814,8.635085,10.921585,7.7325077,10.832998,6.891026,10.731223,6.112935,10.633323,5.3961816,10.553493,4.73506,10.502172,4.121117,10.485435,3.5441668,10.504622,2.9933996,10.556336,2.4584541,10.632699,1.9304237,10.7219305,1.4027047,10.809183,0.87163985,10.877551,0.33691666,10.909262,-0.19831084,10.886887,-0.7275851,10.794591,-1.2415695,10.61926,-1.7287256,10.351473,-2.1761863,9.986281,-2.5707667,9.523677,-2.9000514,8.968798,-3.153483,8.331787,-3.3233697,7.627363,-3.4057615,6.874095,-3.4011092,6.093416,-3.314669,5.308483,-3.1566274,4.54288,-2.941897,3.8192954,-2.6896229,3.1582234,-2.4224007,2.5767937,-2.1652272,2.0877569,-1.9442937,1.6987427,-1.7856107,1.411782,-1.7136127,1.2231627,-1.749782,1.1236178,-1.9113762,1.0988207,-2.2103486,1.130189,-2.652516,1.1959263,-3.2370281,1.2722569,-3.9561663,1.3347753,-4.7955203,1.3598372,-5.7344756,1.3259044,-6.7470794,1.2147727,-7.8031325,1.01261,-8.869571,0.71073705,-9.911958,0.30611596,-10.89605,-0.19847824,-11.789414,-0.7946409,-12.562857,-1.4688092,-13.191781,-2.2030642,-13.657226,-2.9761503,-13.946641,-3.7646754,-14.054346,-4.544461,-13.981588,-5.2918663,-13.736292,-5.9851346
24,-31,16.767485,8.729335,16.07103,9.3966,15.248488,9.950597,14.327632,10.386528,13.337384,10.705139,12.306407,10.912501,11.261752,11.01946,10.227667,11.040808,9.22463,10.994257,8.268638,10.899245,7.3708024,10.775665,6.5372605,10.6425905,5.7693872,10.517063,5.064291,10.41306,4.4155645,10.340631,3.8142087,10.305326,3.249681,10.307914,2.7110066,10.344389,2.1878395,10.406322,1.6714538,10.481473,1.1555539,10.554654,0.63687974,10.608806,0.11555076,10.626159,-0.4048594,10.589502,-0.9175409,10.483377,-1.4129162,10.295193,-1.87936,10.016186,-2.3040972,9.642113,-2.6742344,9.173703,-2.9778438,8.616775,-3.205045,7.9820676,-3.3489819,7.284733,-3.4066606,6.5435805,-3.3795538,5.7800593,-3.2739618,5.0170827,-3.1010551,4.277731,-2.8766246,3.583947,-2.6205196,2.9552515,-2.355812,2.4076104,-2.107722,1.9524906,-1.9023521,1.5961509,-1.7653326,1.3392576,-1.7204094,1.1767992,-1.788093,1.0983446,-1.984422,1.0886017,-2.319934,1.1282773,-2.7989056,1.1951641,-3.4188757,1.2653941,-4.170529,1.3148046,-5.0379596,1.3203229,-5.999213,1.2612826,-7.0272255,1.1206126,-8.090973,0.88582265,-9.156896,0.5497177,-10.190398,0.11081178,-11.157444,-0.42657351,-12.026142,-1.0525708,-12.768165,-1.7523082,-13.360025,-2.506771,-13.78411,-3.2938771,-14.02935,-4.0897074,-14.091605,-4.8698754,-13.97366,-5.6108546,-13.684904,-6.2913103
25,-31,16.593296,9.06496,15.847623,9.696372,14.982248,10.209811,14.025563,10.601829,13.006812,10.874569,11.954663,11.03546,10.895889,11.0966015,9.854213,11.07389,8.849387,10.985944,7.8965406,10.85287,7.0058312,10.694984,6.18242,10.5315275,5.426753,10.379491,4.735099,10.252576,4.100348,10.160403,3.5129724,10.107979,2.9620855,10.095453,2.4365683,10.118216,1.9261082,10.167269,1.4221758,10.229908,0.9187952,10.290623,0.41310635,10.33219,-0.09433932,10.336874,-0.59955907,10.287674,-1.0954051,10.169511,-1.5720811,9.970334,-2.017898,9.682014,-2.4201996,9.301009,-2.7664056,8.828749,-3.0451002,8.271711,-3.2470918,7.64118,-3.3663654,6.9526978,-3.400878,6.225263,-3.3531134,5.4802833,-3.2303782,4.740374,-3.0447915,4.0280695,-2.8129644,3.3645196,-2.5553896,2.7682426,-2.295547,2.2540255,-2.058793,1.8320373,-1.8710808,1.5071912,-1.7575746,1.27881,-1.7412622,1.1406268,-1.8416213,1.081104,-2.073427,1.0840583,-2.4457724,1.1295671,-2.9613657,1.1950936,-3.6161456,1.2567707,-4.3992257,1.290768,-5.293231,1.2746624,-6.274926,1.1887347,-7.316209,1.0171081,-8.385312,0.74867976,-9.448257,0.3777653,-10.470395,-0.095558345,-11.417979,-0.66543305,-12.259744,-1.3205558,-12.968295,-2.044788,-13.52135,-2.8180804,-13.902668,-3.6175897,-14.102698,-4.418947,-14.118862,-5.197639,-13.95549,-5.930336,-13.6234045,-6.5961986
26,-31,16.39202,9.385446,15.5990305,9.978416,14.693066,10.4490795,13.703064,10.795377,12.658498,11.020868,11.587967,11.134343,10.517896,11.149153,9.471413,11.082276,8.467483,10.953196,7.520315,10.782649,6.6390796,10.591321,5.827942,10.3985815,5.0864015,10.221305,4.4098854,10.072886,3.7905953,9.96247,3.2184815,9.894483,2.6823413,9.868442,2.1709208,9.879102,1.6739691,9.9169,1.1831667,9.968658,0.6928673,10.018553,0.2006208,10.049207,-0.29259628,10.042925,-0.7823964,9.982921,-1.261309,9.854512,-1.7193421,9.646175,-2.1447604,9.35041,-2.5250554,8.96436,-2.8479793,8.490134,-3.1026473,7.9348307,-3.2805696,7.310239,-3.376573,6.6322465,-3.3895602,5.919988,-3.3230026,5.194774,-3.185186,4.478876,-2.9891286,3.7942364,-2.752213,3.1611748,-2.4955053,2.5971744,-2.2428267,2.1158395,-2.0195932,1.7260349,-1.851528,1.4313432,-1.7632598,1.2297786,-1.7769523,1.1138672,-1.9109939,1.0710273,-2.1788511,1.0842556,-2.5881426,1.1330829,-3.1400037,1.1947323,-3.8287756,1.2454256,-4.642025,1.2617493,-5.560957,1.2220134,-6.5611115,1.1075138,-7.6134205,0.9036254,-8.685454,0.600673,-9.74291,0.19450668,-10.751168,-0.31322986,-11.676867,-0.9151559,-12.4894495,-1.5985647,-13.162538,-2.3461003,-13.675094,-3.136738,-14.012319,-3.9469485,-14.166196,-4.751989,-14.135731,-5.5273023,-13.92678,-6.249832,-13.551589,-6.899314
27,-31,16.16445,9.68945,15.3262415,10.241527,14.382093,10.667352,13.361415,10.966296,12.293835,11.143352,11.2078,11.208671,10.129308,11.17684,9.080823,11.06589,8.080469,10.896134,7.1414895,10.688891,6.2720294,10.465171,5.47524,10.244411,4.749664,10.043326,4.089888,9.8749485,3.487433,9.747913,2.9317484,9.666029,2.4113307,9.628158,1.9148202,9.628406,1.4320424,9.6566305,0.95490766,9.699193,0.47811326,9.739947,-0.00037861205,9.761381,-0.4791627,9.74584,-0.953458,9.67677,-1.4154857,9.539885,-1.8550714,9.32418,-2.2604628,9.022789,-2.6193137,8.633511,-2.9197361,8.159118,-3.1513877,7.60729,-3.3064895,6.9902816,-3.3807132,6.3242803,-3.3738933,5.6285048,-3.2904692,4.924122,-3.1396697,4.23301,-2.9353693,3.5764744,-2.6956615,2.9739728,-2.442124,2.441934,-2.1988401,1.9927573,-1.9912239,1.6340258,-1.844681,1.3679978,-1.7832439,1.1914257,-1.8281841,1.0956749,-1.9967506,1.0671859,-2.3010602,1.0882109,-2.747234,1.1378168,-3.3348303,1.1930758,-4.0566053,1.2303858,-4.8986096,1.2268363,-5.840677,1.1615468,-6.8571835,1.0168954,-7.9181724,0.77956086,-8.990638,0.44133192,-10.040041,-0.0003886624,-11.031886,-0.5423915,-11.93328,-1.1757925,-12.714465,-1.8865181,-13.350142,-2.6560464,-13.820584,-3.4624445,-14.112469,-4.281569,-14.219349,-5.0883856,-14.14181,-5.8583736,-13.887243,-6.5688357,-13.469273,-7.20015
28,-31,15.911502,9.975709,15.030339,10.484584,14.050566,10.863679,13.001981,11.113825,11.914286,11.241454,10.81569,11.258082,9.7316885,11.179506,8.68402,11.024781,7.6899095,10.81501,6.7615843,10.572038,5.9061437,10.317149,5.1256957,10.069796,4.417824,9.846477,3.7762823,9.659821,3.191918,9.5179,2.6537027,9.423885,2.149853,9.37595,1.6689277,9.367543,1.2008504,9.387936,0.7377793,9.4230175,0.2747699,9.456338,-0.1897975,9.470248,-0.6540891,9.447156,-1.1129375,9.370737,-1.5582672,9.227099,-1.9797428,9.005779,-2.3656106,8.700509,-2.7037117,8.309747,-2.9825325,7.836885,-3.1922894,7.290162,-3.3259199,6.682255,-3.379938,6.0296016,-3.3550978,5.3514624,-3.2567816,4.668811,-3.0951233,4.0030847,-2.8848078,3.374915,-2.6445808,2.8028662,-2.396465,2.3022947,-2.1647394,1.8843919,-1.9747324,1.5554606,-1.851472,1.3164712,-1.8183154,1.1629448,-1.8955888,1.0851464,-2.0993497,1.0686046,-2.4403343,1.0949055,-2.9231465,1.1427366,-3.545768,1.1891071,-4.2993865,1.2106782,-5.168573,1.1851254,-6.131842,1.0924526,-7.162478,0.91618323,-8.229711,0.6443474,-9.300037,0.27022904,-10.338787,-0.2072035,-11.311673,-0.78318095,-12.1863575,-1.4473403,-12.933969,-2.1842835,-13.530344,-2.9743779,-13.957134,-3.7948506,-14.202529,-4.621023,-14.261668,-5.4276514,-14.136725,-6.1903343,-13.836602,-6.88681,-13.376282,-7.498177
29,-31,15.634203,10.243038,14.712519,10.706565,13.6998205,11.037219,12.62621,11.237315,11.521374,11.3147335,10.413212,11.28234,9.326637,11.157126,8.2825985,10.959132,7.2973604,10.710197,6.382108,10.432651,5.5428495,10.147991,4.7806463,9.875626,4.0921125,9.631791,3.4701793,9.428653,2.9050345,9.273695,2.3851933,9.1694,1.8986182,9.113241,1.4338088,9.097988,0.98081493,9.112319,0.5320588,9.141664,0.08297068,9.169263,-0.36764714,9.177349,-0.8175274,9.148386,-1.2611266,9.066302,-1.690086,8.917604,-2.0939193,8.692352,-2.460898,8.384881,-2.7790632,7.9942813,-3.0372975,7.524547,-3.226384,6.9844356,-3.33998,6.387013,-3.375441,5.7489204,-3.3344223,5.0894117,-3.2232234,4.429219,-3.052843,3.7893052,-2.838728,3.189585,-2.6002183,2.647705,-2.3597116,2.1779325,-2.1416187,1.7902552,-1.9711039,1.4897038,-1.8727514,1.275993,-1.8691752,1.1434565,-1.9797006,1.0813159,-2.219153,1.074259,-2.596853,1.1032846,-3.1158764,1.1467866,-3.7726374,1.1817986,-4.556774,1.1853317,-5.451419,1.1357285,-6.4338255,1.0139472,-7.4762564,0.80471426,-8.547205,0.49745792,-9.61277,0.08698462,-10.638234,-0.42617106,-11.58961,-1.0356843,-12.435207,-1.7297417,-13.147108,-2.4916723,-13.702369,-3.3007956,-14.084054,-4.1335583,-14.281902,-4.964837,-14.292663,-5.769261,-14.120094,-6.5226264,-13.774585,-7.2031846,-13.272447,-7.7928343
30,-31,15.333683,10.490337,14.374066,10.906544,13.331266,11.187239,12.235605,11.336234,11.116673,11.362865,10.001975,11.281336,8.915772,11.109803,7.8781524,10.869244,6.9043784,10.582197,6.0045443,10.271416,5.1835446,9.958547,4.4413805,9.662903,3.7737021,9.400399,3.1726198,9.182692,2.6276867,9.016632,2.1269822,8.903987,1.6582407,8.841499,1.209934,8.821255,0.7722576,8.831328,0.3379222,8.8566885,-0.09725575,8.880279,-0.5340399,8.884216,-0.96973336,8.851041,-1.3984187,8.764932,-1.8114648,8.612801,-2.1982546,8.385228,-2.5470982,8.077148,-2.8462574,7.6882586,-3.0850215,7.223132,-3.2547529,6.6910143,-3.3498325,6.1053143,-3.3684447,5.4828386,-3.3131318,4.8427906,-3.1910794,4.205619,-3.0141134,3.5917654,-2.7983897,3.0204027,-2.5637817,2.5082333,-2.333004,2.0684292,-2.1305168,1.7097696,-1.9812577,1.4360381,-1.9092938,1.2457225,-1.9364411,1.1320201,-2.080968,1.0831693,-2.3564248,1.083088,-2.7706985,1.1122701,-3.3253298,1.1489017,-4.015164,1.1701256,-4.8283305,1.1533896,-5.746564,1.0777799,-6.7459173,0.9252787,-7.7977014,0.6818706,-8.869764,0.33841854,-9.9279,-0.10872844,-10.937421,-0.6574608,-11.864745,-1.2999213,-12.678911,-2.0228813,-13.353027,-2.8084412,-13.865429,-3.6349354,-14.20065,-4.4781184,-14.350003,-5.3124895,-14.311857,-6.112638,-14.091552,-6.8546467,-13.700939,-7.5173593,-13.157622,-8.083539
31,-31,15.011165,10.716607,14.016346,11.083705,12.94638,11.313115,11.83173,11.41017,10.7017975,11.385655,9.583613,11.25509,8.500717,11.037764,7.4722743,10.755554,6.512492,10.431638,5.6303344,10.08913,4.8295717,9.749776,4.109126,9.43273,3.4636872,9.153523,2.8845637,8.9232645,2.3606873,8.748119,1.8797344,8.629117,1.4292358,8.562246,0.9976668,8.538888,0.575393,8.54652,0.15543501,8.569649,-0.2659863,8.590924,-0.68919605,8.592362,-1.1110619,8.556587,-1.525301,8.468038,-1.9230212,8.314033,-2.2934856,8.085673,-2.6250625,7.778476,-2.906248,7.392736,-3.126754,6.933575,-3.2785268,6.4106956,-3.3566728,5.837814,-3.3601954,5.2318544,-3.2925014,4.6119337,-3.1616337,3.9981706,-2.9802048,3.4104543,-2.765025,2.8671806,-2.536443,2.3840961,-2.3174217,1.9732649,-2.1324034,1.642267,-2.0060332,1.3936641,-1.9617925,1.2247505,-2.0206401,1.1276371,-2.199741,1.0896457,-2.5113354,1.0939986,-2.9618564,1.1207639,-3.5513067,1.1480064,-4.2729826,1.1530681,-5.1135287,1.1139109,-6.0533404,1.0104415,-7.06733,0.82573164,-8.125936,0.5470759,-9.196447,0.16680227,-10.244436,-0.31718287,-11.235353,-0.9011903,-12.136101,-1.5758592,-12.916528,-2.3265853,-13.550849,-3.1342897,-14.018737,-3.9763901,-14.306228,-4.828032,-14.406245,-5.663417,-14.318782,-6.4571743,-14.050745,-7.1857667,-13.615427,-7.828709,-13.03167,-8.369684
32,-31,14.667973,10.92095,13.640804,11.237338,12.54671,11.414347,11.416197,11.458837,10.278396,11.383033,9.159784,11.203752,8.083103,10.94137,7.0665407,10.618623,6.123201,10.259263,5.2608876,9.886713,4.4822216,9.522749,3.7850451,9.186304,3.1630936,8.892478,2.606885,8.651771,2.1047623,8.469637,1.6440187,8.346319,1.2120188,8.2770405,0.7972675,8.252468,0.39033067,8.259474,-0.015438855,8.282107,-0.42340246,8.302734,-0.8334335,8.303282,-1.2419667,8.266464,-1.6423547,8.176989,-2.025455,8.022591,-2.3804278,7.7948837,-2.6957104,7.4899583,-2.9600513,7.108688,-3.163594,6.6567225,-3.2988753,6.1441846,-3.361723,5.585061,-3.3519511,4.9963613,-3.2738066,4.3970633,-3.1361585,3.8069263,-2.952359,3.2452486,-2.7398257,2.7296295,-2.5193193,2.2748382,-2.3139825,1.891829,-2.1481805,1.5870006,-2.046192,1.3617115,-2.030848,1.2121032,-2.1222026,1.1292598,-2.336268,1.0996474,-2.6839473,1.1058704,-3.1702042,1.1276549,-3.793504,1.1430287,-4.5456142,1.1296163,-5.4117403,1.0659782,-6.370981,0.9329117,-7.397185,0.71463776,-8.459995,0.39980564,-9.52623,-0.017759603,-10.561332,-0.53858256,-11.530982,-1.1574098,-12.402653,-1.8633964,-13.147095,-2.6406066,-13.739684,-3.4688458,-14.161491,-4.3246865,-14.400102,-5.1827383,-14.450061,-6.0169954,-14.312991,-6.802219,-13.997349,-7.515322,-13.517832,-8.136567,-12.894488,-8.650637
33,-31,14.305498,11.102568,13.248954,11.366849,12.133851,11.490556,10.990651,11.482074,9.848133,11.35506,8.732139,11.127594,7.664546,10.821108,6.662502,10.459128,5.7379665,10.065935,4.8975534,9.66519,4.1427193,9.278632,3.4702232,8.924917,2.872856,8.618651,2.3403676,8.369684,1.8605332,8.182704,1.4203004,8.057157,1.0068967,7.987468,0.6088891,7.9635835,0.21707238,7.9717655,-0.17484468,7.99561,-0.56978923,8.01722,-0.9671726,8.018423,-1.3629954,7.9820576,-1.7502494,7.8930974,-2.1195498,7.7396913,-2.4599686,7.5139737,-2.7600257,7.212596,-3.008736,6.836993,-3.1966815,6.393315,-3.3169963,5.8920765,-3.3662238,5.3474984,-3.3449743,4.7766356,-3.2583137,4.19829,-3.1159027,3.631828,-2.9317865,3.0959215,-2.7239377,2.6073546,-2.5134692,2.1799073,-2.32364,1.8234266,-2.1786683,1.5431414,-2.1023986,1.3392354,-2.1169693,1.2067525,-2.2414591,1.1357939,-2.490698,1.1120452,-2.8742237,1.1175673,-3.3955202,1.1318283,-4.0515237,1.132904,-4.8325014,1.098785,-5.7222548,1.0087073,-6.6986537,0.844429,-7.7345457,0.5913758,-8.798866,0.23959303,-9.858053,-0.21557342,-10.87751,-0.7730739,-11.823238,-1.4261041,-12.663375,-2.162367,-13.3696375,-2.9646432,-13.918643,-3.8116868,-14.29291,-4.6792984,-14.481597,-5.5416346,-14.480896,-6.3725686,-14.29405,-7.1470776,-13.931051,-7.842611,-13.407968,-8.440252,-12.745987,-8.925742
34,-31,13.925216,11.260785,12.842364,11.471768,11.709438,11.541485,10.556768,11.479848,9.412688,11.301925,8.30233,11.027024,7.2466397,10.677584,6.2616715,10.277874,5.358199,9.852629,4.5416207,9.425687,3.8122149,9.018686,3.1656632,8.649942,2.5938213,8.333505,2.085695,8.078526,1.6285241,7.8888984,1.2089391,7.763227,0.81406933,7.695133,0.4325759,7.673824,0.05551283,7.684959,-0.32303149,7.7116885,-0.7055323,7.735846,-1.0909299,7.739201,-1.4747856,7.7046967,-1.8497361,7.6176,-2.2061636,7.466479,-2.5330615,7.243975,-2.819048,6.9473,-3.053414,6.578429,-3.2271907,6.1439905,-3.3341084,5.6548576,-3.3714235,5.1254563,-3.3405244,4.5728436,-3.247274,4.015617,-3.1020827,3.4727054,-2.919653,2.9621398,-2.718449,2.4998615,-2.5198815,2.098657,-2.347265,1.7672738,-2.2245948,1.5097829,-2.1752381,1.3252381,-2.220561,1.2076172,-2.3786345,1.1461079,-2.6630683,1.1256832,-3.0820165,1.1279411,-3.637473,1.1321707,-4.3248606,1.1165816,-5.132981,1.0596138,-6.04427,0.94125116,-7.0354314,0.74427915,-8.078396,0.45538047,-9.141473,0.066032566,-10.1908,-0.42687953,-11.191845,-1.0207316,-12.111023,-1.7071877,-12.917209,-2.472535,-13.583176,-3.2983234,-14.086842,-4.162323,-14.4122095,-5.0396414,-14.550051,-5.904061,-14.498211,-6.729427,-14.261554,-7.4910192,-13.851571,-8.1669,-13.285662,-8.739049,-12.586112,-9.194329
35,-31,13.528662,11.395034,12.422656,11.5517435,11.275148,11.567008,10.11624,11.452258,8.973742,11.223943,7.871995,10.902573,6.8309526,10.511531,5.865524,10.075773,4.9852552,9.620427,4.194311,9.169433,3.4917846,8.744265,2.87228,8.362823,2.3267415,8.038563,1.8434523,7.7798777,1.4091506,7.589826,1.0101873,7.466153,0.63362813,7.401647,0.268265,7.3847857,-0.09455934,7.400612,-0.4603513,7.431841,-0.8311164,7.4600544,-1.205313,7.466967,-1.578062,7.435654,-1.9416456,7.35167,-2.286223,7.204013,-2.6007204,6.9858317,-2.8738656,6.6948857,-3.095237,6.333674,-3.2563202,5.909279,-3.3514447,5.4329085,-3.37857,4.9191523,-3.3398478,4.3850417,-3.2419095,3.8489308,-3.0958805,3.3292851,-2.9170704,2.843466,-2.724389,2.4065616,-2.539479,2.030358,-2.3856447,1.7225097,-2.2866094,1.4859601,-2.2651858,1.3186584,-2.3419254,1.2135731,-2.5338519,1.1590425,-2.853316,1.1393937,-3.307069,1.1358398,-3.895627,1.1275786,-4.6129136,1.0930352,-5.446287,1.011175,-6.376889,0.8628064,-7.3803167,0.6318017,-8.427651,0.30614752,-9.486665,-0.121214874,-10.5233,-0.6518476,-11.503174,-1.2815577,-12.393201,-2.0005014,-13.163084,-2.7935915,-13.786723,-3.6412063,-14.24339,-4.5202007,-14.51862,-5.405067,-14.604823,-6.269307,-14.5015,-7.0868187,-14.215123,-7.8332715,-13.7586565,-8.487424,-13.150788,-9.032223,-12.414836,-9.455708
36,-31,13.117418,11.504867,11.991487,11.606551,10.832671,11.567123,9.670763,11.399525,8.53296,11.121562,7.4427466,10.75489,6.419011,10.3238,5.475474,9.853855,4.6204224,9.370513,3.8567655,8.897742,3.1824107,8.456787,2.590893,8.065077,2.072265,7.7353983,1.6141168,7.4753532,1.2027209,7.28712,0.8241868,7.167565,0.46555436,7.1086283,0.11578472,7.098038,-0.2334612,7.1202426,-0.587256,7.1575203,-0.947121,7.191222,-1.3110182,7.203014,-1.6736276,7.176117,-2.026879,7.0963902,-2.3607147,6.9532595,-2.664009,6.7403865,-2.9256058,6.4560604,-3.135384,6.103294,-3.2852862,5.689602,-3.3702412,5.2264924,-3.3889048,4.7286935,-3.3441687,4.213175,-3.2434096,3.6980145,-3.0984285,3.2011888,-2.9250984,2.7393684,-2.7427142,2.326775,-2.573098,1.974196,-2.4394803,1.688202,-2.3652523,1.4706386,-2.3726141,1.3183866,-2.481263,1.2234637,-2.7071202,1.1734135,-3.0612602,1.1519955,-3.5490234,1.1401182,-4.169447,1.1169682,-4.914979,1.0612674,-5.771581,0.95258546,-6.7191453,0.77262264,-7.7322335,0.50639576,-8.781165,0.14323881,-9.833263,-0.3224172,-10.854359,-0.8905738,-11.810317,-1.5554801,-12.668636,-2.3058133,-13.399936,-3.1251593,-13.979302,-3.9927847,-14.387416,-4.884702,-14.611394,-5.774875,-14.645298,-6.63661,-14.490283,-7.4439473,-14.154411,-8.173029,-13.652095,-8.803392,-13.003249,-9.319015,-12.232164,-9.709171
37,-31,12.693128,11.589963,11.550548,11.636089,10.38372,11.541959,9.222034,11.3220005,8.091998,10.995345,7.0161614,10.584753,6.0122933,10.115348,5.0928793,9.613248,4.2649174,9.10416,3.530048,8.612019,2.8849885,8.157758,2.3222246,7.758273,1.830938,7.425636,1.3980594,7.1665974,1.009434,6.9824367,0.65096897,6.8690963,0.3097219,6.8176703,-0.025142604,6.8151355,-0.36160964,6.845339,-0.70429546,6.890144,-1.054214,6.9306703,-1.4088253,6.9485674,-1.7623599,6.927205,-2.1064017,6.852763,-2.4306836,6.715101,-2.7240336,6.5083814,-2.9754279,6.231429,-3.1750507,5.887748,-3.315309,5.4852643,-3.3917272,5.0357614,-3.4036438,4.554071,-3.3546784,4.057073,-3.2529173,3.5625396,-3.110803,3.0879335,-2.94472,2.6492155,-2.7743003,2.2597322,-2.6214867,1.929277,-2.5093772,1.6633537,-2.460966,1.4627326,-2.4977973,1.3232762,-2.6386547,1.236099,-2.898336,1.1880219,-3.2866127,1.1623089,-3.807407,1.1396422,-4.4582863,1.0992782,-5.230254,1.0203174,-6.1079183,0.88300747,-7.0699778,0.67000496,-8.090038,0.36752528,-9.137733,-0.033712693,-10.180026,-0.53776723,-11.1827345,-1.1430765,-12.112056,-1.8423475,-12.93617,-2.6228135,-13.626681,-3.4667838,-14.159933,-4.35248,-14.51807,-5.2551494,-14.689811,-6.14831,-14.670886,-7.0051594,-14.464111,-7.799973,-14.079111,-8.509452,-13.531701,-9.113985,-12.842978,-9.598646,-12.038141,-9.954001
38,-31,12.257461,11.650122,11.101544,11.640384,9.930004,11.491767,8.771737,11.220162,7.652478,10.845987,6.593774,10.393048,5.6122217,9.887247,4.719025,9.35518,3.9198723,8.822734,3.2151237,8.313733,2.6003132,7.8487353,2.0668905,7.4440336,1.6031957,7.110926,1.1955388,6.85528,0.8293746,6.677425,0.4904549,6.572377,0.16589426,6.530356,-0.15489924,6.537591,-0.4795232,6.577338,-0.8121108,6.6310525,-1.1531512,6.6796517,-1.499589,6.7047653,-1.8452048,6.6899443,-2.181237,6.62169,-2.4972165,6.4903007,-2.7819378,6.290454,-3.0245154,6.021486,-3.2154484,5.687384,-3.3476107,5.296461,-3.417118,4.860752,-3.4239838,4.3951664,-3.3725302,3.916461,-3.2715263,3.4420767,-3.1340175,2.9889417,-2.9768512,2.5722883,-2.8199458,2.2045865,-2.6853032,1.8946387,-2.5958376,1.6469048,-2.5740876,1.4611093,-2.6408908,1.3321425,-2.8140783,1.250273,-3.1072905,1.2016654,-3.528979,1.1691622,-4.0816464,1.1332992,-4.7614093,1.0734838,-5.557853,0.9692714,-6.454281,0.8016594,-7.428268,0.55432343,-8.452529,0.2147249,-9.496104,-0.22499868,-10.525684,-0.7673792,-11.507168,-1.4092948,-12.407177,-2.1419313,-13.194652,-2.951117,-13.842262,-3.8179412,-14.327663,-4.719646,-14.634518,-5.6307983,-14.753174,-6.5245557,-14.68104,-7.3740973,-14.422579,-8.154021,-13.988953,-8.84167,-13.397339,-9.418358,-12.669958,-9.870325,-11.832846,-10.1894655
39,-31,11.812108,11.685264,10.646194,11.61959,9.4732275,11.416925,8.321529,11.094608,7.2159834,10.674293,6.177066,10.180777,5.220147,9.640667,4.35512,9.080973,3.5863338,8.527679,2.9128659,8.004429,2.3290732,7.5313296,1.8253975,7.1240144,1.3893638,6.7929506,1.0066996,6.543074,0.66251755,6.37374,0.34245393,6.279008,0.033728957,6.2482285,-0.27396968,6.266875,-0.5878159,6.317624,-0.91143286,6.3815374,-1.2447673,6.4393377,-1.5842367,6.47267,-1.9231684,6.4652677,-2.252458,6.403973,-2.5614424,6.2795343,-2.8388906,6.0871286,-3.0740643,5.8266087,-3.2577865,5.50243,-3.3833992,5.1232696,-3.4476063,4.70139,-3.4510796,4.2517486,-3.3988276,3.7909546,-3.3002698,3.3360934,-3.169011,2.903537,-3.0223227,2.5077803,-2.880353,2.160413,-2.7651107,1.8692571,-2.6992629,1.6377457,-2.7048461,1.4645976,-2.8019435,1.3437763,-3.007397,1.2647669,-3.3336554,1.2131401,-3.7878466,1.1713961,-4.371058,1.1200033,-5.07797,1.0385975,-5.8967853,0.90726376,-6.809562,0.7078196,-7.7928095,0.42501557,-8.818432,0.047603995,-9.854964,-0.43083102,-10.86892,-1.011285,-11.826363,-1.6890832,-12.694432,-2.4539182,-13.442917,-3.2902577,-14.045613,-4.178029,-14.481554,-5.0935698,-14.735954,-6.010846,-14.80082,-6.9027457,-14.675243,-7.7425194,-14.365317,-8.505175,-13.883713,-9.16878,-13.248918,-9.7156515,-12.48421,-10.133243,-11.616403,-10.414834
40,-31,11.358784,11.695442,10.1862135,11.573981,9.01508,11.317941,7.8730407,10.94606,6.784052,10.481182,5.767458,9.949038,4.8373556,9.376874,4.002288,8.792027,3.2652543,8.220513,2.6240456,7.685706,2.0718572,7.207203,1.5981432,6.799905,1.1896545,6.4734035,0.83157694,6.231657,0.508725,6.073019,0.20667024,5.990578,-0.0872202,5.972796,-0.38293448,6.0044107,-0.6871903,6.0675173,-1.0030739,6.1428027,-1.3299692,6.210823,-1.6637574,6.253245,-1.9973085,6.254011,-2.3211794,6.200316,-2.624517,6.083355,-2.8960764,5.8988194,-3.1252782,5.647068,-3.3032691,5.3330026,-3.423865,4.9656544,-3.4843502,4.557486,-3.4860446,4.123479,-3.4346194,3.680071,-3.3401113,3.2439642,-3.2166502,2.830961,-3.0818787,2.4548085,-2.956131,2.1262205,-2.8613605,1.8520449,-2.8199391,1.6347189,-2.8533578,1.4719949,-2.9808893,1.3569535,-3.2183523,1.2783555,-3.5769968,1.2212547,-4.0626054,1.1678784,-4.674858,1.0987059,-5.4070277,0.9936796,-6.2459846,0.8334894,-7.1725783,0.6008335,-8.162336,0.28159383,-9.186433,-0.13414794,-10.212977,-0.65133846,-11.208398,-1.2694315,-12.139019,-1.9822135,-12.97259,-2.7779155,-13.6798115,-3.6396916,-14.235693,-4.546373,-14.620693,-5.47347,-14.821613,-6.3944316,-14.832133,-7.2819624,-14.65303,-8.109481,-14.292009,-8.8524885,-13.763213,-9.4898615,-13.086385,-10.004981,-12.285809,-10.386586,-11.388982,-10.629369
41,-32,10.899205,11.680827,9.723309,11.503962,8.557222,11.195435,7.427855,10.77535,6.358165,10.267685,5.3663025,9.699039,4.4650455,9.097223,3.6615605,8.489824,2.9574845,7.902808,2.3493266,7.359213,1.8291359,6.8780403,1.3854111,6.473412,1.004165,6.1539807,0.67008966,5.922695,0.36774856,5.776874,0.08269836,5.708624,-0.19750026,5.7055163,-0.4824698,5.751549,-0.7784368,5.8282595,-1.0879236,5.915977,-1.4097319,5.995104,-1.7391975,6.047357,-2.0687292,6.056905,-2.3885474,6.0113015,-2.68762,5.9022107,-2.9546921,5.7258267,-3.1793537,5.483011,-3.3530831,5.1791034,-3.470168,4.823467,-3.5284681,4.428743,-3.529939,4.0099163,-3.4808865,3.5832212,-3.3919404,3.1649678,-3.2777102,2.7703667,-3.1561725,2.4124174,-3.0477855,2.1009533,-2.9744005,1.841869,-2.9580545,1.6366377,-3.0196228,1.4820739,-3.1775417,1.3704354,-3.4465792,1.2898204,-3.8367634,1.2248338,-4.3525295,1.157505,-4.9921627,1.0684011,-5.7475615,0.9378473,-6.604298,0.7472063,-7.542085,0.4801202,-8.535532,0.12365018,-9.555166,-0.33075774,-10.568764,-0.8865632,-11.542762,-1.541679,-12.443831,-2.2883713,-13.240414,-3.1134455,-13.904209,-3.998798,-14.411493,-4.922229,-14.744205,-5.858502,-14.890764,-6.7806344,-14.846538,-7.661242,-14.613983,-8.473996,-14.202389,-9.194986,-13.627326,-9.803966,-12.909747,-10.285458,-12.0748625,-10.62953,-11.150788,-10.832332
42,-32,10.435084,11.641721,9.259165,11.410055,8.101277,11.050146,6.987504,10.58342,5.9397345,10.03493,4.974869,9.432072,4.1043262,8.803143,3.3338695,8.175909,2.6637707,7.5761957,2.0892613,7.026631,1.6012686,6.545558,1.1873679,6.146248,0.83287734,5.836374,0.52204454,5.61783,0.23922998,5.486884,-0.02996986,5.434637,-0.29775545,5.447781,-0.5733405,5.509575,-0.8624247,5.6010156,-1.1669422,5.7020936,-1.4850895,5.7930827,-1.8116522,5.85577,-2.1385696,5.874567,-2.4557345,5.8374104,-2.7519412,5.736429,-3.0159318,5.5683312,-3.2374778,5.3344703,-3.4083889,5.0406175,-3.523431,4.6964445,-3.5810292,4.3147554,-3.5837574,3.910511,-3.5385413,3.4997277,-3.456563,3.098299,-3.3528812,2.7208343,-3.2457523,2.3795824,-3.1557162,2.0835018,-3.1044776,1.8375583,-3.1136687,1.6422794,-3.2035255,1.4935926,-3.3916082,1.3829876,-3.691602,1.297957,-4.1122985,1.2227287,-4.656795,1.1392115,-5.3219953,1.0281337,-6.098454,0.87027633,-6.9705,0.6477421,-7.916765,0.34517422,-8.911018,-0.049142174,-9.92323,-0.5423672,-10.920924,-1.1364611,-11.870634,-1.8278005,-12.739484,-2.607157,-13.496679,-3.4599524,-14.114991,-4.3668804,-14.572029,-5.304785,-14.851252,-6.2477612,-14.942721,-7.168485,-14.84351,-8.0395775,-14.557729,-8.835051,-14.096235,-9.531664,-13.475986,-10.110137,-12.719063,-10.556185,-11.8515415,-10.861257,-10.9020815,-11.022995
43,-32,9.968123,11.578534,8.795438,11.292899,7.6488285,10.88293,6.553469,10.371322,5.53011,9.784146,4.594352,9.149517,3.7562184,8.496146,3.0200527,7.8518877,2.384755,7.242354,1.8442934,6.689679,1.3885025,6.211485,1.0040684,5.8201284,0.675663,5.522257,0.38713816,5.3186774,0.12270908,5.2045817,-0.13194034,5.1700625,-0.38872007,5.2009196,-0.6563932,5.279698,-0.94009715,5.3868628,-1.2411491,5.5020933,-1.5571271,5.605558,-1.8822522,5.6791396,-2.207998,5.7075114,-2.5239272,5.679002,-2.8186712,5.586226,-3.0809803,5.4264007,-3.30081,5.2013683,-3.4703138,4.9173193,-3.5847287,4.584221,-3.6430416,4.2150164,-3.6484308,3.8246253,-3.6084135,3.4288223,-3.534699,3.0430725,-3.4427521,2.6813755,-3.3510666,2.3552237,-3.2802157,2.072714,-3.2517095,1.8379027,-3.2867315,1.6504043,-3.4048362,1.5053061,-3.622671,1.3933796,-3.952825,1.3015814,-4.4028363,1.2138282,-4.9744725,1.1119823,-5.6632824,0.97700953,-6.4585066,0.7902146,-7.3432827,0.5345048,-8.29524,0.19557855,-9.2873745,-0.23701593,-10.289178,-0.76902026,-11.268028,-1.4008882,-12.190642,-2.127472,-13.024671,-2.9380763,-13.740175,-3.8167853,-14.311074,-4.7431564,-14.716353,-5.6931467,-14.941038,-6.6402707,-14.976857,-7.5569534,-14.822577,-8.415908,-14.48397,-9.191586,-13.973405,-9.861494,-13.309174,-10.407388,-12.514443,-10.816246,-11.6160755,-11.080945,-10.643175,-11.200636
44,-32,9.499997,11.491807,8.333746,11.15325,7.201403,10.694745,6.127154,10.1402025,5.130552,9.516643,4.2258472,8.852829,3.4216375,8.177797,2.720832,7.519411,2.1209612,6.9029884,1.6147484,6.3500915,1.1909633,5.8775487,0.8354487,5.4967566,0.53227675,5.21328,0.2649585,5.0268135,0.017619042,4.9314475,-0.2239159,4.916262,-0.47121674,4.966181,-0.73255205,5.063031,-1.0124635,5.186783,-1.311623,5.3168154,-1.6269748,5.4332247,-1.952165,5.5180087,-2.2781997,5.5561256,-2.5943198,5.536321,-2.8889968,5.4516954,-3.151002,5.299981,-3.3704827,5.0835075,-3.5399394,4.8088703,-3.65508,4.486317,-3.715448,4.128916,-3.724808,3.7515204,-3.6912475,3.3696513,-3.626971,2.998329,-3.5478098,2.650935,-3.4724524,2.3382072,-3.4214637,2.0673976,-3.416108,1.84167,-3.477077,1.659763,-3.6232078,1.5159703,-3.8702092,1.4004011,-4.229548,1.299539,-4.7075086,1.19706,-5.304543,1.0748546,-6.0148673,0.9141958,-6.8264494,0.69698054,-7.72129,0.40698048,-8.676087,0.03099852,-9.663141,-0.44011867,-10.651555,-1.0106747,-11.6086445,-1.6796155,-12.501408,-2.4402854,-13.298102,-3.280556,-13.969727,-4.183226,-14.491406,-5.126778,-14.843565,-6.0863676,-15.012821,-7.03501,-14.992591,-7.9449716,-14.783338,-8.789153,-14.392453,-9.542526,-13.8338,-10.183438,-13.126943,-10.694745,-12.296064,-11.064744,-11.368725,-11.287779,-10.374417,-11.364545
45,-33,9.032347,11.382188,7.875658,10.991969,6.760464,10.48665,5.7098927,9.8913,4.7422366,9.233817,3.8703568,8.5435295,3.101396,7.849719,2.4368222,7.180173,1.8728007,6.559829,1.4008342,6.009607,1.0086634,5.545477,0.6813305,5.177807,0.40236354,4.911053,0.15498771,4.743756,-0.07670386,4.6688995,-0.30668917,4.6745424,-0.546148,4.744729,-0.8028124,4.8606067,-1.080591,5.00165,-1.3794878,5.146986,-1.6957947,5.2766547,-2.0225756,5.3727994,-2.3503706,5.420687,-2.6681008,5.409493,-2.9640887,5.332815,-3.2271352,5.1889076,-3.447587,4.9805803,-3.6182973,4.714826,-3.735445,4.4021597,-3.7991195,4.0557528,-3.8136597,3.6903794,-3.7876995,3.3212895,-3.7339044,2.963044,-3.6684368,2.628405,-3.6101418,2.3273618,-3.5795248,2.0663302,-3.5975614,1.8476093,-3.6844218,1.6691029,-3.8581798,1.5243524,-4.1335826,1.4028643,-4.520959,1.290712,-5.0253515,1.171405,-5.6458955,1.0269274,-6.375507,0.8389316,-7.2009363,0.5899729,-8.103105,0.26474282,-9.057837,-0.14880762,-10.03683,-0.6585018,-11.008884,-1.267192,-11.94134,-1.9723188,-12.801562,-2.7657402,-13.55851,-3.6339347,-14.184185,-4.558471,-14.654985,-5.516828,-14.952815,-6.4834347,-15.065918,-7.430901,-14.98941,-8.331426,-14.725438,-9.158188,-14.282998,-9.886773,-13.67739,-10.49644,-12.9294,-10.971218,-12.06415,-11.300779,-11.109827,-11.480964,-10.096216,-11.514036
46,-33,8.566778,11.25044,7.4226875,10.810024,6.327406,10.259804,5.3029327,9.625939,4.366249,8.937136,3.5287812,8.223202,2.7961993,7.513581,2.168523,6.8358946,1.6405684,6.2146235,1.2026432,5.6699696,0.841497,5.2169724,0.5414236,4.864931,0.2854604,4.6171412,0.056607068,4.470973,-0.16101678,4.4182816,-0.3811361,4.4461083,-0.6144904,4.5376396,-0.8682301,4.6733427,-1.1455995,4.832243,-1.4459065,4.993226,-1.7647767,5.1363134,-2.0946863,5.243823,-2.4257076,5.301353,-2.7464485,5.298524,-3.0450926,5.2294474,-3.3104784,5.0928984,-3.5331638,4.892168,-3.7063577,4.6346364,-3.826708,4.3310723,-3.8948438,3.9947336,-3.9156637,3.6403008,-3.8983207,3.2827349,-3.855915,2.9361317,-3.804904,2.6126308,-3.7642474,2.321479,-3.754348,2.0682707,-3.7958508,1.8544675,-3.9083667,1.6771781,-4.109177,1.5292404,-4.4120407,1.3996142,-4.82615,1.274031,-5.3553,1.1358992,-5.9973307,0.96736765,-6.7438917,0.750535,-7.5805635,0.4686764,-8.48725,0.10745585,-9.438978,-0.34398684,-10.406924,-0.89212,-11.359673,-1.5383353,-12.264677,-2.2785773,-13.089754,-3.1032436,-13.804649,-3.9974651,-14.382435,-4.9416375,-14.800843,-5.9123116,-15.043301,-6.883273,-15.0997,-7.8268147,-14.966861,-8.715163,-14.648603,-9.521867,-14.155491,-10.223209,-13.504217,-10.799439,-12.7167225,-11.235826,-11.8189945,-11.52346,-10.8397665,-11.659722,-9.809031,-11.648446
47,-33,8.104837,11.0974245,6.9762797,10.608479,5.9035444,10.015449,4.9074373,9.34552,4.0035715,8.628124,3.201912,7.893473,2.5066354,7.171079,1.9163185,6.4883146,1.4244399,5.869118,1.0201474,5.332901,0.68924445,4.893714,0.41532582,4.5597315,0.18099989,4.3330526,-0.030899873,4.209854,-0.23616461,4.180857,-0.44821116,4.2320895,-0.67728704,4.345884,-0.92991763,4.5020604,-1.2086499,4.6792173,-1.512071,4.8560333,-1.8351277,5.0125427,-2.1696994,5.1312656,-2.5053976,5.1981564,-2.8305182,5.203302,-3.1331189,5.141336,-3.4020889,5.0115623,-3.6281984,4.8177485,-3.8050227,4.567654,-3.9296784,4.2722898,-4.0033245,3.9449852,-4.0314026,3.6003103,-4.0235677,3.2529294,-3.993319,2.9164596,-3.9573743,2.6024227,-3.9347656,2.3193238,-3.945763,2.0719635,-4.0106354,1.8609912,-4.1483946,1.6827571,-4.3755107,1.5294502,-4.7047353,1.3895389,-5.144114,1.2484804,-5.696201,1.0896447,-6.3575706,0.89541703,-7.1186423,0.64840627,-7.9638715,0.33266488,-8.872218,-0.06512151,-9.817981,-0.5545888,-10.771902,-1.14083,-11.7024355,-1.8237724,-12.577237,-2.597878,-13.364665,-3.4521167,-14.035319,-4.3703184,-14.563425,-5.331774,-14.928083,-6.3121753,-15.114293,-7.2847567,-15.113616,-8.221584,-14.924569,-9.095002,-14.5526285,-9.879022,-14.0098915,-10.550708,-13.31439,-11.091377,-12.489149,-11.487594,-11.560947,-11.731918,-10.558983,-11.823294,-9.513362,-11.7671385
48,-34,7.6480236,10.924112,6.5378156,10.388489,5.490116,9.754909,4.524473,9.051513,3.6550891,8.308375,2.890435,7.556021,2.2331846,6.823946,1.6804758,6.139186,1.2244762,5.5250587,0.85320693,5.0001116,0.5515734,4.577347,0.30252957,4.2637625,0.08831453,4.060234,-0.10833946,3.9617224,-0.30307433,3.9578085,-0.5089394,4.0335126,-0.7356387,4.1703305,-0.98903376,4.3474708,-1.2709366,4.5431194,-1.579195,4.735793,-1.9080607,4.905568,-2.2488158,5.035198,-2.5906074,5.1110168,-2.9214349,5.1235986,-3.2292366,5.0681148,-3.5029624,4.944399,-3.7336087,4.7566957,-3.91512,4.513137,-4.0450783,4.22496,-4.125169,3.9055567,-4.1613607,3.5693712,-4.163782,3.2307558,-4.1463118,2.9028518,-4.1258883,2.5965562,-4.1215825,2.3196495,-4.153478,2.0761492,-4.2414546,1.8659357,-4.40388,1.6846342,-4.656382,1.5238336,-5.010706,1.3715768,-5.4737434,1.2131033,-6.046815,1.0318143,-6.7252607,0.8103974,-7.4983106,0.5320332,-8.349351,0.18160616,-9.256457,-0.2531326,-10.193289,-0.78056353,-11.130228,-1.4043887,-12.035688,-2.1230724,-12.877619,-2.9296136,-13.624998,-3.811591,-14.249358,-4.751586,-14.726136,-5.727851,-15.035862,-6.7153025,-15.165125,-7.6867056,-15.107179,-8.613996,-14.862227,-9.4697275,-14.437385,-10.228464,-13.846232,-10.868134,-13.108085,-11.37119,-12.246988,-11.725559,-11.290427,-11.9253,-10.267973,-11.970947,-9.209769,-11.86951
49,-34,7.197761,10.731562,6.108591,10.151293,5.088262,9.479582,4.1550064,8.745444,3.3215735,7.979514,2.5949178,7.2125444,1.976204,6.4739194,1.4611428,5.7902565,1.0406173,5.18417,0.7015638,4.673274,0.42804077,4.269461,0.20242223,3.978518,0.0066413027,3.8000557,-0.17660531,3.7278073,-0.36274755,3.750216,-0.56440854,3.8512971,-0.7906998,4.0117445,-1.0467737,4.2101593,-1.3336796,4.4243736,-1.6485028,4.632766,-1.9847884,4.8154893,-2.333218,4.9555635,-2.6824791,5.0397296,-3.0202837,5.0590706,-3.3344626,5.009306,-3.6140368,4.890805,-3.8502426,4.708289,-4.037392,4.4702525,-4.173539,4.188152,-4.260887,3.8754287,-4.3059134,3.5463846,-4.3192015,3.2150538,-4.3149815,2.8940983,-4.3103747,2.5937889,-4.324456,2.3211963,-4.3770967,2.0795805,-4.4877343,1.8680758,-4.6740785,1.681633,-4.950896,1.5112915,-5.3289046,1.3447219,-5.813845,1.1670117,-6.405829,0.9616597,-7.098985,0.7117174,-7.8814034,0.40099695,-8.735454,0.015265401,-9.638396,-0.45662057,-10.563337,-1.0217602,-11.480372,-1.6824534,-12.357968,-2.4357083,-13.164453,-3.2730854,-13.869506,-4.1808133,-14.4456625,-5.140283,-14.86962,-6.128776,-15.123404,-7.1205206,-15.195208,-8.087898,-15.07998,-9.002807,-14.779614,-9.838107,-14.302818,-10.568997,-13.664622,-11.174356,-12.885559,-11.637838,-11.990612,-11.948774,-11.007905,-12.102779,-9.967292,-12.10199,-8.898853,-11.954996
50,-35,6.7554026,10.520916,5.68982,9.89821,4.6990304,9.190929,3.7999005,8.428896,3.0036886,7.6432104,2.3158147,6.8647647,1.7359356,6.122746,1.2583492,5.443262,0.8726881,4.848149,0.56484807,4.3540173,0.3180977,3.9715984,0.114292674,3.7054157,-0.06487231,3.553805,-0.23666984,3.5092518,-0.41625336,3.5590582,-0.6157623,3.6862597,-0.8436646,3.8707635,-1.1043638,4.090604,-1.3981152,4.3232865,-1.7212212,4.54709,-2.066512,4.742286,-2.4240649,4.8921876,-2.7821176,4.983978,-3.1281016,5.0092626,-3.449753,4.9643245,-3.7361798,4.850077,-3.9788635,4.671715,-4.1724954,4.438088,-4.315599,4.160866,-4.410885,3.85352,-4.465328,3.5302038,-4.489951,3.2046282,-4.4992943,2.8889625,-4.5106425,2.5928667,-4.543036,2.3227103,-4.6160994,2.081021,-4.748794,1.866218,-4.9581485,1.6726218,-5.258053,1.4907753,-5.6581864,1.3080335,-6.163147,1.1093934,-6.77186,0.8785161,-7.4772716,0.5988768,-8.2663765,0.25497505,-9.120593,-0.16649176,-10.016446,-0.6755263,-10.926547,-1.2779248,-11.82081,-1.9745804,-12.667833,-2.761057,-13.436403,-3.6275048,-14.096981,-4.5588484,-14.623175,-5.535349,-14.993004,-6.5333943,-15.190005,-7.5266027,-15.204022,-8.48707,-15.031692,-9.386745,-14.6765785,-10.198888,-14.148956,-10.899423,-13.465246,-11.468245,-12.647134,-11.890284,-11.720477,-12.156332,-10.713926,-12.263569,-9.657542,-12.215756,-8.581266,-12.023074
51,-35,6.3222237,10.293404,5.2826214,9.63062,4.323367,8.890468,3.4599075,8.103483,2.701983,7.301155,2.0534632,6.5144157,1.5125018,5.7721653,1.0720079,5.09992,0.7203992,4.518657,0.44258168,4.0439224,0.22109279,3.6852264,0.037336793,3.4458058,-0.12716219,3.322682,-0.28957722,3.3070936,-0.46472123,3.3852108,-0.66419125,3.5391016,-0.8957621,3.7479143,-1.1630492,3.9891543,-1.4654849,4.2400374,-1.7985703,4.478782,-2.154411,4.685816,-2.5224848,4.844782,-2.890582,4.943329,-3.2458675,4.973611,-3.5759978,4.9324865,-3.8701787,4.821418,-4.12015,4.6460733,-4.3209915,4.415658,-4.4716897,4.1420336,-4.575459,3.8386953,-4.6397643,3.5196433,-4.676035,3.1982493,-4.699102,2.8861942,-4.726385,2.592533,-4.7768517,2.3229473,-4.869852,2.079258,-5.023839,1.8592025,-5.2551427,1.6565177,-5.576757,1.4612979,-5.997319,1.2606411,-6.5203004,1.0395164,-7.143458,0.78180677,-7.8585916,0.47146988,-8.6516485,0.093745,-9.503173,-0.36369696,-10.3890085,-0.90968746,-11.28136,-1.5487026,-12.150047,-2.280229,-12.963878,-3.0984023,-13.692183,-3.9919968,-14.30628,-4.944683,-14.780913,-5.9356585,-15.095473,-6.9404926,-15.235047,-7.9322815,-15.191138,-8.882925,-14.96207,-9.764519,-14.553062,-10.550812,-13.975913,-11.21854,-13.248373,-11.748691,-12.393217,-12.127524,-11.437084,-12.347337,-10.409084,-12.406918,-9.33939,-12.311641,-8.257705,-12.07327
52,-35,5.8994083,10.050321,4.8880205,9.349967,3.9621124,8.579759,3.1356697,7.7708616,2.416889,6.955057,1.8080809,6.1632295,1.3059072,5.423902,0.9019149,4.761913,0.58334935,4.1973085,0.33418056,3.7445025,0.13627715,3.4117448,-0.029337347,3.2009397,-0.18124095,3.1077855,-0.33643648,3.1222663,-0.50933194,3.229431,-0.7109247,3.4104023,-0.94824547,3.6435995,-1.224087,3.9060373,-1.5370266,4.1746798,-1.8817524,4.427733,-2.2496378,4.645813,-2.629561,4.812935,-3.008876,4.9172373,-3.3744967,4.9514456,-3.7140098,4.9130087,-4.0167384,4.8039455,-4.274693,4.6303926,-4.4833403,4.401904,-4.642139,4.130532,-4.7548027,3.8297794,-4.8292656,3.5134833,-4.877345,3.1946719,-4.9141455,2.8845398,-4.9571786,2.5915365,-5.0253253,2.3206832,-5.1376114,2.0731106,-5.311976,1.8459156,-5.564016,1.6322919,-5.9058223,1.4219391,-6.344998,1.2017537,-6.883893,0.95673436,-7.5191183,0.6710492,-8.241379,0.32919043,-9.0356245,-0.08281504,-9.881577,-0.5762801,-10.754487,-1.1588376,-11.626232,-1.8336399,-12.466612,-2.5987635,-13.24474,-3.4469378,-13.930562,-4.3656044,-14.496323,-5.337235,-14.917964,-6.340024,-15.176303,-7.348806,-15.25799,-8.336249,-15.15621,-9.274145,-14.870968,-10.134824,-14.409097,-10.89262,-13.783879,-11.525163,-13.014344,-12.014595,-12.124278,-12.3485775,-11.141015,-12.520945,-10.094042,-12.532103,-9.013545,-12.389071,-7.928907,-12.105164
53,-36,5.4880595,9.793032,4.5069456,9.05775,3.6160042,8.260406,2.8277206,7.432705,2.1487253,6.6066327,1.5797713,5.812932,1.1160423,5.079657,0.74775547,4.4308863,0.4610309,3.885662,0.23896104,3.4572103,0.0628129,3.152472,-0.08670238,2.9719844,-0.22818947,2.910117,-0.37841275,2.9555979,-0.5513088,3.0923629,-0.7572187,3.3006222,-1.0023834,3.5580986,-1.2887318,3.8413534,-1.6139665,4.1271477,-1.971943,4.393712,-2.3533027,4.6219,-2.7463257,4.7961264,-3.137943,4.905055,-3.5148282,4.9420013,-3.8645203,4.9050207,-4.1764717,4.7966924,-4.4429746,4.6236258,-4.659896,4.395714,-4.827164,4.1251884,-4.948987,3.825559,-5.0337515,3.5104795,-5.0936537,3.1926389,-5.1440363,2.8827412,-5.2024875,2.588647,-5.287755,2.314722,-5.418529,2.061442,-5.6122055,1.8252991,-5.88363,1.5989845,-6.2439823,1.3718545,-6.6998386,1.130663,-7.2524414,0.8604955,-7.8972864,0.54585797,-8.624024,0.17183407,-9.416669,-0.27471614,-10.25418,-0.80405855,-11.111286,-1.4226054,-11.959632,-2.1321728,-12.769068,-2.929443,-13.509091,-3.8057644,-14.150354,-4.7472873,-14.666092,-5.735339,-15.033497,-6.747192,-15.234839,-7.757022,-15.258384,-8.737157,-15.098979,-9.659372,-14.758313,-10.49634,-14.244793,-11.223053,-13.573137,-11.8181095,-12.763591,-12.2648945,-11.840867,-12.5525,-10.832923,-12.676347,-9.76952,-12.638478,-8.680774,-12.447544,-7.5956564,-12.118394
54,-36,5.089174,9.522951,4.1402135,8.755504,3.2856627,7.9340334,2.5364718,7.090699,1.8976909,6.257595,1.3685175,5.465226,0.9426794,4.7410913,0.6091024,4.1084313,0.35283175,3.5852132,0.1561438,3.183415,-0.00022585172,2.9086251,-0.13580492,2.7600052,-0.26915106,2.7305653,-0.41671923,2.807792,-0.5919106,2.9745288,-0.8043522,3.2100968,-1.0594496,3.4915624,-1.3582337,3.7950797,-1.6975081,4.097248,-2.0702853,4.376371,-2.46647,4.6135793,-2.873753,4.793725,-3.2786548,4.9060287,-3.667625,4.9444184,-4.0281715,4.9075656,-4.3498945,4.7986207,-4.6253824,4.624664,-4.850906,4.3959193,-5.0268717,4.124795,-5.1579714,3.8247914,-5.253035,3.5093768,-5.32462,3.190894,-5.388283,2.8795595,-5.4616604,2.5826533,-5.563338,2.3039038,-5.711656,2.0431638,-5.923436,1.7963521,-6.212757,1.5557023,-6.589898,1.3102813,-7.060399,1.0467511,-7.6244216,0.7503413,-8.276377,0.4059499,-9.004906,-0.0006985417,-9.793148,-0.48186943,-10.619365,-1.0467509,-11.457844,-1.7005184,-12.280066,-2.4436483,-13.056026,-3.2714436,-13.755681,-4.173904,-14.350459,-5.1359324,-14.8146515,-6.1377788,-15.126753,-7.1558623,-15.270532,-8.163792,-15.235868,-9.133636,-15.019293,-10.037261,-14.624134,-10.847754,-14.060356,-11.540863,-13.344056,-12.096237,-12.496618,-12.498553,-11.543611,-12.738397,-10.513517,-12.812787,-9.436289,-12.725433,-8.341881,-12.486601,-7.2587647,-12.11265
55,-37,4.7036514,9.241546,3.7885387,8.4448,2.971599,7.6022897,2.262223,6.7465363,1.6638684,5.9096417,1.1741881,5.1217866,0.78548133,4.409827,0.4854233,3.7960815,0.25804082,3.2973788,0.08486026,2.9243972,-0.05384218,2.6813397,-0.17775752,2.5659537,-0.30532163,2.5699043,-0.45260885,2.6794367,-0.63242,2.8763247,-0.853614,3.1390362,-1.1207142,3.444017,-1.4338242,3.767068,-1.788824,4.0846667,-2.1778762,4.3752427,-2.590147,4.620242,-3.0127501,4.8049974,-3.4318054,4.919311,-3.8335598,4.957747,-4.2055116,4.919612,-4.537422,4.808625,-4.8221917,4.6323404,-5.056507,4.401312,-5.241252,4.1281104,-5.381596,3.8262174,-5.48681,3.508913,-5.5697846,3.1881866,-5.646276,2.8737738,-5.7339315,2.5723772,-5.8511724,2.2871182,-6.015949,2.0172455,-6.2444825,1.7581422,-6.550102,1.5016344,-6.942159,1.2365426,-7.4251804,0.94949335,-7.9982605,0.62591326,-8.654773,0.25114515,-9.382389,-0.18840075,-10.163426,-0.70407724,-10.975532,-1.3039689,-11.792617,-1.9920009,-12.586086,-2.7673142,-13.326153,-3.6238506,-13.983315,-4.5502963,-14.529843,-5.5303593,-14.941152,-6.543277,-15.197076,-7.564692,-15.282916,-8.567731,-15.1901865,-9.524303,-14.91708,-10.406443,-14.468556,-11.187757,-13.856086,-11.844827,-13.097081,-12.358418,-12.214006,-12.714575,-11.233192,-12.905404,-10.18357,-12.929566,-9.095177,-12.792422,-7.9977174,-12.505854,-6.9190874,-12.0877
56,-37,4.3322906,8.950318,3.4525225,8.127234,2.674209,7.2668304,2.0051544,6.4018917,1.4472245,5.5644484,0.99653953,4.7842517,0.64400125,4.0874267,0.37608394,3.4953027,0.17585479,3.0235,0.024159394,2.681351,-0.0991102,2.4716327,-0.21373138,2.3906794,-0.33794194,2.428792,-0.4873641,2.5709934,-0.6741359,2.7980208,-0.9062925,3.0875175,-1.1874359,3.4153643,-1.5167056,3.7570403,-1.8890461,4.0889688,-2.295759,4.389743,-2.7252777,4.6411734,-3.1641467,4.8291087,-3.5981045,4.943963,-4.013216,4.9809628,-4.396987,4.9400554,-4.739363,4.825544,-5.033569,4.645448,-5.2767224,4.410651,-5.47018,4.133873,-5.619591,3.8285725,-5.734655,3.5078335,-5.8285766,3.1832864,-5.917291,2.864191,-6.0184436,2.556688,-6.150256,2.2633073,-6.330263,1.9827199,-6.5740905,1.7098151,-6.894291,1.4360516,-7.299296,1.1500533,-7.7926283,0.8384628,-8.372352,0.48695683,-9.030832,0.0813699,-9.754823,-0.3911587,-10.525873,-0.9410353,-11.3210945,-1.5752195,-12.114104,-2.2963796,-12.876286,-3.1023245,-13.578172,-3.9856627,-14.190873,-4.933807,-14.687561,-5.9293222,-15.044824,-6.9505,-15.2438965,-7.9722943,-15.271625,-8.967432,-15.121166,-9.907751,-14.792371,-10.765555,-14.291795,-11.515053,-13.632367,-12.133741,-12.832757,-12.603578,-11.91642,-12.912011,-10.9103775,-13.052726,-9.84391,-13.026036,-8.747057,-12.838965,-7.6491756,-12.504977,-6.5775023,-12.043367
57,-38,3.9757776,8.650798,3.132656,7.8044124,2.3937733,6.929305,1.7653352,6.0584373,1.247612,5.223657,0.83521587,4.454205,0.5176887,3.7753944,0.2803533,3.2074807,0.10538279,2.7648246,-0.026986267,2.4553623,-0.13716742,2.2804236,-0.2449474,2.2349045,-0.368288,2.307759,-0.52228963,2.4828024,-0.71836364,2.7397592,-0.9636704,3.0554996,-1.2608485,3.4053745,-1.6080472,3.7646067,-1.9992576,4.109605,-2.424917,4.419181,-2.8727329,4.675555,-3.3286924,4.86513,-3.7781715,4.978966,-4.2070765,5.0129633,-4.602943,4.967735,-4.9559174,4.848165,-5.2595716,4.662744,-5.5114594,4.4226694,-5.7134166,4.140811,-5.871569,3.8305936,-5.9960303,3.504892,-6.1003146,3.1749876,-6.2005053,2.84966,-6.314232,2.534504,-6.4594846,2.2314696,-6.653381,1.9386915,-6.9109235,1.6505964,-7.243884,1.3583124,-7.659788,1.0503231,-8.161165,0.71333605,-8.745073,0.33332285,-9.402907,-0.10334427,-10.120561,-0.60875314,-10.878887,-1.1923343,-11.654513,-1.8599089,-12.42084,-2.6128855,-13.149327,-3.4477463,-13.8108835,-4.3558006,-14.377306,-5.3232327,-14.822739,-6.3315187,-15.124999,-7.3580756,-15.2667465,-8.377255,-15.236394,-9.361473,-15.028753,-10.282581,-14.645302,-11.113248,-14.094162,-11.828375,-13.389672,-12.406443,-12.551697,-12.830668,-11.604595,-13.089972,-10.575997,-13.179627,-9.495434,-13.101628,-8.392856,-12.86465,-7.297181,-12.483732,-6.234915,-11.9795685
58,-38,3.6347005,8.344542,2.8293211,7.477953,2.130463,6.5913634,1.5427197,5.717814,1.0647751,4.888872,0.6897588,4.133183,0.4058945,3.4751613,0.19741136,2.9339235,0.0456551,2.5225074,-0.069670424,2.247418,-0.16920634,2.1085117,-0.27266648,2.0992393,-0.3976621,2.2072153,-0.5587002,2.4150708,-0.766405,2.7015576,-1.0270098,3.0428052,-1.3421537,3.4136987,-1.7089698,3.7892487,-2.1204832,4.14591,-2.5662642,4.4627604,-3.0333023,4.7224755,-3.5070453,4.91205,-3.9725268,5.023219,-4.4155183,5.0525866,-4.823608,5.0014324,-5.1871705,4.875235,-5.500135,4.68295,-5.7605023,4.4360847,-5.970598,4.1476474,-6.1370196,3.8310227,-6.2702875,3.4988732,-6.384201,3.1621192,-6.4949875,2.8290756,-6.620232,2.504798,-6.777676,2.1906817,-6.983996,1.8843462,-7.253575,1.5797967,-7.597391,1.2678756,-8.022066,0.9369669,-8.529167,0.57389235,-9.114772,0.16496871,-9.769343,-0.30285096,-10.477972,-0.84085035,-11.2208805,-1.4574594,-11.974277,-2.157343,-12.711421,-2.9406488,-13.40393,-3.8025606,-14.023159,-4.7331095,-14.54166,-5.7173,-14.934614,-6.735587,-15.181106,-7.76459,-15.265257,-8.7781315,-15.177067,-9.74841,-14.912981,-10.647387,-14.476104,-11.448183,-13.876072,-12.126471,-13.128581,-12.661801,-12.254605,-13.038703,-11.279339,-13.247613,-10.230929,-13.285435,-9.139078,-13.155832,-8.033534,-12.869142,-6.9427104,-12.4419365,-5.892269,-11.896271
59,-39,3.309529,8.03311,2.5427833,7.149463,1.8843312,6.2546277,1.3371481,5.381619,0.8983476,4.5616446,0.55960506,3.8226516,0.30787444,3.18808,0.12635215,2.6758416,-0.0043720235,2.297601,-0.10504896,2.0583909,-0.19646569,1.9565761,-0.29818302,1.9841655,-0.42738396,2.1274395,-0.59791386,2.3678803,-0.8195483,2.6832972,-1.097548,3.0491378,-1.432514,3.4398658,-1.8205423,3.8303392,-2.253681,4.1971116,-2.7206366,4.5195827,-3.2076907,4.7809277,-3.6997695,4.968773,-4.1815915,5.0755596,-4.638815,5.0986114,-5.059107,5.039891,-5.433095,4.9054728,-5.755082,4.704776,-6.023529,4.4496107,-6.2412558,4.1531167,-6.415333,3.8286288,-6.5566688,3.4885867,-6.679347,3.143557,-6.799719,2.8013897,-6.935294,2.4666114,-7.1035643,2.140089,-7.320742,1.8189526,-7.6005826,1.4968207,-7.95327,1.1642926,-8.384538,0.8096985,-8.895005,0.4200192,-9.479799,-0.01803919,-10.128504,-0.51690245,-10.8254595,-1.0870187,-11.550312,-1.7357954,-12.278933,-2.466732,-12.984512,-3.278722,-13.638893,-4.1656694,-14.213957,-5.116367,-14.683078,-6.114689,-15.022521,-7.140137,-15.212681,-8.168603,-15.239169,-9.1734705,-15.093585,-10.126809,-14.773999,-11.000781,-14.285109,-11.76905,-13.638026,-12.408138,-12.849734,-12.898733,-11.94226,-13.2267475,-10.941549,-13.38416,-9.876149,-13.369536,-8.775834,-13.18822,-7.6700935,-12.85218,-6.586721,-12.379499,-5.5504856,-11.793538
60,-39,3.0006268,7.718068,2.2731984,6.820543,1.6553216,5.920692,1.148356,5.0514197,0.7478604,4.243465,0.44409546,3.5240023,0.22279678,2.915417,0.06619307,2.4343507,-0.04580717,2.0910459,-0.13432887,1.8890359,-0.22022232,1.8251779,-0.32281333,1.8900366,-0.45878196,2.0685878,-0.64124113,2.3411827,-0.87906146,2.6847403,-1.1764839,3.074073,-1.5330398,3.4832828,-1.9437696,3.8871343,-2.399736,4.2623353,-2.8887866,4.588658,-3.3965096,4.849828,-3.9073317,5.0341363,-4.4056797,5.1347623,-4.8771253,5.149768,-5.30945,5.0818157,-5.6935463,4.937572,-6.024116,4.7269173,-6.3000965,4.4619637,-6.524803,4.1559668,-6.705774,3.8222015,-6.8543086,3.472886,-6.9847608,3.1182277,-7.113577,2.7656138,-7.258187,2.4190593,-7.43581,2.0789206,-7.66219,1.7418696,-7.9504333,1.4011694,-8.309946,1.0472196,-8.745583,0.66833895,-9.2570305,0.25171104,-9.838506,-0.21552615,-10.478764,-0.74514145,-11.161442,-1.3467191,-11.865677,-2.0266259,-12.567077,-2.7871923,-13.238836,-3.6260676,-13.85309,-4.5359006,-14.382323,-5.5042863,-14.800785,-6.5140243,-15.085877,-7.5437274,-15.219356,-8.568647,-15.188329,-9.561806,-14.985999,-10.495235,-14.612055,-11.341396,-14.072749,-12.074569,-13.38062,-12.672212,-12.553882,-13.116223,-11.615522,-13.39394,-10.592142,-13.498928,-9.512631,-13.431422,-8.406742,-13.198451,-7.303575,-12.813595,-6.2302485,-12.296405,-5.2105446,-11.671502
61,-40,2.708247,7.4009743,2.0206106,6.492763,1.443269,5.5911145,0.97597003,4.7287173,0.6127454,3.9357598,0.3424796,3.2385478,0.14974846,2.658345,0.01588151,2.2104614,-0.07981607,1.9036748,-0.15876062,1.7399917,-0.2417813,1.7147493,-0.34788814,1.8170835,-0.49318084,2.0306776,-0.6899746,2.3347979,-0.94617885,2.7055173,-1.2649727,3.1170702,-1.6447864,3.5432503,-2.0795877,3.9587889,-2.559452,4.3406086,-3.0713773,4.6689115,-3.600273,4.9280114,-4.1300898,5.106911,-4.644993,5.19955,-5.1304994,5.204754,-5.574527,5.125887,-5.968264,4.9702153,-6.30683,4.748077,-6.5896506,4.4718747,-6.8205442,4.154973,-7.0075145,3.8105755,-7.162253,3.450677,-7.2993565,3.0851176,-7.4353595,2.7208304,-7.5876074,2.3613365,-7.773013,2.0064948,-8.006852,1.6525496,-8.301575,1.2924442,-8.665819,0.91641736,-9.103563,0.5128166,-9.613598,0.06907159,-10.189263,-0.42720944,-10.818531,-0.9871054,-11.484388,-1.6193117,-12.165535,-2.3291411,-12.837381,-3.117755,-13.473202,-3.9815733,-14.045494,-4.9120173,-14.527404,-5.8955293,-14.894122,-6.913891,-15.124234,-7.9448996,-15.200878,-8.9632435,-15.112691,-9.941673,-14.854469,-10.852275,-14.427501,-11.667889,-13.839558,-12.363505,-13.104548,-12.917587,-12.241845,-13.313309,-11.275322,-13.539477,-10.232155,-13.591276,-9.14146,-13.4706335,-8.032868,-13.1862545,-6.935036,-12.753292,-5.8742914,-12.192732,-4.8733864,-11.5303955
62,-40,2.4325328,7.0833673,1.7849557,6.167667,1.2479022,5.2674065,0.8195178,4.4149604,0.4923394,3.6398761,0.25392187,2.9675136,0.087741606,2.4179368,-0.025697479,2.0050745,-0.107613325,1.7361996,-0.17962861,1.6117674,-0.26246762,1.6255969,-0.37474102,1.7654005,-0.5318958,2.0136037,-0.7453828,2.3484251,-1.0220971,2.7451427,-1.3641149,3.177467,-1.7687389,3.618951,-2.2288551,4.044355,-2.7335477,4.430872,-3.2689738,4.7591853,-3.819389,5.0142503,-4.3682966,5.185813,-4.8996243,5.2686057,-5.3988676,5.262233,-5.8541126,5.170767,-6.2568717,5.002081,-6.6026983,4.7669635,-6.8915224,4.478096,-7.1276746,4.148941,-7.3196225,3.7926302,-7.4794393,3.420917,-7.6219606,3.0432782,-7.7637963,2.6662016,-7.922176,2.2927206,-8.113716,1.9222214,-8.353196,1.550543,-8.652427,1.1703511,-9.019264,0.7717529,-9.456841,0.34316647,-9.963073,-0.12768938,-10.530461,-0.6526995,-11.146244,-1.2422309,-11.792818,-1.9040612,-12.44851,-2.6424403,-13.088599,-3.457369,-13.686503,-4.344056,-14.215161,-5.292719,-14.648443,-6.2887053,-14.962533,-7.312844,-15.1372385,-8.342176,-15.157112,-9.350909,-15.012328,-10.311623,-14.699268,-11.196539,-14.2207985,-11.978956,-13.586161,-12.6346655,-12.810582,-13.143214,-11.914519,-13.489095,-10.922654,-13.662642,-9.862626,-13.660681,-8.763709,-13.486831,-7.655322,-13.151454,-6.5655603,-12.671271,-5.5199037,-12.068636,-4.5399876,-11.37051
63,-40,2.1735241,6.7667685,1.5660676,5.846762,1.0688496,4.951025,0.6784338,4.1115313,0.38589358,3.3570845,0.17750922,2.7120295,0.03572267,2.195165,-0.059712213,1.818981,-0.1304531,1.5892142,-0.1982431,1.5047534,-0.28361544,1.5579003,-0.4047015,1.7349597,-0.5762207,2.0171332,-0.8086968,2.3816352,-1.1079612,2.8030074,-1.4749469,3.2544928,-1.9058106,3.709471,-2.392341,4.142789,-2.9226406,4.531977,-3.4820397,4.8582525,-4.05416,5.107255,-4.622086,5.269514,-5.1695437,5.3405776,-5.6820426,5.320848,-6.1478643,5.2151155,-6.558873,5.0318565,-6.9110823,4.7823052,-7.204938,4.4794126,-7.445283,4.136727,-7.6410656,3.7672977,-7.804722,3.3826315,-7.9513164,2.9918401,-8.097529,2.600972,-8.260459,2.212582,-8.456409,1.8256071,-8.699658,1.4355081,-9.001375,1.0346999,-9.368649,0.61320144,-9.803778,0.15953863,-10.303832,-0.3382473,-10.860523,-0.8915019,-11.460387,-1.5098457,-12.085304,-2.2001295,-12.713287,-2.9655354,-13.3195505,-3.8049054,-13.877724,-4.712257,-14.361257,-5.676655,-14.744797,-6.6823897,-15.0055685,-7.709397,-15.124653,-8.734055,-15.088033,-9.7301655,-14.887417,-10.670214,-14.520769,-11.52665,-13.992504,-12.273335,-13.313284,-12.88692,-12.499594,-13.348106,-11.572895,-13.642768,-10.558582,-13.762792,-9.4846945,-13.70668,-8.380541,-13.479734,-7.275238,-13.093967,-6.1962485,-12.567618,-5.1681204,-11.924373,-4.211304,-11.192251
64,-40,1.9311529,6.45266,1.3636739,5.531503,0.90564007,4.6433654,0.55205667,3.8197236,0.29257548,3.0885663,0.112256415,2.4731278,-0.007422211,1.9908867,-0.08737741,1.6528516,-0.1496214,1.4631885,-0.21593042,1.4192114,-0.30656025,1.511706,-0.43908405,1.7256021,-0.6274197,2.040904,-0.88110596,2.4338818,-1.2048581,2.878386,-1.5984375,3.3472683,-2.0568323,3.8137946,-2.570729,4.252964,-3.1272564,4.642707,-3.710934,4.9648247,-4.304777,5.2056894,-4.8914824,5.3566475,-5.4546146,5.4140944,-5.9797244,5.3792377,-6.455327,5.257596,-6.8736672,5.058247,-7.2312384,4.7928615,-7.5290112,4.4746475,-7.77237,4.117235,-7.9707227,3.7335737,-8.136869,3.334917,-8.286104,2.9300146,-8.435152,2.5244732,-8.600977,2.1203878,-8.799547,1.7162596,-9.044649,1.3072027,-9.346806,0.8854102,-9.712343,0.44084737,-10.142754,-0.03781478,-10.634295,-0.5621787,-11.177915,-1.14302,-11.759509,-1.7891896,-12.360497,-2.506599,-12.958639,-3.297359,-13.52915,-4.159165,-14.045947,-5.084871,-14.483044,-6.0624266,-14.815924,-7.07512,-15.022904,-8.102064,-15.08636,-9.119042,-14.993725,-10.099542,-14.738251,-11.016037,-14.319464,-11.841298,-13.743276,-12.549818,-13.021745,-13.119201,-12.172525,-13.531355,-11.218012,-13.773586,-10.184231,-13.839379,-9.099517,-13.728917,-7.993125,-13.449182,-6.8937745,-13.01381,-5.828212,-12.442524,-4.8199763,-11.760274,-3.8882756,-10.99608
65,-41,1.7052497,6.1424856,1.1774046,5.223289,0.7577114,4.345754,0.43964377,3.5407655,0.21147743,2.8354034,0.057114746,2.251734,-0.04285734,1.8058494,-0.10994444,1.5072356,-0.16642618,1.3584666,-0.23402326,1.3552712,-0.3326294,1.4869376,-0.47917834,1.7370385,-0.68671894,2.0844345,-0.96374446,2.5044951,-1.313811,2.970447,-1.7354776,3.4548147,-2.2225459,3.930815,-2.7646039,4.373674,-3.3478115,4.7617726,-3.9559016,5.0775537,-4.571315,5.3081717,-5.1763935,5.445822,-5.7545757,5.487766,-6.291491,5.4360337,-6.7759275,5.2968826,-7.200533,5.0799785,-7.562306,4.7974243,-7.8627667,4.4626765,-8.107837,4.089432,-8.307387,3.690523,-8.474585,3.276951,-8.624938,2.857098,-8.775202,2.4361324,-8.942195,2.0157003,-9.141551,1.5938905,-9.386562,1.1654931,-9.687089,0.7225084,-10.048727,0.25488338,-10.472176,-0.24853274,-10.952906,-0.79895395,-11.481149,-1.4065583,-12.042219,-2.0794082,-12.617117,-2.8224638,-13.18342,-3.6367686,-13.716414,-4.518887,-14.190362,-5.4605374,-14.579901,-6.4485993,-14.861405,-7.4654155,-15.014322,-8.489342,-15.022353,-9.495647,-14.874391,-10.457586,-14.56523,-11.347715,-14.095932,-12.139202,-13.473878,-12.8072605,-12.7124405,-13.330506,-11.830397,-13.692126,-10.850986,-13.880903,-9.800775,-13.891948,-8.708296,-13.727121,-7.6026607,-13.395093,-6.512103,-12.911092,-5.462563,-12.296265,-4.476502,-11.576771,-3.5718307,-10.782562
66,-41,1.4955456,5.8376365,1.0067967,4.9234586,0.6244131,4.0594378,0.34037188,3.2757802,0.14162438,2.598582,0.010979652,2.0486648,-0.071789615,1.6406832,-0.12869278,1.382561,-0.18218824,1.275265,-0.2538526,1.3129394,-0.36313167,1.483387,-0.52624255,1.7688613,-0.7552973,2.1471233,-1.0576863,2.5926955,-1.4357693,3.078254,-1.8868719,3.5760574,-2.4036014,4.059346,-2.974447,4.5036383,-3.5846155,4.887827,-4.217079,5.1950536,-4.853735,5.4132934,-5.476609,5.5356264,-6.069049,5.5601993,-6.6168118,5.4898853,-7.108983,5.331672,-7.538647,5.0958138,-7.903336,4.7948375,-8.205133,4.4424353,-8.450497,4.0523467,-8.649777,3.6372886,-8.816498,3.2079961,-8.966368,2.7724783,-9.116168,2.3354733,-9.2825575,1.8981885,-9.48084,1.4583199,-9.723785,1.010354,-10.020617,0.5461308,-10.376209,0.055609997,-10.790483,-0.4721494,-11.258162,-1.0479428,-11.768808,-1.681327,-12.307196,-2.3795588,-12.8539715,-3.1466417,-13.386588,-3.982557,-13.880465,-4.882756,-14.310266,-5.8378553,-14.6513195,-6.833711,-14.880937,-7.8517804,-14.979729,-8.869731,-14.932744,-9.862398,-14.730357,-10.80289,-14.368873,-11.663919,-13.850869,-12.419144,-13.185157,-13.044578,-12.386364,-13.5199175,-11.474309,-13.82968,-10.472995,-13.964169,-9.409438,-13.920136,-8.312273,-13.701133,-7.210375,-13.317495,-6.1314006,-12.786009,-5.100408,-12.129204,-4.138714,-11.374384,-3.2628732,-10.552342
67,-42,1.3016796,5.5394516,0.8512975,4.633276,0.5050139,3.7855828,0.25334772,3.0258088,0.0819808,2.3789842,-0.027301176,1.8646231,-0.09545971,1.4958953,-0.14492111,1.2791315,-0.19823265,1.2136759,-0.27673757,1.2920929,-0.39934957,1.5007236,-0.58149344,1.8205408,-0.8342767,2.2282503,-1.1639384,2.6975985,-1.5716004,3.2007709,-2.053335,3.7098327,-2.6005485,4.198125,-3.2006338,4.641515,-3.8378665,5.0194764,-4.4944863,5.3159018,-5.1518793,5.5196233,-5.791799,5.624641,-6.3975444,5.630012,-6.9550376,5.539456,-7.453698,5.3606915,-7.8870835,5.1045613,-8.253277,4.783999,-8.554943,4.4129167,-8.799089,4.0050883,-8.996542,3.5730965,-9.161178,3.1274023,-9.308899,2.67564,-9.456505,2.222122,-9.620491,1.767627,-9.815803,1.309472,-10.054704,0.84186786,-10.34579,0.3565211,-10.693216,-0.1565669,-11.096159,-0.70809686,-11.548623,-1.3084189,-12.039544,-1.9664472,-12.553203,-2.6886191,-13.069956,-3.4779787,-13.567187,-4.333453,-14.020513,-5.249405,-14.405068,-6.2153873,-14.696909,-7.2162776,-14.87433,-8.232711,-14.919147,-9.241741,-14.817769,-10.217843,-14.562045,-11.134066,-14.149791,-11.963364,-13.585069,-12.679971,-12.878054,-13.260765,-12.044577,-13.686597,-11.105421,-13.943363,-10.085265,-14.02292,-9.01148,-13.923681,-7.9127116,-13.650886,-6.817503,-13.216514,-5.7528515,-12.638875,-4.7428513,-11.941821,-3.8076065,-11.153722,-2.962275,-10.306144
68,-42,1.1231996,5.2492075,0.7102724,4.353937,0.39870858,3.5252724,0.17761295,2.7917907,0.03145843,2.1773832,-0.058919467,1.7001989,-0.11513363,1.3718764,-0.15993862,1.1971282,-0.21587923,1.1736647,-0.30397663,1.2924837,-0.44252968,1.5384933,-0.6460951,1.8914229,-0.9247154,2.3269858,-1.2834291,2.8182144,-1.7220849,3.3368683,-2.2354858,3.854901,-2.8138301,4.345816,-3.4434285,4.7859073,-4.1076465,5.155286,-4.7880225,5.4386415,-5.4654737,5.6257157,-6.1215158,5.7114487,-6.739453,5.695831,-7.3054075,5.583434,-7.809174,5.38271,-8.244814,5.1050777,-8.610988,4.7638683,-8.910951,4.373192,-9.152276,3.9468443,-9.346271,3.4972622,-9.507148,3.0346186,-9.651002,2.5661712,-9.794646,2.0958097,-9.954393,1.6238943,-10.144835,1.1473813,-10.3777275,0.6602265,-10.661041,0.15402958,-10.998225,-0.38113803,-11.387737,-0.9557087,-11.822905,-1.5795631,-12.292071,-2.260954,-12.779085,-3.0054893,-13.264057,-3.8152542,-13.724375,-4.688136,-14.135901,-5.617433,-14.474294,-6.59167,-14.716392,-7.5948024,-14.841521,-8.606707,-14.83272,-9.603896,-14.677774,-10.560566,-14.370002,-11.449779,-13.908715,-12.244834,-13.299412,-12.920597,-12.553595,-13.454902,-11.688221,-13.829801,-10.72496,-14.032624,-9.689075,-14.056806,-8.6082,-13.90243,-7.510901,-13.576426,-6.425296,-13.092387,-5.3776326,-12.470098,-4.3909726,-11.734675,-3.4841511,-10.915492,-2.6708763,-10.044789
69,-43,0.95956904,4.9681087,0.58300877,4.0865526,0.3046227,3.2794876,0.11215188,2.574556,-0.011075581,1.9944406,-0.085097894,1.5558618,-0.13209361,1.2688912,-0.1750551,1.1366023,-0.23643334,1.1550701,-0.33683923,1.3137418,-0.4938742,1.5961223,-0.7211557,1.9807488,-1.0276027,2.442401,-1.4170042,2.9534569,-1.8879112,3.4853375,-2.4338403,4.0099483,-3.0437815,4.5010304,-3.702983,4.9353747,-4.3939214,5.293787,-5.097472,5.561809,-5.79412,5.730122,-6.4652014,5.7946463,-7.094057,5.756312,-7.667057,5.6205516,-8.174413,5.3965473,-8.610722,5.0962873,-8.975238,4.7334733,-9.271837,4.32241,-9.508658,3.8768914,-9.697488,3.4091911,-9.852881,2.9291887,-9.991117,2.4437604,-10.129005,1.9563738,-10.282669,1.4669796,-10.466346,0.97219,-10.691281,0.465728,-10.964831,-0.060889367,-11.289752,-0.6174937,-11.663815,-1.2142237,-12.0796995,-1.8604695,-12.525206,-2.5638058,-12.983787,-3.329004,-13.435379,-4.157194,-13.857421,-5.045242,-14.226079,-5.985405,-14.517587,-6.9652247,-14.709627,-7.967794,-14.78257,-8.972286,-14.720706,-9.95475,-14.513218,-10.889187,-14.154881,-11.748758,-13.646466,-12.507171,-12.994882,-13.140021,-12.212887,-13.626151,-11.318502,-13.948878,-10.3342,-14.097002,-9.285741,-14.065568,-8.200924,-13.856334,-7.1081433,-13.477905,-6.034998,-12.94545,-5.006906,-12.280178,-4.0458302,-11.508422,-3.1692767,-10.660469,-2.3894672,-9.769151
70,-43,0.8101723,4.697284,0.4687227,3.8321424,0.22182178,3.0491185,0.055900067,2.3748376,-0.04679041,1.8307028,-0.10708133,1.4319615,-0.14762957,1.1870838,-0.19157296,1.0974836,-0.26117772,1.1576092,-0.37655622,1.3553753,-0.5545332,1.6729236,-0.8077178,2.087651,-1.1438471,2.5734622,-1.5654218,3.102157,-2.069669,3.6448908,-2.648807,4.1735954,-3.2906303,4.6623316,-3.9793317,5.0884423,-4.69654,5.4334946,-5.4224997,5.6839294,-6.137314,5.8314075,-6.8221803,5.8728504,-7.4605293,5.8101444,-8.03902,5.649585,-8.548324,5.401082,-8.9836,5.077173,-9.344728,4.691924,-9.636218,4.259807,-9.866784,3.7945986,-10.048688,3.308392,-10.196833,2.8107648,-10.327666,2.3082044,-10.457991,1.8037598,-10.603731,1.2969801,-10.778761,0.7841487,-10.993829,0.25877625,-11.255671,-0.2876796,-11.566384,-0.86492866,-11.923068,-1.4827932,-12.317788,-2.1501513,-12.7378435,-2.8738885,-13.166357,-3.6579366,-13.583128,-4.502477,-13.965699,-5.4033656,-14.290612,-6.3518624,-14.534727,-7.33457,-14.67658,-8.333759,-14.697652,-9.327985,-14.583496,-10.292898,-14.324682,-11.202383,-13.91743,-12.029781,-13.363966,-12.7493,-12.672538,-13.337322,-11.857112,-13.773773,-10.936693,-14.043284,-9.934467,-14.136156,-8.876612,-14.0490675,-7.7909927,-13.785456,-6.7057385,-13.355572,-5.6478443,-12.776138,-4.6418214,-12.069737,-3.7084572,-11.263824,-2.8638785,-10.389524,-2.1187959,-9.480198
71,-43,0.6743205,4.437783,0.36656678,3.591639,0.14931738,2.834951,0.007751312,2.1932487,-0.07688314,1.6866009,-0.12612836,1.3287284,-0.16302961,1.1264716,-0.21077791,1.0795786,-0.2913632,1.1808782,-0.4243127,1.4167781,-0.6255961,1.7680988,-0.90674883,2.2111566,-1.2742723,2.7190447,-1.7293444,3.2630632,-2.267843,3.8141716,-2.8806877,4.3444138,-3.5544825,4.828236,-4.272394,5.2436075,-5.0152307,5.572911,-5.762653,5.8035316,-6.4944296,5.9281497,-7.191667,5.944706,-7.837934,5.856058,-8.420232,5.669366,-8.929721,5.3952556,-9.36216,5.0468,-9.718086,4.6384125,-10.002647,4.184709,-10.225148,3.6994305,-10.398328,3.1944747,-10.53743,2.6791022,-10.659063,2.1594076,-10.780011,1.638021,-10.916001,1.1141003,-11.080542,0.58361363,-11.2838745,0.03987728,-11.532131,-0.5256875,-11.826767,-1.1226459,-12.164238,-1.7604821,-12.536028,-2.447546,-12.9289875,-3.1900241,-13.325941,-3.991006,-13.706617,-4.849735,-14.048716,-5.7610817,-14.329197,-6.7153387,-14.525592,-7.6982145,-14.617349,-8.691226,-14.587065,-9.672369,-14.421575,-10.616974,-14.11284,-11.498884,-13.658521,-12.291714,-13.062227,-12.970224,-12.333525,-13.511676,-11.487513,-13.897124,-10.54411,-14.112571,-9.527131,-14.149848,-8.463066,-14.0072775,-7.379768,-13.689972,-6.304995,-13.209801,-5.26506,-12.584999,-4.2834907,-11.839466,-3.3798392,-11.001713,-2.5688064,-10.103622,-1.8595551,-9.178968
72,-44,0.551258,4.1905694,0.27563575,3.365878,0.08607506,2.6376665,-0.03343361,2.0303013,-0.102570616,1.56245,-0.14350283,1.2462738,-0.17957266,1.0869561,-0.23393132,1.0825764,-0.32820073,1.2243551,-0.4812396,1.497231,-0.7080856,1.8807485,-1.0191377,2.3501987,-1.4196134,2.8779407,-1.9093347,3.4348512,-2.4828134,3.991768,-3.1296718,4.520929,-3.835335,4.997235,-4.581971,5.3993545,-5.3496094,5.7105346,-6.117367,5.9191566,-6.8647323,6.0189543,-7.572771,6.0089016,-8.225244,5.8928366,-8.809534,5.6787896,-9.317339,5.378083,-9.74505,5.004313,-10.093878,4.572218,-10.369631,4.0965395,-10.582213,3.5909562,-10.744841,3.0671513,-10.873085,2.5340633,-10.983721,1.9973819,-11.093495,1.4593173,-11.217939,0.9186499,-11.370185,0.37104455,-11.559976,-0.19036363,-11.792847,-0.774169,-12.069628,-1.3897626,-12.386161,-2.0462801,-12.733388,-2.751529,-13.097736,-3.5109808,-13.461806,-4.326889,-13.805285,-5.1975737,-14.106091,-6.1169486,-14.341648,-7.074365,-14.490202,-8.054688,-14.532148,-9.0387535,-14.451221,-10.004049,-14.235559,-10.925669,-13.878494,-11.777498,-13.379092,-12.533487,-12.742344,-13.169042,-11.979057,-13.662351,-11.105395,-13.995677,-10.1421175,-14.156411,-9.1135845,-14.137954,-8.046498,-13.940278,-6.9686027,-13.570161,-5.907204,-13.041064,-4.887847,-12.372685,-3.9329944,-11.590175,-3.060919,-10.723023,-2.2848527,-9.803785,-1.6123779,-8.866569
73,-44,0.44017023,3.9565184,0.19497593,3.155597,0.031023253,2.4578426,-0.06881918,1.8863884,-0.12508033,1.4584491,-0.16046464,1.1845893,-0.19851843,1.0683163,-0.26226032,1.1060463,-0.37285396,1.2874097,-0.548405,1.5959094,-0.802949,2.009872,-1.145686,2.5036252,-1.580509,3.048871,-2.1058497,3.6161306,-2.7148488,4.1762156,-3.395829,4.7016263,-4.133061,5.167798,-4.907743,5.5541563,-5.699166,5.8448753,-6.4859605,6.029375,-7.2473755,6.10246,-7.964496,6.06417,-8.621328,5.9193277,-9.205686,5.6768208,-9.709836,5.3486605,-10.130843,4.948948,-10.470616,4.492722,-10.735636,3.9948218,-10.936406,3.4688447,-11.086632,2.9262464,-11.202209,2.3756204,-11.300055,1.8222476,-11.3968935,1.2679242,-11.508035,0.7110502,-11.646236,0.1470014,-11.82074,-0.43124592,-12.036518,-1.0322831,-12.293774,-1.6653155,-12.587761,-2.339104,-12.908921,-3.0609024,-13.243311,-3.8354702,-13.573328,-4.664224,-13.878688,-5.5445747,-14.137567,-6.4695024,-14.327905,-7.427467,-14.428703,-8.402542,-14.421321,-9.374923,-14.290666,-10.321678,-14.026169,-11.217736,-13.622534,-12.037097,-13.080204,-12.75412,-12.405501,-13.344934,-11.610426,-13.788726,-10.71214,-14.06899,-9.732144,-14.174576,-8.695255,-14.100466,-7.6283154,-13.848274,-6.558848,-13.426426,-5.513643,-12.849944,-4.517374,-12.139943,-3.5913913,-11.322752,-2.7526078,-10.428766,-2.0127542,-9.491126,-1.3778311,-8.544164
74,-45,0.3401878,3.7364123,0.12358972,2.9614313,-0.01694095,2.295946,-0.09958664,1.7617886,-0.14564294,1.374678,-0.17826171,1.1435449,-0.22110036,1.0702158,-0.29695046,1.1494424,-0.4264291,1.3692949,-0.6268089,1.7118862,-0.91105187,2.1543748,-1.2871051,2.6702,-1.7574943,3.230478,-2.3192399,3.805459,-2.9641025,4.3660088,-3.6791155,4.8849673,-4.4474177,5.3383813,-5.2492766,5.7064953,-6.0632854,5.974462,-6.867639,6.1327777,-7.641408,6.177353,-8.365753,6.1093054,-9.024975,5.934443,-9.607363,5.662502,-10.105804,5.306171,-10.518064,4.880033,-10.846767,4.399398,-11.099091,3.8791814,-11.286142,3.332877,-11.422116,2.7716897,-11.523219,2.2038527,-11.606515,1.6342349,-11.688688,1.0642139,-11.78482,0.4918166,-11.907295,-0.08785871,-12.064864,-0.681979,-12.261929,-1.2991145,-12.498096,-1.9482671,-12.7680645,-2.6378086,-13.061802,-3.374428,-13.365033,-4.162171,-13.660005,-5.001624,-13.926504,-5.8893065,-14.143017,-6.8172956,-14.2880335,-7.773198,-14.34135,-8.740349,-14.285325,-9.698369,-14.10604,-10.623976,-13.794225,-11.492,-13.345939,-12.276632,-12.762984,-12.952731,-12.052949,-13.497199,-11.2289715,-13.890283,-10.309129,-14.116771,-9.315603,-14.166977,-8.273578,-14.037488,-7.2099185,-13.731569,-6.151865,-13.259266,-5.1255655,-12.637139,-4.1547785,-11.887632,-3.2596536,-11.038192,-2.4557242,-10.120044,-1.7531815,-9.166818,-1.156413,-8.212979
75,-45,0.25039577,3.530936,0.060445268,2.783914,-0.05894237,2.152334,-0.12692623,1.6566728,-0.1654834,1.3111013,-0.19812241,1.1229011,-0.24851677,1.0922031,-0.3391388,1.2121124,-0.48997208,1.4691707,-0.7173767,1.8441429,-1.0331748,2.313084,-1.4440099,2.8486185,-1.951002,3.421349,-2.5497463,4.00135,-3.2306163,4.559612,-3.9793725,5.069401,-4.7780495,5.507443,-5.6060195,5.854862,-6.441237,6.097849,-7.2615066,6.2280045,-8.045786,6.2423763,-8.775364,6.143167,-9.434889,5.937171,-10.013175,5.6349616,-10.503779,5.2498918,-10.905186,4.7969933,-11.220767,4.291826,-11.458408,3.7493544,-11.629831,3.1829422,-11.749704,2.6035197,-11.834555,2.0189505,-11.901579,1.4336802,-11.967402,0.8486646,-12.0468855,0.26156545,-12.152037,-0.3327866,-12.291114,-0.9416875,-12.467954,-1.5736694,-12.681596,-2.2375143,-12.926208,-2.9411926,-13.191315,-3.6908205,-13.462348,-4.4897275,-13.721457,-5.337683,-13.948536,-6.2303324,-14.122432,-7.158884,-14.222223,-8.110133,-14.228524,-9.066725,-14.124732,-10.007778,-13.898102,-10.90972,-13.540656,-11.74736,-13.049796,-12.495159,-12.428641,-13.128532,-11.686,-13.625236,-10.83609,-13.966619,-9.897834,-14.138804,-8.893989,-14.133621,-7.8500013,-13.949247,-6.7927113,-13.590599,-5.7489524,-13.069316,-4.7441835,-12.403433,-3.8011434,-11.616688,-2.9387443,-10.737569,-2.171065,-9.79803,-1.5067362,-8.832099,-0.94854695,-7.874296
76,-46,0.1698404,3.3406792,0.004483361,2.6234713,-0.09612013,2.0272543,-0.15202822,1.5710897,-0.18581302,1.2675712,-0.22124587,1.1222985,-0.28192294,1.1337161,-0.3899054,1.2932981,-0.564457,1.5860916,-0.82095003,1.9915682,-1.1700057,2.484747,-1.6169128,3.0375054,-2.161358,3.620023,-2.797495,4.2022767,-3.5143137,4.7554665,-4.2963214,5.253365,-5.1244783,5.6734447,-5.977312,5.997777,-6.8321795,6.213625,-7.666564,6.313743,-8.459366,6.296332,-9.1920595,6.1646852,-9.849696,5.9265814,-10.421674,5.5934224,-10.902242,5.179194,-11.290643,4.699357,-11.591024,4.169693,-11.811988,3.6051834,-11.965877,3.0190365,-12.067826,2.421887,-12.134679,1.8212104,-12.183757,1.2210222,-12.231618,0.6218544,-12.292892,0.021007305,-12.379208,-0.5869461,-12.498334,-1.209417,-12.653559,-1.8548834,-12.843371,-2.5318947,-13.061428,-3.2480063,-13.296852,-4.0087566,-13.534823,-4.816763,-13.757426,-5.670987,-13.9447155,-6.5662236,-14.07593,-7.492842,-14.13078,-8.436875,-14.090733,-9.380337,-13.940227,-10.301895,-13.667707,-11.177766,-13.266481,-11.982805,-12.735268,-12.691817,-12.078462,-13.280847,-11.306047,-13.728547,-10.433222,-14.017444,-9.479704,-14.135033,-8.4687395,-14.074647,-7.4259734,-13.836092,-6.3780785,-13.425907,-5.3514314,-12.8573,-4.3706775,-12.149726,-3.4575088,-11.3281555,-2.6295173,-10.422034,-1.8993145,-9.463963,-1.2739457,-8.488277,-0.7545785,-7.5294423
77,-46,0.097535685,3.1661277,-0.04537493,2.4804263,-0.1296202,1.9208479,-0.17607662,1.504987,-0.20782162,1.2438263,-0.24879678,1.141276,-0.32242587,1.1940929,-0.4502684,1.3921462,-0.65078485,1.7190294,-0.9382875,2.1529791,-1.3221375,2.6680446,-1.8062251,3.235438,-2.3887804,3.8249996,-3.0625,4.4066873,-3.8150055,4.952008,-4.6295714,5.435304,-5.4861183,5.8348727,-6.362382,6.133786,-7.2351737,6.3204327,-8.081723,6.388743,-8.880923,6.3380904,-9.6145,6.1728725,-10.267966,5.9018364,-10.831349,5.537195,-11.299627,5.0935516,-11.672849,4.586763,-11.955939,4.032793,-12.158236,3.446621,-12.292695,2.8412685,-12.374935,2.2270458,-12.422097,1.6110327,-12.4516115,0.99680245,-12.479975,0.38445738,-12.5215645,-0.22906151,-12.587635,-0.84942317,-12.685468,-1.484141,-12.817815,-2.141635,-12.982627,-2.8301973,-13.173087,-3.5569618,-13.377938,-4.3268895,-13.5821495,-5.1418905,-13.767786,-6.0001225,-13.915098,-6.8955636,-14.003758,-7.817782,-14.014142,-8.752085,-13.928596,-9.679905,-13.732606,-10.579543,-13.415817,-11.427053,-12.972816,-12.19742,-12.403595,-12.865853,-11.713784,-13.409097,-10.914488,-13.806768,-10.021844,-14.04259,-9.05625,-14.105481,-8.041365,-13.990306,-7.0029287,-13.698479,-5.967379,-13.238148,-4.960529,-12.62405,-4.006174,-11.877011,-3.12485,-11.023159,-2.3327992,-10.09282,-1.6411195,-9.119151,-1.0552562,-8.136699,-0.5747696,-7.179781
78,-46,0.03247289,3.0076725,-0.09021961,2.3549967,-0.16058616,1.8331418,-0.20023881,1.4581971,-0.23266926,1.2394979,-0.281895,1.1792611,-0.3710736,1.2725651,-0.52117383,1.5077047,-0.7497724,1.8668664,-1.0700521,2.3271112,-1.4900575,2.8615906,-2.0122464,3.4409385,-2.633365,4.0347342,-3.3446567,4.613013,-4.1323786,5.1476564,-4.978606,5.613669,-5.8622675,5.9902353,-6.7603436,6.2614784,-7.649174,6.4169593,-8.505786,6.4518156,-9.30914,6.366605,-10.041266,6.1668234,-10.6882,5.862188,-11.2406435,5.4657006,-11.694345,4.9925456,-12.050182,4.4589515,-12.313894,3.8810372,-12.495545,3.2737346,-12.608721,2.6498542,-12.669515,2.0193665,-12.695352,1.3889276,-12.703769,0.7616599,-12.711175,0.137238,-12.731713,-0.48775232,-12.77624,-1.1192197,-12.851557,-1.7647675,-12.959895,-2.4327366,-13.098687,-3.1311603,-13.260654,-3.8667395,-13.434212,-4.643854,-13.604138,-5.4637084,-13.752525,-6.323684,-13.859858,-7.2169595,-13.906279,-8.132337,-13.872853,-9.054449,-13.742831,-9.964213,-13.502767,-10.839604,-13.143493,-11.656601,-12.66085,-12.390376,-12.056087,-13.016619,-11.3360195,-13.512821,-10.5128145,-13.85963,-9.603463,-14.042017,-8.628976,-14.050324,-7.613336,-13.880975,-6.5822897,-13.536994,-5.5619483,-13.028099,-4.5774813,-12.370512,-3.6517467,-11.586381,-2.8040807,-10.702917,-2.049323,-9.75124,-1.3970281,-8.764971,-0.8510331,-7.7787757,-0.409298,-6.8267226
79,-47,-0.026374936,2.8656025,-0.13114598,2.2472963,-0.19015408,1.7640648,-0.22566053,1.4304456,-0.26148045,1.2541149,-0.32161146,1.2355843,-0.42885277,1.3682756,-0.6034947,1.6389409,-0.8621521,2.0284119,-1.216813,2.5126393,-1.6741568,3.0639582,-2.2351706,3.652497,-2.8951046,4.2476726,-3.643748,4.8196754,-4.466014,5.340852,-5.3428135,5.786944,-6.2521176,6.1380787,-7.170223,6.3794985,-8.0730505,6.5019646,-8.937491,6.5018506,-9.742634,6.380906,-10.470887,6.1457314,-11.108859,5.8069935,-11.647966,5.378457,-12.084784,4.875866,-12.421034,4.315781,-12.663286,3.71444,-12.822345,3.0866964,-12.91243,2.4451203,-12.950094,1.7993146,-12.953045,1.1554965,-12.938914,0.51632637,-12.924018,-0.118952915,-12.922235,-0.75410795,-12.944035,-1.3952787,-12.9957485,-2.0501487,-13.079088,-2.7269661,-13.190985,-3.4334955,-13.323732,-4.1759996,-13.465436,-4.958276,-13.600734,-5.780832,-13.711768,-6.6402907,-13.779301,-7.529054,-13.783976,-8.435201,-13.7075815,-9.34274,-13.534284,-10.232123,-13.251705,-11.081064,-12.85187,-11.865532,-12.331852,-12.560962,-11.694114,-13.143573,-10.946618,-13.5916815,-10.102518,-13.887,-9.179602,-14.015796,-8.199393,-13.96985,-7.186122,-13.747155,-6.165446,-13.352322,-5.1630707,-12.796624,-4.203441,-12.097721,-3.3084054,-11.279017,-2.4960415,-10.368721,-1.7797451,-9.39866,-1.1675076,-8.402838,-0.6615509,-7.415938,-0.25825104,-6.471684
80,-47,-0.08004392,2.7401037,-0.16924591,2.157333,-0.21944252,1.713432,-0.25345752,1.4213575,-0.2953351,1.2871009,-0.36895975,1.3094795,-0.49667972,1.4802754,-0.6980219,1.7847399,-0.98856497,2.202406,-1.3790398,2.7081833,-1.8747149,3.2736683,-2.4750788,3.8685737,-3.1738746,4.462239,-3.9594414,5.025098,-4.815379,5.5300484,-5.7214594,5.953633,-6.6547594,6.276997,-7.5909414,6.4865413,-8.505578,6.5742726,-9.375485,6.5378127,-10.179957,6.3801208,-10.901838,6.1088862,-11.5283575,5.73571,-12.051704,5.2750955,-12.469313,4.7433124,-12.783781,4.1572175,-13.002513,3.5331292,-13.137085,2.885791,-13.202329,2.2274973,-13.215257,1.5674605,-13.1938505,0.9114397,-13.155817,0.2616219,-13.117368,-0.38318515,-13.092114,-1.0270976,-13.090141,-1.67648,-13.117298,-2.3390853,-13.174794,-3.0230594,-13.25908,-3.7358875,-13.362041,-4.483391,-13.471505,-5.2687826,-13.572001,-6.091888,-13.645757,-6.948583,-13.673848,-7.8305316,-13.637454,-8.725122,-13.5191,-9.6157875,-13.303882,-10.48257,-12.980511,-11.302993,-12.542177,-12.053074,-11.987156,-12.708564,-11.319107,-13.246299,-10.547073,-13.64546,-9.685132,-13.888872,-8.751784,-13.964123,-7.769006,-13.8644705,-6.7611675,-13.589458,-5.753758,-13.145274,-4.7719913,-12.54471,-3.83951,-11.806811,-2.9770882,-10.956174,-2.2014925,-10.021926,-1.5246398,-9.036516,-0.9529378,-8.034227,-0.4869957,-7.0496616,-0.121626556,-6.116116
81,-47,-0.12957282,2.6312652,-0.20560125,2.0850158,-0.24954772,1.6809653,-0.2847085,1.4304564,-0.33526444,1.3377901,-0.42489156,1.4000931,-0.5753973,1.6075379,-0.8054629,1.9439192,-1.1295582,2.3875315,-1.5571028,2.9123185,-2.0919065,3.4892144,-2.7319448,4.087613,-3.4694388,4.6768584,-4.291299,5.2277203,-5.1798286,5.713723,-6.113711,6.1122885,-7.069187,6.4056373,-8.021335,6.5813775,-8.945453,6.632788,-9.818358,6.5587635,-10.619611,6.3634667,-11.332547,6.0556755,-11.945083,5.6479025,-12.450228,5.155354,-12.846304,4.5947943,-13.13681,3.9833395,-13.330016,3.3373456,-13.438254,2.6714063,-13.476983,1.997517,-13.463653,1.3244718,-13.416508,0.65754354,-13.353323,-0.0015548033,-13.290192,-0.6544552,-13.240452,-1.305628,-13.213786,-1.961655,-13.215578,-2.6303427,-13.24654,-3.3197243,-13.302652,-4.037009,-13.375426,-4.7875614,-13.452435,-5.5740147,-13.518127,-6.395525,-13.554856,-7.2472506,-13.544044,-8.120133,-13.467421,-9.000911,-13.308283,-9.8725,-13.052664,-10.714588,-12.69035,-11.504552,-12.215695,-12.218541,-11.628159,-12.832698,-10.932539,-13.324496,-10.138903,-13.674056,-9.262196,-13.865355,-8.321541,-13.887328,-7.339299,-13.734708,-6.339886,-13.408606,-5.3485394,-12.91676,-4.389895,-12.273437,-3.4867253,-11.499015,-2.6586533,-10.619193,-1.9211079,-9.663959,-1.2844906,-8.666283,-0.75360507,-7.6606345,-0.32745972,-6.681441,0.000670406,-5.7614717
82,-48,-0.1759947,2.5390804,-0.24127574,2.0301561,-0.28153425,1.6662849,-0.32044905,1.4571729,-0.3822419,1.4054223,-0.49028862,1.5064856,-0.665767,1.7489576,-0.9264326,2.1152275,-1.2855796,2.5824142,-1.7512596,3.1235719,-2.325796,3.7090626,-3.0056214,4.3080444,-3.7814453,4.889957,-4.6387587,5.4259973,-5.5586066,5.8903904,-6.518634,6.261509,-7.4942865,6.522708,-8.460149,6.6628423,-9.391298,6.676496,-10.264629,6.563852,-11.06003,6.330274,-11.761399,5.985604,-12.357395,5.5432453,-12.841891,5.019093,-13.214128,4.4303446,-13.478537,3.7943373,-13.6442585,3.1274369,-13.724391,2.4440484,-13.735002,1.7558212,-13.69399,1.0711073,-13.61984,0.39469224,-13.530374,-0.27221614,-13.441557,-0.9316934,-13.366442,-1.588549,-13.314311,-2.2495763,-13.290077,-2.9226396,-13.293965,-3.6156492,-13.321511,-4.3355117,-13.36386,-5.0871525,-13.4083605,-5.8726287,-13.439425,-6.6904287,-13.439558,-7.535012,-13.390541,-8.396639,-13.274697,-9.261448,-13.076105,-10.111866,-12.78175,-10.927289,-12.382479,-11.685023,-11.873796,-12.36139,-11.256312,-12.932975,-10.535914,-13.377983,-9.723651,-13.677493,-8.835256,-13.816682,-7.8904138,-13.78585,-6.9117455,-13.5812235,-5.923664,-13.205457,-4.9510555,-12.667808,-4.0179076,-11.983982,-3.146046,-11.1756315,-2.353902,-10.269496,-1.6554949,-9.296317,-1.0596917,-8.289504,-0.5697034,-7.2836123,-0.18294036,-6.312796,0.108828366,-5.409219
83,-48,-0.22033305,2.4634423,-0.27731052,1.9924661,-0.31643167,1.6689187,-0.36166513,1.5008463,-0.43718114,1.489156,-0.5659617,1.6276444,-0.7684697,1.9033682,-1.0614575,2.2973626,-1.4569799,2.7856436,-1.9616739,3.3404517,-2.5763423,3.9316702,-3.2958634,4.5283003,-4.109441,5.099985,-5.001168,5.6184154,-5.950871,6.058611,-6.9352016,6.399957,-7.928885,6.6269903,-8.906065,6.7298646,-9.8416815,6.7044845,-10.712771,6.5523276,-11.49963,6.279958,-12.186772,5.8982706,-12.763655,5.421532,-13.225061,4.866267,-13.571183,4.25009,-13.807404,3.5905142,-13.943751,2.903859,-13.994084,2.2043016,-13.975081,1.5031263,-13.905066,0.8082143,-13.802757,0.12382632,-13.686006,-0.5493279,-13.570631,-1.2137715,-13.469395,-1.8746647,-13.391171,-2.539006,-13.3404045,-3.2146945,-13.316841,-3.9095118,-13.315582,-4.6300735,-13.327434,-5.380845,-13.339558,-6.163316,-13.336334,-6.9753284,-13.300452,-7.8106637,-13.214104,-8.658932,-13.060208,-9.505698,-12.823638,-10.332971,-12.492329,-11.1199,-12.05821,-11.843779,-11.51789,-12.481165,-10.873101,-13.0091505,-10.1307745,-13.406707,-9.302875,-13.655928,-8.405854,-13.743213,-7.4598737,-13.660254,-6.4877706,-13.404771,-5.5138264,-12.980944,-4.562512,-12.399533,-3.657083,-11.677618,-2.8183537,-10.83805,-2.0635054,-9.908549,-1.4051299,-8.920525,-0.8505367,-7.9077263,-0.40132597,-6.904702,-0.053337462,-5.9452486,0.20313005,-5.0608096
84,-48,-0.26359183,2.4041567,-0.31471545,1.9715712,-0.35522503,1.6883035,-0.40928784,1.5607313,-0.5009276,1.5880708,-0.6526428,1.7624868,-0.8840962,2.0695388,-1.2109655,2.4889712,-1.6440052,2.9957674,-2.1883945,3.5614426,-2.843389,4.1554766,-3.6023078,4.746825,-4.4528546,5.305405,-5.377757,5.803502,-6.3556657,6.216993,-7.362292,6.5263476,-8.371704,6.7173405,-9.357683,6.7814455,-10.295101,6.7159224,-11.161209,6.523544,-11.936781,6.212062,-12.607016,5.7934003,-13.162214,5.282659,-13.59811,4.6969647,-13.915885,4.0542855,-14.121896,3.3722756,-14.227053,2.6671686,-14.245992,1.9528706,-14.195979,1.2402567,-14.095762,0.53672177,-13.964266,-0.15401942,-13.819356,-0.8317752,-13.676698,-1.4995143,-13.5487385,-2.1627395,-13.443947,-2.8286548,-13.366295,-3.5051937,-13.315059,-4.199989,-13.284921,-4.9193616,-13.266373,-5.667328,-13.246401,-6.4448037,-13.209398,-7.248999,-13.13826,-8.07305,-13.015597,-8.905939,-12.824964,-9.732707,-12.5520315,-10.534989,-12.185691,-11.291752,-11.718925,-11.980312,-11.149438,-12.57754,-10.480035,-13.061088,-9.71866,-13.410735,-8.878129,-13.609631,-7.975528,-13.645431,-7.031425,-13.511233,-6.0687695,-13.206235,-5.1116524,-12.736134,-4.1840353,-12.113142,-3.308386,-11.355676,-2.5044458,-10.487728,-1.7880836,-9.537897,-1.1704293,-8.538173,-0.65722364,-7.522556,-0.24846889,-6.525491,0.06154917,-5.580311,0.28395388,-4.71768
85,-48,-0.30675077,2.3609378,-0.3544634,1.9670051,-0.39885142,1.7237948,-0.46418664,1.6360052,-0.5742547,1.7011732,-0.7509806,1.9098641,-1.013147,2.246189,-1.3752862,2.6886637,-1.8467983,3.2113147,-2.4313655,3.7850127,-3.126674,4.3789353,-3.9244866,4.962076,-4.8110175,5.504719,-5.7676625,5.979825,-6.771944,6.364212,-7.7986975,6.6394835,-8.8214035,6.7927003,-9.813543,6.816697,-10.750006,6.7100935,-11.608333,6.476959,-12.369836,6.126228,-13.020467,5.6708307,-13.551426,5.1266513,-13.959429,4.511373,-14.246688,3.843297,-14.420539,3.1401463,-14.492789,2.418025,-14.478834,1.6905388,-14.396544,0.96812195,-14.265049,0.2576327,-14.103466,-0.43775797,-13.929674,-1.1183887,-13.759149,-1.787691,-13.604018,-2.4515076,-13.472333,-3.1172292,-13.367603,-3.7928162,-13.288638,-4.485765,-13.229712,-5.2020783,-13.181022,-5.9453206,-13.129401,-6.7158566,-13.059283,-7.5102797,-12.953799,-8.321085,-12.796,-9.136681,-12.570073,-9.94162,-12.262519,-10.717207,-11.8631735,-11.442269,-11.366056,-12.094237,-10.769944,-12.650317,-10.078689,-13.088774,-9.301163,-13.39026,-8.450968,-13.539005,-7.5457854,-13.523942,-6.606497,-13.3395815,-5.6560836,-12.986605,-4.7183604,-12.472184,-3.816715,-11.809951,-2.972734,-11.019601,-2.2050276,-10.126187,-1.5281363,-9.159119,-0.95168877,-8.150871,-0.47984737,-7.1356053,-0.11102644,-6.147558,0.16200703,-5.219514,0.35176358,-4.3812647
86,-49,-0.35076106,2.3334146,-0.3974872,1.9782208,-0.448195,1.7746677,-0.52716863,1.7257718,-0.6578628,1.8274095,-0.861543,2.0685794,-1.1560333,2.4319983,-1.5546548,2.8950186,-2.0654027,3.4307919,-2.690428,4.009635,-3.4258375,4.60051,-4.261829,5.1725407,-5.1831627,5.696472,-6.1699347,6.1460204,-7.198589,6.499004,-8.24315,6.738235,-9.276577,6.8521,-10.272144,6.834813,-11.204822,6.686374,-12.052515,6.412148,-12.797148,6.0222216,-13.425488,5.5305004,-13.929675,4.953628,-14.307458,4.3098016,-14.5621,3.61758,-14.701926,2.8947303,-14.739657,2.157182,-14.691438,1.4181823,-14.575719,0.68768936,-14.412003,-0.027981369,-14.219589,-0.72624266,-14.016325,-1.4079739,-13.817496,-2.0770597,-13.634903,-2.7396827,-13.476162,-3.4034255,-13.344315,-4.0762677,-13.2377205,-4.7655444,-13.150254,-5.4769526,-13.071835,-6.213607,-12.989176,-6.97532,-12.88676,-7.7580767,-12.747981,-8.55378,-12.556354,-9.350276,-12.296724,-10.13168,-11.956399,-10.879009,-11.526165,-11.571017,-11.001073,-12.185275,-10.380931,-12.699404,-9.670587,-13.092333,-8.87981,-13.345606,-8.022927,-13.444576,-7.1181097,-13.379473,-6.1864853,-13.146213,-5.250989,-12.746952,-4.335088,-12.190329,-3.4615064,-11.491339,-2.6509044,-10.67088,-1.92071,-9.755011,-1.2840695,-8.773839,-0.7491062,-7.760262,-0.31839904,-6.7484884,0.011208368,-5.772465,0.24843927,-4.8643427,0.4071286,-4.0529428
87,-49,-0.39653602,2.3211346,-0.4446701,2.004592,-0.5040798,1.8401245,-0.59896857,1.8290701,-0.75237036,1.965665,-0.98480606,2.237384,-1.3130674,2.6256063,-1.7492014,3.1065938,-2.2997534,3.6527028,-2.9653156,4.2337837,-3.740402,4.818683,-4.6136622,5.376741,-5.568422,5.8792553,-6.583522,6.3007736,-7.634383,6.62019,-8.694293,6.8215704,-9.73576,6.894664,-10.731923,6.835105,-11.657918,6.644261,-12.492096,6.3287883,-13.217057,5.8999147,-13.820429,5.372483,-14.295359,4.763843,-14.640667,4.0926614,-14.860666,3.3777177,-14.964712,2.6367567,-14.966424,1.885482,-14.882692,1.1367562,-14.732527,0.4000241,-14.535801,-0.31898862,-14.311952,-1.0182772,-14.078786,-1.6992722,-13.85138,-2.3663292,-13.641183,-3.0259662,-13.455379,-3.6859403,-13.296538,-4.354242,-13.16257,-5.038055,-13.046972,-5.7427526,-12.939401,-6.471001,-12.826455,-7.222073,-12.692705,-7.9913726,-12.5218315,-8.770212,-12.297816,-9.545926,-12.006172,-10.302229,-11.635034,-11.019898,-11.176131,-11.67766,-10.625494,-12.253285,-9.983959,-12.7248535,-9.257323,-13.071995,-8.456181,-13.277203,-7.5955133,-13.326977,-6.6939354,-13.212848,-5.7727337,-12.932151,-4.854713,-12.488491,-3.9629104,-11.891923,-3.1193311,-11.158762,-2.3436282,-10.311064,-1.6519994,-9.375806,-1.0561861,-8.383718,-0.5627752,-7.368008,-0.17276736,-6.362848,0.11854346,-5.401796,0.3213254,-4.516269,0.45069203,-3.7340698
88,-49,-0.44495007,2.3235683,-0.4968456,2.0454206,-0.5672691,1.9193014,-0.68025184,1.9448792,-0.85831755,2.114779,-1.1211616,2.4149954,-1.48447,2.8256316,-1.9589624,3.3219335,-2.5496902,3.8755476,-3.2556648,4.4559546,-4.069804,5.031967,-4.979223,5.5732484,-5.9658422,6.05172,-7.0072994,6.4428473,-8.078059,6.726663,-9.150725,6.888537,-10.197445,6.9196243,-11.191303,6.816977,-12.107675,6.5833526,-12.925428,6.226682,-13.627916,5.7592974,-14.203689,5.1969438,-14.6469345,4.557643,-14.957576,3.860473,-15.141017,3.1243706,-15.20764,2.3670208,-15.171954,1.603854,-15.0515995,0.84729105,-14.866123,0.10622852,-14.635733,-0.61420465,-14.379999,-1.3126248,-14.116659,-1.9910241,-13.860557,-2.654218,-13.622772,-3.3090565,-13.410057,-3.9634793,-13.224505,-4.625479,-13.063578,-5.302065,-12.9204035,-5.9982953,-12.784393,-6.716394,-12.642068,-7.455096,-12.478094,-8.209232,-12.276441,-8.969569,-12.021596,-9.722949,-11.699745,-10.452724,-11.299838,-11.13949,-10.814529,-11.761984,-10.240846,-12.298239,-9.58058,-12.726831,-8.840432,-13.028143,-8.031781,-13.185631,-7.1702037,-13.186972,-6.274656,-13.025018,-5.366517,-12.698507,-4.468391,-12.212481,-3.6028066,-11.578367,-2.7909732,-10.813758,-2.051499,-9.94178,-1.399303,-8.990239,-0.8446811,-7.99043,-0.39268166,-6.975766,-0.04273511,-5.9802914,0.21138728,-5.037076,0.38125855,-4.1767364,0.48319986,-3.4259553
89,-49,-0.4968307,2.3401172,-0.55478936,2.0999427,-0.6384584,2.0112755,-0.7716057,2.0721283,-0.97615784,2.273547,-1.2709059,2.6000972,-1.670364,3.0306716,-2.1838691,3.5395772,-2.8149464,4.0978417,-3.5610077,4.6746616,-4.4133754,5.238918,-5.3576484,5.7606773,-6.374385,6.2125816,-7.440068,6.571083,-8.528264,6.8174105,-9.610982,6.938292,-10.660078,6.92631,-11.6486635,6.779957,-12.552438,6.5033717,-13.350861,6.105742,-14.028096,5.600476,-14.573677,5.0041814,-14.9828825,4.3354964,-15.256765,3.61386,-15.401842,2.8583167,-15.429513,2.0864277,-15.355201,1.3133037,-15.19725,0.5508846,-14.975748,-0.19251524,-14.711205,-0.91240084,-14.423296,-1.6080171,-14.129669,-2.2819278,-13.844904,-2.9394147,-13.579717,-3.5876598,-13.340396,-4.23477,-13.128565,-4.888732,-12.941244,-5.556382,-12.771203,-6.2424564,-12.607622,-6.9487324,-12.436952,-7.673423,-12.2439785,-8.410804,-12.012991,-9.151114,-11.728982,-9.880746,-11.3788185,-10.582731,-10.952266,-11.237515,-10.442894,-11.823906,-9.84868,-12.320231,-9.172352,-12.70562,-8.421469,-12.961238,-7.608128,-13.071553,-6.748428,-13.025429,-5.861606,-12.817037,-4.9690533,-12.446511,-4.093089,-11.920291,-3.2556722,-11.251155,-2.4771533,-10.457897,-1.7750347,-9.564661,-1.1629211,-8.600008,-0.6496445,-7.5956845,-0.23870626,-6.5852175,0.07201821,-5.602429,0.29024753,-4.679828,0.4289076,-3.8471308,0.5054676,-3.1298463
90,-49,-0.5529556,2.3701117,-0.61921686,2.1673288,-0.7182729,2.115065,-0.8735384,2.2096956,-1.1062589,2.440726,-1.4342442,2.7913468,-1.8707741,3.2393088,-2.4237566,3.7580647,-3.0951576,4.318108,-3.8807771,4.888447,-4.770352,5.4381247,-5.7479906,5.937703,-6.7929273,6.360624,-7.8805475,6.6843944,-8.983595,6.891507,-10.073552,6.970081,-11.122071,6.914155,-12.102371,6.723673,-12.990558,6.404146,-13.766747,5.965992,-14.415986,5.423665,-14.928856,4.794592,-15.301752,4.0979705,-15.536884,3.3535435,-15.641909,2.5804102,-15.629248,1.7959527,-15.515209,1.0149074,-15.318853,0.24869458,-15.060765,-0.49499062,-14.76174,-1.2123129,-14.441526,-1.9031625,-14.117657,-2.5706825,-13.804438,-3.2206259,-13.512182,-3.8604977,-13.246719,-4.4985666,-13.009194,-5.142806,-12.796192,-5.7998714,-12.600134,-6.4741735,-12.409977,-7.167046,-12.21213,-7.8761883,-11.991512,-8.595343,-11.732742,-9.314241,-11.421332,-10.018857,-11.044829,-10.691939,-10.593814,-11.313832,-10.062752,-11.863456,-9.45055,-12.31949,-8.760831,-12.661644,-8.001958,-12.871909,-7.1866875,-12.935786,-6.3315687,-12.843334,-5.4560556,-12.590055,-4.581473,-12.1774645,-3.7297862,-11.613372,-2.9223087,-10.911846,-2.1784768,-10.092837,-1.5146364,-9.181419,-0.94304466,-8.206825,-0.47105384,-7.2011676,-0.1006208,-6.1980066,0.1719165,-5.230844,0.35572907,-4.3315296,0.46504098,-3.5288072,0.51839995,-2.8469427
91,-49,-0.61405,2.4128277,-0.690782,2.2467024,-0.8072684,2.22965,-0.9864821,2.3564332,-1.2489057,2.615058,-1.6112953,2.9873984,-2.0856385,3.4501388,-2.67837,3.9759595,-3.3898706,4.5349092,-4.214326,5.0959077,-5.1398954,5.6282473,-6.14923,6.1030784,-7.2202897,6.4947195,-8.327416,6.7818007,-9.44261,6.9481354,-10.536903,6.9832664,-11.581829,6.8827157,-12.550796,6.6478767,-13.420394,6.285623,-14.171478,5.8075776,-14.79004,5.229201,-15.267738,4.568683,-15.602154,3.8457355,-15.79667,3.080342,-15.860079,2.291596,-15.805844,1.4966465,-15.651141,0.7098061,-15.415728,-0.058069203,-15.120656,-0.799938,-14.786984,-1.5126499,-14.4345045,-2.1967561,-14.080602,-2.8559868,-13.739285,-3.4965649,-13.420454,-4.126317,-13.129463,-4.7536616,-12.866981,-5.386553,-12.629151,-6.0314593,-12.408054,-6.692457,-12.1924515,-7.3704443,-11.968711,-8.062614,-11.721909,-8.762192,-11.437005,-9.458429,-11.100039,-10.136913,-10.699242,-10.780148,-10.225998,-11.368418,-9.675648,-11.880794,-9.048,-12.296349,-8.347539,-12.595424,-7.583379,-12.760868,-6.768867,-12.7792225,-5.920945,-12.641769,-5.0592017,-12.34532,-4.2048264,-11.89275,-3.3793604,-11.293216,-2.60341,-10.562035,-1.8954387,-9.720233,-1.2705923,-8.793748,-0.7397527,-7.812404,-0.30877945,-6.8085747,0.021908244,-5.8157663,0.25748423,-4.867069,0.40852943,-3.9935932,0.49050805,-3.2230399,0.52297205,-2.5783572
92,-49,-0.68078035,2.4674802,-0.7700708,2.337132,-0.9059231,2.353962,-1.110783,2.5111501,-1.4042896,2.7952497,-1.8020796,3.186885,-2.3147917,3.6617465,-2.9473488,4.1918263,-3.6985304,4.7468276,-4.560904,5.2956686,-5.5210705,5.8079896,-6.56026,6.255611,-7.655205,6.6138062,-8.779284,6.8624015,-9.90381,6.9865646,-10.999459,6.9773073,-12.037724,6.831646,-12.992294,6.552426,-13.840316,6.14786,-14.563463,5.6307516,-15.1487255,5.017519,-15.588896,4.327067,-15.882763,3.5795562,-16.034925,2.7951584,-16.055307,1.9928958,-15.958408,1.189629,-15.762268,0.39919668,-15.4873085,-0.36815375,-15.155025,-1.1060674,-14.786708,-1.8121029,-14.402164,-2.4874883,-14.018603,-3.1365461,-13.649707,-3.7659688,-13.304946,-4.383898,-12.989192,-4.9988956,-12.702621,-5.6188846,-12.440952,-6.2501373,-12.19593,-6.896399,-11.956126,-7.5581293,-11.707889,-8.232027,-11.43646,-8.910811,-11.1271515,-9.5832815,-10.766542,-10.234671,-10.343546,-10.847277,-9.85034,-11.4013605,-9.283129,-11.8762,-8.642579,-12.2512865,-7.9339886,-12.507628,-7.167176,-12.62895,-6.3560295,-12.60288,-5.517806,-12.421909,-4.6721616,-12.084158,-3.8400798,-11.593846,-3.0426059,-10.961423,-2.2995777,-10.203398,-1.6284344,-9.341815,-1.0430866,-8.403399,-0.553015,-7.4184723,-0.16258234,-6.4195995,0.12931968,-5.440119,0.32934606,-4.5126266,0.44943982,-3.6674113,0.50624096,-2.9310524,0.52023125,-2.32514
93,-49,-0.7537553,2.5332415,-0.85760283,2.4376507,-1.0146432,2.4869084,-1.2467098,2.6726456,-1.5725235,2.9800155,-2.0065348,3.3884559,-2.5579867,3.8727465,-3.2302556,4.4042783,-4.020507,4.952502,-4.9196925,5.4864283,-5.912881,5.976138,-6.97992,6.394204,-8.0963745,6.716933,-9.234726,6.925402,-10.365678,7.006183,-11.459639,6.951785,-12.488149,6.7607274,-13.425251,6.4372997,-14.248739,5.9910374,-14.941168,5.4358826,-15.490583,4.789167,-15.890974,4.070454,-16.142353,3.3002934,-16.250555,2.4989786,-16.226652,1.6854037,-16.08616,0.8760802,-15.847972,0.08432309,-15.533144,-0.6802708,-15.163597,-1.4120666,-14.760808,-2.1093547,-14.344567,-2.774053,-13.93188,-3.4110832,-13.536078,-4.0276036,-13.166184,-4.632064,-12.82657,-5.2331605,-12.516924,-5.8387756,-12.232529,-6.454978,-11.964811,-7.085176,-11.702157,-7.7293916,-11.430917,-8.383842,-11.136501,-9.040759,-10.804602,-9.688513,-10.422322,-10.312007,-9.9792595,-10.893369,-9.468381,-11.412885,-8.886719,-11.85006,-8.235785,-12.184872,-7.521636,-12.399005,-6.7547474,-12.477107,-5.949473,-12.407873,-5.123327,-12.185022,-4.2959657,-11.807978,-3.488094,-11.282265,-2.7202003,-10.619595,-2.011294,-9.837611,-1.3777432,-8.959307,-0.8321871,-8.012105,-0.38268915,-7.026743,-0.032114416,-6.0358787,0.22215475,-5.0726104,0.38822022,-4.16895,0.47933456,-3.3542757,0.51324683,-2.6539855,0.51128757,-2.0882492
94,-49,-0.83351976,2.6092355,-0.9538264,2.5472515,-1.1337547,2.6273627,-1.394445,2.839693,-1.7536278,3.1680503,-2.224505,3.5907571,-2.8148792,4.0817614,-3.526557,4.611949,-4.355076,5.1506057,-5.289785,5.6669307,-6.3142486,6.1315384,-7.406981,6.5178323,-8.5424385,6.8032255,-9.692267,6.9701004,-10.826668,7.006478,-11.915846,6.906383,-12.93148,6.66984,-13.848059,6.3025866,-14.644097,5.815436,-15.303095,5.223439,-15.8142185,4.5447917,-16.172684,3.799649,-16.379776,3.0088863,-16.442558,2.1928647,-16.37327,1.3702768,-16.18843,0.5572276,-15.907755,-0.23353498,-15.552919,-0.9931064,-15.146222,-1.7166107,-14.709302,-2.4030921,-14.2619,-3.0551603,-13.82078,-3.678348,-13.398899,-4.280278,-13.004811,-4.8696938,-12.642381,-5.4554152,-12.310791,-6.0452757,-12.004907,-6.6451383,-11.71583,-7.258056,-11.431781,-7.883629,-11.13911,-8.517596,-10.823432,-9.151716,-10.4708,-9.773946,-10.06887,-10.368909,-9.607907,-10.918595,-9.081646,-11.4033375,-8.487949,-11.802916,-7.829103,-12.097809,-7.1119056,-12.27044,-6.347417,-12.306364,-5.550417,-12.1953945,-4.7385955,-11.932465,-3.9315495,-11.518264,-3.1496403,-10.959607,-2.4127238,-10.269411,-1.7389357,-9.466402,-1.1435313,-8.574449,-0.6378492,-7.621598,-0.22851925,-6.6389127,0.083077766,-5.659056,0.30105552,-4.7147818,0.43491778,-3.837434,0.4991715,-3.0554252,0.51260316,-2.3928988,0.49730986,-1.8685577
95,-49,-0.92055476,2.6945536,-1.0591178,2.6648998,-1.2635074,2.7741842,-1.5540912,3.0110633,-1.9475372,3.35806,-2.4557495,3.792456,-3.085044,4.287451,-3.8356383,4.8135185,-4.7014365,5.339872,-5.6702046,5.8359985,-6.7240353,6.273121,-7.840156,6.625568,-8.991987,6.871916,-10.150416,6.9959044,-11.285215,6.987047,-12.366481,6.840897,-13.3661175,6.5589952,-14.259144,6.1484866,-15.024868,5.62146,-15.647804,4.9940095,-16.118294,4.2851367,-16.432821,3.5155456,-16.593967,2.706369,-16.610043,1.8779466,-16.494434,1.048729,-16.264664,0.23435788,-15.941243,-0.5530523,-15.546432,-1.3053291,-15.102877,-2.0183713,-14.632343,-2.6919982,-14.154472,-3.3295412,-13.685769,-3.9371274,-13.238787,-4.5228376,-12.821585,-5.095713,-12.437502,-5.6646843,-12.085231,-6.2375174,-11.759198,-6.8198524,-11.450197,-7.414407,-11.146294,-8.020341,-10.833851,-8.632921,-10.498691,-9.243465,-10.127243,-9.839542,-9.707705,-10.405501,-9.231015,-10.923228,-8.691668,-11.3731575,-8.088298,-11.735385,-7.423972,-11.990911,-6.706159,-12.122909,-5.946464,-12.117887,-5.1600165,-11.966758,-4.364634,-11.66566,-3.5797706,-11.216554,-2.8253775,-10.627501,-2.1206448,-9.912579,-1.4827688,-9.091519,-0.9258545,-8.189,-0.45991737,-7.23361,-0.09015269,-6.256651,0.18355192,-5.290697,0.3667594,-4.3680844,0.47033793,-3.5194085,0.50998604,-2.772024,0.5054532,-2.14877,0.47951895,-1.6668452
96,-49,-1.0152781,2.7882571,-1.1737856,2.7895446,-1.4040772,2.9262216,-1.7256712,3.1855268,-2.1541119,3.5487623,-2.699946,3.992245,-3.367977,4.488514,-4.15681,5.007719,-5.058724,5.5191007,-6.0599184,5.992519,-7.1410522,6.3999023,-8.278132,6.71657,-9.443597,6.9223294,-10.607665,7.002333,-11.739759,6.9476027,-12.809965,6.7552433,-13.790495,6.428297,-14.656978,5.975315,-15.389596,5.409599,-15.973936,4.7482576,-16.401573,4.0110435,-16.67029,3.219123,-16.783981,2.3938217,-16.75222,1.555415,-16.589537,0.7220227,-16.314426,-0.09123441,-15.948185,-0.87290853,-15.513607,-1.6155998,-15.033667,-2.3160262,-14.530195,-2.9747987,-14.022715,-3.595959,-13.527431,-4.18625,-13.056459,-4.7542043,-12.6173525,-5.309135,-12.212916,-5.8600736,-11.841328,-6.414715,-11.496587,-6.9784694,-11.1691885,-7.5536957,-10.847042,-8.13913,-10.516544,-8.729581,-10.163724,-9.315918,-9.775411,-9.885355,-9.34033,-10.422005,-8.850087,-10.907683,-8.299915,-11.32294,-7.6892176,-11.648214,-7.0217714,-11.865077,-6.3056927,-11.95748,-5.553072,-11.9128895,-4.7793255,-11.723315,-4.00233,-11.3861065,-3.2413476,-10.904454,-2.5158603,-10.2876215,-1.8443164,-9.550812,-1.2429401,-8.714701,-0.72465116,-7.8046937,-0.29812282,-6.849837,0.032892294,-5.881589,0.26996657,-4.932341,0.42009702,-4.033926,0.4954599,-3.2161098,0.51288164,-2.505135,0.49299705,-1.922478,0.45917895,-1.4837881
97,-49,-1.1180384,2.889382,-1.2980617,2.9201143,-1.5555586,3.0823152,-1.9091266,3.3618574,-2.37312,3.73889,-2.9566905,4.1888433,-3.6630914,4.6836867,-4.489303,5.193332,-5.4259934,5.687149,-6.4578185,6.1354623,-7.5640564,6.510983,-8.719534,6.790097,-9.895799,6.9539022,-11.062484,6.9890056,-12.188735,6.887964,-13.244725,6.6494417,-14.203064,6.277981,-15.040071,5.7834897,-15.736868,5.1804695,-16.280191,4.486971,-16.662888,3.723433,-16.88407,2.911433,-16.948963,2.0724196,-16.868418,1.2265128,-16.658081,0.39145947,-16.337414,-0.4181974,-15.928455,-1.191741,-15.45451,-1.9225812,-14.938817,-2.6082673,-14.403258,-3.2502205,-13.867182,-3.8532197,-13.346462,-4.4246,-12.8527565,-4.9733396,-12.393082,-5.5090246,-11.969688,-6.04077,-11.580249,-6.5761766,-11.218334,-7.120416,-10.874138,-7.675497,-10.535433,-8.239719,-10.188652,-8.807436,-9.82004,-9.369099,-9.416816,-9.911577,-8.968261,-10.418774,-8.46663,-10.87246,-7.90787,-11.253352,-7.2921147,-11.542262,-6.6238403,-11.721341,-5.9117446,-11.775337,-5.1683526,-11.692688,-4.4093165,-11.466514,-3.652513,-11.095346,-2.9169335,-10.583591,-2.2215333,-9.941682,-1.5839831,-9.185864,-1.0194862,-8.337705,-0.53974843,-7.4232583,-0.15208769,-6.471952,0.14117777,-5.5153055,0.34307685,-4.585453,0.46198592,-3.7136302,0.51134115,-2.928705,0.5090277,-2.2557397,0.4764848,-1.7147989,0.4375903,-1.3199564
98,-49,-1.2291218,2.9969487,-1.4321115,3.0555336,-1.7179778,3.2413116,-2.1043246,3.5388467,-2.604265,3.927204,-3.2255042,4.381011,-3.9697282,4.8717546,-4.8322916,5.3692093,-5.8022532,5.842959,-6.8627653,6.263879,-7.9917665,6.605557,-9.162983,6.845504,-10.347134,6.9661703,-11.513346,6.9556513,-12.630598,6.808063,-13.6692295,6.523629,-14.602329,6.1083655,-15.406994,5.5735345,-16.065365,4.93476,-16.565372,4.2109985,-16.901173,3.4233098,-17.073254,2.593599,-17.088188,1.743366,-16.958076,0.8925275,-16.699701,0.058371827,-16.333443,-0.7451933,-15.882052,-1.5082133,-15.369311,-2.224946,-14.818678,-2.8938107,-14.252038,-3.5170538,-13.688537,-4.1001763,-13.143667,-4.65112,-12.628603,-5.1793003,-12.149807,-5.6945496,-11.708969,-6.206052,-11.303241,-6.7213125,-10.925757,-7.245246,-10.566428,-7.779495,-10.212892,-8.321935,-9.851628,-8.866474,-9.4691105,-9.403147,-9.052964,-9.918511,-8.592991,-10.396277,-8.082091,-10.818209,-7.5169263,-11.165203,-6.898331,-11.418471,-6.2314286,-11.560794,-5.525459,-11.57772,-4.7933297,-11.458672,-4.050863,-11.197858,-3.315869,-10.794988,-2.607032,-10.25565,-1.9427212,-9.591389,-1.3397691,-8.819469,-0.8123258,-7.9622593,-0.3708602,-7.046388,-0.021326352,-6.1015787,0.23538898,-5.159331,0.40372905,-4.251422,0.4934242,-3.4084344,0.5191074,-2.658259,0.4996488,-2.0247107,0.45720997,-1.5264055,0.41608185,-1.1758109
99,-49,-1.3487455,3.109966,-1.5760274,3.1947215,-1.8912814,3.4020624,-2.3110564,3.7153015,-2.8471642,4.112494,-3.5058362,4.567548,-4.287165,5.0515594,-5.1848774,5.5342603,-6.1864495,5.9855356,-7.2735605,6.3769116,-8.422868,6.682909,-9.607059,6.8822527,-10.796113,6.9587774,-11.958733,6.9021087,-13.063819,6.7079415,-14.081966,6.378041,-14.98684,5.919902,-15.756385,5.3460703,-16.373823,4.6732755,-16.828342,3.9212923,-17.115456,3.1117468,-17.23704,2.2668054,-17.201023,1.4079386,-17.020767,0.5547784,-16.714146,-0.27588558,-16.30245,-1.0708487,-15.809107,-1.8209728,-15.258314,-2.5213888,-14.673727,-3.1714056,-14.07717,-3.7741144,-13.48755,-4.3357415,-12.919954,-4.864824,-12.385034,-5.371203,-11.888674,-5.8649507,-11.431988,-6.3552966,-11.011601,-6.849626,-10.620228,-7.3526034,-10.247484,-7.8654885,-9.880891,-8.385728,-9.506972,-8.906791,-9.112449,-9.418325,-8.685336,-9.906568,-8.21598,-10.355086,-7.6979103,-10.745653,-7.1284666,-11.059378,-6.5091624,-11.2779045,-5.8457246,-11.384644,-5.1479015,-11.365969,-4.428925,-11.212276,-3.7047305,-10.918889,-2.9930105,-10.486662,-2.3120687,-9.922318,-1.6796436,-9.238494,-1.1116834,-8.453373,-0.62126225,-7.590081,-0.21759108,-6.6757436,0.09475085,-5.7402925,0.3162886,-4.815121,0.45285857,-3.9315848,0.5154889,-3.1195092,0.51995003,-2.4057467,0.48602185,-1.8128246,0.4365017,-1.3578622,0.39600378,-1.0517027
100,-49,-1.4770609,3.2274368,-1.7298307,3.3366039,-2.075347,3.5634334,-2.5290365,3.8900547,-3.1013696,4.2935867,-3.7970624,4.7473044,-4.614606,5.222003,-5.5461073,5.687464,-6.5774755,6.1139746,-7.6889677,6.47378,-8.856011,6.742429,-10.050334,6.8998995,-11.241248,6.9314766,-12.397128,6.8283305,-13.486895,6.587744,-14.481475,6.2130356,-15.3552,5.7131214,-16.08694,5.1018243,-16.661072,4.3968916,-17.068077,3.6188848,-17.304869,2.7898986,-17.374737,1.9322902,-17.28697,1.0674406,-17.056168,0.21462789,-16.7013,-0.60994506,-16.244514,-1.3938078,-15.709869,-2.1286817,-15.121955,-2.8106215,-14.504552,-3.4398425,-13.879399,-4.0202727,-13.265112,-4.5588846,-12.676331,-5.064798,-12.123159,-5.5482583,-11.610891,-6.019559,-11.140039,-6.487968,-10.706701,-6.960737,-10.303164,-7.4422426,-9.918766,-7.933379,-9.540902,-8.431156,-9.156177,-8.928611,-8.751542,-9.415,-8.315412,-9.876288,-7.8386683,-10.2958975,-7.3154607,-10.655641,-6.7437916,-10.936874,-6.1258183,-11.121692,-5.467849,-11.194157,-4.7800646,-11.141475,-4.075977,-10.955031,-3.3715932,-10.6312275,-2.684422,-10.172044,-2.0323386,-9.585322,-1.4323969,-8.884718,-0.89963484,-8.0893,-0.44600138,-7.222859,-0.07943853,-6.3129463,0.19683406,-5.389616,0.38474217,-4.484074,0.49148014,-3.6271713,0.52932346,-2.8479104,0.5151119,-2.1720405,0.4694612,-1.6207461,0.41571626,-1.2096205,0.37871772,-0.9478659
101,-49,-1.6141595,3.3483675,-1.8934824,3.4801176,-2.2699873,3.724317,-2.7579231,4.061974,-3.36637,4.4693537,-4.0985084,4.9191847,-4.9512167,5.382052,-5.9149876,5.8278837,-6.974201,6.2274504,-8.107733,6.5538077,-9.28985,6.783596,-10.491385,6.8981094,-11.681082,6.884119,-12.827069,6.7343636,-13.898372,6.447727,-14.866356,6.0290513,-15.706092,5.48866,-16.397455,4.841591,-16.92603,4.1065717,-17.283651,3.304853,-17.46866,2.4589477,-17.485773,1.5913329,-17.345642,0.72321147,-17.064098,-0.12657575,-16.661158,-0.94243884,-16.159817,-1.7127192,-15.584712,-2.4300487,-14.960766,-3.0914178,-14.311853,-3.6979637,-13.659572,-4.254479,-13.022194,-4.7686667,-12.413888,-5.250213,-11.844178,-5.7097645,-11.317731,-6.157819,-10.834465,-6.603656,-10.389936,-7.054366,-9.97601,-7.5140476,-9.5817375,-7.9832015,-9.194419,-8.458401,-8.800721,-8.932256,-8.387845,-9.393658,-7.9446187,-9.828311,-7.462438,-10.219503,-6.9360704,-10.549119,-6.3641453,-10.798785,-5.7494397,-10.951057,-5.0987906,-10.990675,-4.422802,-10.905693,-3.7352,-10.6884775,-3.0519967,-10.33649,-2.3904772,-9.85282,-1.7680225,-9.246375,-1.200965,-8.531781,-0.7033898,-7.7289324,-0.28611332,-6.862223,0.044206843,-5.959541,0.28571108,-5.050984,0.44169798,-4.1674943,0.5206831,-3.3393214,0.53613317,-2.5945945,0.50589,-1.9578953,0.45131963,-1.449021,0.39622703,-1.0820097,0.3655879,-0.8644149
102,-49,-1.7600628,3.471768,-2.0668693,3.624213,-2.4749413,3.883624,-2.997295,4.2299614,-3.6415837,4.6387134,-4.4094276,5.0821524,-5.296089,5.530747,-6.290468,5.954657,-7.3754425,6.3252296,-8.528564,6.616412,-9.723,6.805997,-10.928778,6.8766546,-12.114146,6.816673,-13.247089,6.620385,-14.296824,6.2882543,-15.23525,5.8266487,-16.038254,5.247255,-16.686787,4.566276,-17.167704,3.8033493,-17.47424,2.9803698,-17.606184,2.1201746,-17.569693,1.2452672,-17.37678,0.37661403,-17.04449,-0.46742648,-16.593863,-1.2719886,-16.048683,-2.0262525,-15.434134,-2.7237847,-14.775422,-3.362558,-14.096455,-3.9446583,-13.41864,-4.4757266,-12.75988,-4.964195,-12.133814,-5.4203205,-11.549361,-5.855118,-11.0105505,-6.2792606,-10.516681,-6.702028,-10.062763,-7.1303444,-9.6402445,-7.5679927,-9.237901,-8.015079,-8.842934,-8.46775,-8.442089,-8.918181,-8.022828,-9.354901,-7.574368,-9.763369,-7.088638,-10.126782,-6.560993,-10.427115,-5.9906874,-10.646268,-5.3810797,-10.7673,-4.739508,-10.775623,-4.0769234,-10.660147,-3.4072306,-10.414209,-2.7464027,-10.036334,-2.1114345,-9.530682,-1.5191869,-8.907183,-0.9852195,-8.181392,-0.52263725,-7.373947,-0.1410911,-6.509777,0.15404181,-5.61703,0.3622509,-4.7257724,0.48818338,-3.8665915,0.54162604,-3.0690873,0.53717965,-2.3604205,0.49361458,-1.7639611,0.4329696,-1.298083,0.37941745,-0.97524756,0.3579732,-0.8013508
103,-49,-1.9147409,3.596663,-2.2498264,3.7678647,-2.6898963,4.040304,-3.2466853,4.3929625,-3.926383,4.800637,-4.729036,5.235231,-5.6482935,5.667189,-6.6714764,6.066998,-7.780011,6.4066644,-8.950172,6.661096,-10.154103,6.809311,-11.361106,6.835398,-12.5390215,6.7291937,-13.655787,6.4866333,-14.6809025,6.1097717,-15.586883,5.6064568,-16.350515,4.989706,-16.953901,4.276834,-17.385216,3.4883287,-17.639132,2.6466305,-17.716913,1.77484,-17.626165,0.89542603,-17.380249,0.029025644,-16.997406,-0.80657893,-16.49966,-1.5972576,-15.9115505,-2.333104,-15.258744,-3.0086722,-14.566689,-3.6229265,-13.859267,-4.178902,-13.157651,-4.6831107,-12.479317,-5.144705,-11.837355,-5.5744805,-11.240037,-5.983812,-10.690733,-6.3835363,-10.188111,-6.7828984,-9.726645,-7.1886263,-9.297343,-7.6041837,-8.888727,-8.029278,-8.487906,-8.459605,-8.08172,-8.886931,-7.65787,-9.299432,-7.2059937,-9.682326,-6.718531,-10.01874,-6.1914186,-10.290747,-5.6245027,-10.480571,-5.0216966,-10.571767,-4.390798,-10.550454,-3.7430756,-10.406378,-3.0925593,-10.133857,-2.4551253,-9.732439,-1.8474405,-9.207326,-1.2857848,-8.569445,-0.7849158,-7.8352084,-0.3569255,-7.02595,-0.010298183,-6.1670446,0.2508772,-5.286832,0.4274232,-4.4152603,0.52529997,-3.5824926,0.55552536,-2.8174,0.53376836,-2.1461234,0.47965437,-1.590767,0.41580525,-1.1682442,0.36667255,-0.8894234,0.35721773,-0.7585476
104,-48,-2.078097,3.7220943,-2.4421215,3.9100747,-2.9144728,4.1933403,-3.5055587,4.549969,-4.2200794,4.9541535,-5.056491,5.3775153,-6.00684,5.7905684,-7.0568986,6.164213,-8.18668,6.4712005,-9.371245,6.6874714,-10.581791,6.7933297,-11.786965,6.774319,-12.954309,6.621858,-14.051795,6.33349,-15.049298,5.9128404,-15.920041,5.3692174,-16.64179,4.7169213,-17.197851,3.9743164,-17.57778,3.162671,-17.777721,2.304906,-17.800436,1.4242971,-17.654978,0.54319143,-17.35604,-0.3181709,-16.92303,-1.1426396,-16.37893,-1.916904,-15.748974,-2.632006,-15.059275,-3.2835171,-14.335446,-3.8714206,-13.60131,-4.3997197,-12.877746,-4.875788,-12.181752,-5.309482,-11.525833,-5.7121315,-10.917594,-6.0954437,-10.359719,-6.470388,-9.850239,-6.846156,-9.383073,-7.2292624,-8.948811,-7.6228323,-8.535715,-8.026156,-8.130812,-8.434487,-7.7210317,-8.83917,-7.2943473,-9.228042,-6.840803,-9.586104,-6.3533382,-9.896427,-5.828461,-10.141218,-5.266591,-10.303011,-4.6721625,-10.365896,-4.0534034,-10.316677,-3.4218435,-10.145969,-2.7915998,-9.849043,-2.1783972,-9.426461,-1.5985258,-8.88444,-1.067656,-8.234833,-0.5996987,-7.4948697,-0.2057243,-6.686499,0.106977105,-5.835488,0.3355905,-4.970277,0.4822568,-4.1206317,0.5542146,-3.316217,0.56365186,-2.5850883,0.5272436,-1.9523242,0.4653933,-1.4387189,0.40122196,-1.0596917,0.35936648,-0.82450926,0.3646419,-0.7357678
105,-48,-2.2499819,3.847123,-2.6434677,4.0498714,-3.148238,4.341754,-3.7733333,4.700023,-4.5219374,5.098349,-5.390915,5.5081654,-6.370717,5.900143,-7.445604,6.245689,-8.594219,6.51837,-9.790479,6.695238,-11.0047035,6.757928,-12.204986,6.6934876,-13.35865,6.4949274,-14.433793,6.161402,-15.400775,5.6980968,-16.233591,5.11574,-16.911072,4.429865,-17.41779,3.6598234,-17.744726,2.8275905,-17.889524,1.9564896,-17.856462,1.0698911,-17.656036,0.18993965,-17.304258,-0.663596,-16.821674,-1.4742652,-16.23217,-2.229634,-15.56163,-2.9217374,-14.836555,-3.5471961,-14.082679,-4.107035,-13.323695,-4.606231,-12.580134,-5.0530105,-11.868496,-5.4579325,-11.200636,-5.832831,-10.583472,-6.1897216,-10.018989,-6.5396843,-9.504558,-6.891828,-9.0335455,-7.25243,-8.596131,-7.6242642,-8.18032,-8.006191,-7.7730613,-8.393011,-7.3613977,-8.7756605,-6.933572,-9.141649,-6.4800134,-9.475757,-5.994185,-9.761023,-5.4731455,-9.979798,-4.917856,-10.114963,-4.333254,-10.151135,-3.7279394,-10.075845,-3.113681,-9.880536,-2.5046213,-9.561433,-1.916308,-9.1200905,-1.3646065,-8.563684,-0.8645272,-7.904977,-0.42911884,-7.1619473,-0.068388626,-6.357091,0.21155125,-5.516492,0.4091632,-4.6686287,0.5278708,-3.8429904,0.5761511,-3.0686677,0.56731707,-2.3728719,0.5189781,-1.7795346,0.45223287,-1.3081008,0.39061573,-0.9724888,0.35885793,-0.7803508,0.3815325,-0.7326464
106,-48,-2.4301956,3.9708414,-2.8535297,4.186326,-3.3907144,4.484619,-4.0493846,4.842227,-4.8311896,5.232383,-5.7314,5.626422,-6.7388926,5.9952645,-7.8364472,6.3109045,-9.001397,6.547809,-10.206579,6.684199,-11.421516,6.7030926,-12.613839,6.593076,-13.750739,6.348766,-14.800546,5.970926,-15.734178,5.466272,-16.526495,4.8469176,-17.157461,4.129575,-17.61298,3.3345156,-17.885494,2.484346,-17.974176,1.6027104,-17.884825,0.7129922,-17.629377,-0.16294633,-17.225142,-1.0058819,-16.693764,-1.8001301,-16.059988,-2.5341883,-15.350298,-3.2011278,-14.591526,-3.7986493,-13.809462,-4.3288326,-13.02761,-4.7976327,-12.266116,-5.214127,-11.540914,-5.589553,-10.863192,-5.9362307,-10.239142,-6.2664595,-9.670028,-6.591393,-9.152566,-6.9200406,-8.67956,-7.2584133,-8.240779,-7.608916,-7.823977,-7.96996,-7.41605,-8.335905,-7.004145,-8.697265,-6.5767746,-9.04122,-6.1247945,-9.352378,-5.642139,-9.613737,-5.1264095,-9.807819,-4.5791054,-9.917851,-4.005617,-9.929004,-3.4149106,-9.829514,-2.818928,-9.611682,-2.231809,-9.2726555,-1.6688609,-8.814954,-1.1454877,-8.246694,-0.67601854,-7.581469,-0.2725992,-6.837955,0.055818655,-6.039143,0.3043239,-5.2113543,0.47263104,-4.383024,0.5654277,-3.5833037,0.5923845,-2.840646,0.56787145,-2.1813295,0.51036453,-1.6281192,0.4415797,-1.1990767,0.38537267,-0.9065801,0.3664755,-0.7566733,0.40913507,-0.7487097
107,-48,-2.6184847,4.0923686,-3.0719192,4.318544,-3.6413705,4.621051,-4.333038,4.975731,-5.147021,5.3554673,-6.0770006,5.731589,-7.1103044,6.0753536,-8.22827,6.3594203,-9.406977,6.5592327,-10.618257,6.654242,-11.830923,6.628898,-13.012223,6.473347,-14.129318,6.183824,-15.150863,5.762693,-16.048416,5.2181697,-16.797796,4.563712,-17.380154,3.8171475,-17.782785,2.9996014,-17.999632,2.13423,-18.031424,1.2449182,-17.885479,0.35497823,-17.57516,-0.51408994,-17.119047,-1.3436823,-16.539846,-2.118944,-15.8631115,-2.8293567,-15.115875,-3.4690697,-14.325222,-4.0368853,-13.5169525,-4.5359564,-12.714332,-4.9732175,-11.937049,-5.3585815,-11.200431,-5.7039456,-10.514974,-6.0220985,-9.8861065,-6.325583,-9.314359,-6.6256065,-8.795772,-6.9310374,-8.3226,-7.2476096,-7.884199,-7.5773277,-7.468092,-7.9181557,-7.0611167,-8.263989,-6.6505337,-8.604931,-6.2251477,-8.927849,-5.7762046,-9.217165,-5.2981443,-9.45587,-4.7890916,-9.62666,-4.251042,-9.7131405,-3.689831,-9.701033,-3.1147223,-9.579286,-2.5378203,-9.34104,-1.9732037,-8.984355,-1.4359175,-8.51269,-0.94086397,-7.935054,-0.50164384,-7.2658377,-0.12949272,-6.52435,0.1677245,-5.7340016,0.3862748,-4.9212847,0.5271178,-4.114519,0.5961636,-3.3424513,0.6042298,-2.6328254,0.5666877,-2.0109406,0.50280535,-1.4983397,0.43483114,-1.1116724,0.3868533,-0.8617737,0.38351712,-0.7530849,0.44864693,-0.7833659
108,-47,-2.8145545,4.210864,-3.2982092,4.4456797,-3.8996425,4.7502246,-4.6235905,5.0997567,-5.4685955,5.4668984,-6.42676,5.82306,-7.483886,6.139922,-8.619916,6.3908925,-9.809741,6.5524597,-11.024257,6.6053596,-12.231658,6.5355186,-13.398892,6.334659,-14.493199,6.000646,-15.483635,5.537421,-16.342499,4.954674,-17.046633,4.26715,-17.578451,3.493735,-17.926685,2.6563306,-18.086815,1.7785648,-18.061136,0.8844776,-17.858492,-0.0027733867,-17.493654,-0.8621297,-16.986444,-1.675679,-16.360577,-2.429458,-15.64237,-3.1139836,-14.859336,-3.724518,-14.038766,-4.260992,-13.206399,-4.727639,-12.385198,-5.132369,-11.594341,-5.4859157,-10.848523,-5.8008223,-10.157482,-6.0903025,-9.525883,-6.367128,-8.953489,-6.6425147,-8.435675,-6.9251723,-7.9641323,-7.2205205,-7.527816,-7.530152,-7.1140165,-7.8515573,-6.7095275,-8.178174,-6.3017616,-8.499697,-5.879783,-8.802675,-5.435258,-9.071366,-4.9630976,-9.288766,-4.461935,-9.4377575,-3.9342666,-9.502333,-3.3863196,-9.468769,-2.8276565,-9.326742,-2.2704732,-9.070211,-1.7287667,-8.698138,-1.2172608,-8.214881,-0.7503241,-7.6303067,-0.34081718,-6.95955,0.000967354,-6.222493,0.2682392,-5.4429064,0.45845544,-4.647379,0.57378995,-3.864053,0.6213455,-3.1211855,0.6130335,-2.4457562,0.5651601,-1.862042,0.49770752,-1.3903178,0.43337217,-1.045794,0.39639163,-0.8377631,0.41122866,-0.769068,0.5012011,-0.83590955
109,-47,-3.0180628,4.325519,-3.5319264,4.5669284,-4.1649227,4.871364,-4.9203043,5.213583,-5.7950497,5.566034,-6.779697,5.9002967,-7.8585553,6.1885586,-9.010229,6.4050574,-10.208477,6.5273886,-11.4233465,6.537631,-12.622485,6.4232097,-13.772656,6.1774573,-14.841252,5.7998533,-15.797826,5.2959023,-16.61551,4.676729,-17.272242,3.9583144,-17.751757,3.160533,-18.044271,2.3059864,-18.14683,1.4186912,-18.063307,0.5227579,-17.804064,-0.3588945,-17.385262,-1.2057276,-16.82792,-2.0005915,-16.15673,-2.7304757,-15.3987,-3.3869772,-14.581773,-3.9665074,-13.733376,-4.470144,-12.879119,-4.903205,-12.041598,-5.274568,-11.239461,-5.5957823,-10.486689,-5.8799973,-9.79225,-6.140834,-9.159996,-6.3912425,-8.588939,-6.6424313,-8.073757,-6.9029083,-7.605588,-7.1777544,-7.172996,-7.468129,-6.7630544,-7.7710457,-6.362531,-8.07947,-5.9589534,-8.382676,-5.5417013,-8.666919,-5.1028323,-8.916295,-4.6377473,-9.113816,-4.1455774,-9.242574,-3.6292696,-9.286946,-3.095445,-9.233789,-2.5538907,-9.073475,-2.016894,-8.800794,-1.498313,-8.415579,-1.0125328,-7.9230638,-0.5733543,-7.3339314,-0.1928573,-6.664003,0.1196093,-5.933679,0.35835025,-5.1670203,0.52198374,-4.3906465,0.61388063,-3.6324418,0.64229053,-2.920132,0.6201668,-2.2798707,0.564683,-1.7348462,0.49646235,-1.3040457,0.43856546,-1.0012251,0.4152825,-0.8341192,0.4508107,-0.8039986,0.56787324,-0.9055369
110,-47,-3.2286325,4.4355693,-3.7725651,4.6815386,-4.436575,4.9837527,-5.2224135,5.3165536,-6.125499,5.6523046,-7.1348224,5.9628415,-8.233237,6.22094,-9.398065,6.401743,-10.602002,6.484014,-11.814322,6.451219,-13.002226,6.292322,-14.132379,6.002267,-15.172415,5.5821457,-16.09249,5.039001,-16.866636,4.385345,-17.47396,3.638339,-17.899586,2.8187747,-18.135244,1.949875,-18.179575,1.0559603,-18.03804,0.16112484,-17.7225,-0.71203434,-17.250486,-1.5435773,-16.644175,-2.3171847,-15.929171,-3.020856,-15.133133,-3.6473145,-14.284353,-4.19415,-13.410332,-4.6636004,-12.5364895,-5.0620747,-11.685006,-5.3994093,-10.873912,-5.687938,-10.116465,-5.9414015,-9.42081,-6.173784,-8.789981,-6.3981895,-8.222207,-6.6257744,-7.7114744,-6.864815,-7.2483726,-7.1200275,-6.821073,-7.392112,-6.4164567,-7.6775966,-6.021247,-7.968952,-5.6231523,-8.255055,-5.2118335,-8.521865,-4.779758,-8.753316,-4.322794,-8.932463,-3.8405516,-9.042603,-3.3364358,-9.068522,-2.8174098,-8.997649,-2.293487,-8.82106,-1.7769786,-8.534355,-1.2815859,-8.138221,-0.8213061,-7.6387343,-0.40934354,-7.047342,-0.05699291,-6.380513,0.22736575,-5.6590996,0.4391142,-4.907393,0.57803375,-4.151971,0.64865464,-3.4204042,0.66033584,-2.7398112,0.6270133,-2.1354682,0.566658,-1.6294422,0.5004527,-1.2393965,0.4517363,-0.97761476,0.4447695,-0.8502875,0.5033917,-0.85712904,0.64965075,-0.9913267
111,-46,-3.445852,4.540297,-4.0195894,4.7888103,-4.7139387,5.0867367,-5.529138,5.4080844,-6.459052,5.7252197,-7.4911456,6.0103173,-8.606866,6.2368274,-9.782298,6.380861,-10.989161,6.4224143,-12.196033,6.3463817,-13.369758,6.1432877,-14.476989,5.809695,-15.485712,5.3482976,-16.36676,4.767643,-17.09515,4.081584,-17.651234,3.3083997,-18.021563,2.469725,-18.19942,1.5893205,-18.185072,0.69172627,-17.985556,-0.19906716,-17.614227,-1.060868,-17.08995,-1.8744118,-16.436012,-2.6242762,-15.67888,-3.299525,-14.846789,-3.8940496,-13.968319,-4.406641,-13.070986,-4.8407164,-12.179947,-5.2037683,-11.316901,-5.5065804,-10.4992285,-5.762251,-9.739391,-5.9850698,-9.044703,-6.189359,-8.417349,-6.3883348,-7.8547587,-6.59306,-7.3502398,-6.8115563,-6.893825,-7.0481377,-6.4733124,-7.3030305,-6.075383,-7.572245,-5.6867666,-7.8477736,-5.295317,-8.118084,-4.891009,-8.368831,-4.46672,-8.583834,-4.018781,-8.746161,-3.5472825,-8.8393545,-3.0560381,-8.848601,-2.5523465,-8.761896,-2.0463946,-8.571038,-1.5505104,-8.272413,-1.0781884,-7.8675423,-0.6430201,-7.363303,-0.2575883,-6.7718725,0.06763087,-6.1103044,0.32521987,-5.3998485,0.51164854,-4.6649594,0.62782735,-3.9321194,0.6794215,-3.228513,0.6768456,-2.5805957,0.63496065,-2.0127187,0.57246584,-1.5457836,0.5110256,-1.1961083,0.474172,-0.97449934,0.48604378,-0.8856058,0.57003933,-0.9276139,0.74745154,-1.0922734
112,-46,-3.6692774,4.6390247,-4.272433,4.888094,-4.9963264,5.1797156,-5.839678,5.4876513,-6.7948003,5.784352,-7.847675,6.042423,-8.978378,6.2360573,-10.161827,6.3424067,-11.368832,6.3427515,-12.567363,6.22345,-13.724003,5.9766126,-14.805488,5.600419,-15.78024,5.099146,-16.619865,4.482811,-17.300436,3.7665546,-17.803608,2.9697063,-18.117416,2.1146674,-18.236738,1.2256554,-18.163458,0.3273378,-17.9062,-0.55648345,-17.47979,-1.4041047,-16.904383,-2.1970112,-16.204334,-2.9207428,-15.406914,-3.5654793,-14.540867,-4.1263156,-13.635001,-4.6032715,-12.71676,-5.0009465,-11.810978,-5.3279123,-10.938821,-5.595883,-10.116957,-5.818694,-9.357026,-6.0111523,-8.665471,-6.18788,-8.043604,-6.362159,-7.4880543,-6.5449266,-6.9914346,-6.7439036,-6.5432444,-6.962988,-6.13091,-7.2018967,-5.740938,-7.4561214,-5.3600636,-7.7171674,-4.976316,-7.97307,-4.579976,-8.209213,-4.16434,-8.40928,-3.726193,-8.556397,-3.2660804,-8.634337,-2.788234,-8.628706,-2.3002439,-8.528079,-1.81246,-8.324939,-1.3371737,-8.016463,-0.8876557,-7.60497,-0.47705105,-7.0981174,-0.117298484,-6.508766,0.18194537,-5.8545012,0.41424173,-5.1569114,0.5771251,-4.440555,0.67262745,-3.7317457,0.70750463,-3.0572264,0.6931851,-2.4427397,0.6453908,-1.9116621,0.583472,-1.4836931,0.5294957,-1.1737918,0.50710255,-0.99128324,0.54022473,-0.9392878,0.65173566,-1.0144995,0.86209476,-1.2072726
113,-45,-3.8984418,4.731129,-4.5305114,4.9788003,-5.283041,5.262158,-6.153224,5.5548024,-7.1318483,5.829359,-8.203429,6.0589347,-9.346734,6.2185493,-10.535576,6.286456,-11.73993,6.245266,-12.927257,6.0828395,-14.063958,5.7928805,-15.116953,5.3751864,-16.055191,4.835591,-16.851126,4.185539,-17.481968,3.441404,-17.930737,2.6234963,-18.186995,1.7549037,-18.247236,0.8602114,-18.114979,-0.035870492,-17.800419,-0.90981704,-17.319828,-1.7404944,-16.694609,-2.5102098,-15.95014,-3.2055278,-15.114423,-3.817792,-14.216651,-4.343336,-13.285775,-4.783424,-12.349109,-5.1438427,-11.431102,-5.4342375,-10.552319,-5.667228,-9.728662,-5.8573527,-8.970919,-6.0199075,-8.28462,-6.1697607,-7.6702075,-6.3202357,-7.123486,-6.4820924,-6.6363807,-6.6627192,-6.197861,-6.8655615,-5.794998,-7.089809,-5.4141374,-7.3304157,-5.042038,-7.578385,-4.6669126,-7.821355,-4.2793655,-8.04441,-3.8731,-8.231119,-3.445364,-8.364665,-2.9971516,-8.429065,-2.533075,-8.410355,-2.0610068,-8.297675,-1.5914164,-8.084224,-1.1365441,-7.7679152,-0.70939624,-7.351861,-0.32265833,-6.8444495,0.012395178,-6.2591815,0.28695104,-5.614131,0.4955384,-4.931166,0.63675857,-4.2348814,0.71372575,-3.55137,0.73425573,-2.9068751,0.7107304,-2.3263664,0.6596695,-1.8322058,0.60100955,-1.4428781,0.5571329,-1.1719488,0.5517026,-1.0272646,0.60836345,-1.0104495,0.74938035,-1.1167326,0.99430686,-1.3351325
114,-45,-4.132855,4.8160315,-4.7932224,5.0603905,-5.5733695,5.3335896,-6.4689646,5.6091514,-7.4692903,5.8599577,-8.557438,6.059702,-9.710916,6.1843004,-10.902503,6.2131586,-12.101426,6.1302752,-13.274713,5.925032,-14.388683,5.5927396,-15.410534,5.1347995,-16.309826,4.5585756,-17.059956,3.8769026,-17.639326,3.107308,-18.032385,2.2710223,-18.230253,1.3917339,-18.231077,0.49430928,-18.039993,-0.39659396,-17.66877,-1.2578006,-17.135088,-2.0688355,-16.461561,-2.8129075,-15.674514,-3.4776542,-14.802631,-4.055619,-13.875477,-4.5444245,-12.922077,-4.9465847,-11.9695425,-5.269067,-11.041867,-5.52258,-10.158956,-5.7206326,-9.335909,-5.878427,-8.582608,-6.011702,-7.903659,-6.135544,-7.298589,-6.2632523,-6.7624044,-6.40538,-6.2863374,-6.568948,-5.8588257,-6.756913,-5.4666204,-6.9679255,-5.09591,-7.1963816,-4.733488,-7.4327765,-4.367776,-7.664332,-3.9897044,-7.875855,-3.5933948,-8.050803,-3.1765451,-8.17244,-2.740588,-8.22503,-2.290502,-8.195033,-1.8344133,-8.072174,-1.3828938,-7.850312,-0.94809973,-7.528131,-0.5427527,-7.109484,-0.17904244,-6.6034694,0.13243456,-6.024178,0.38370997,-5.3901157,0.57028574,-4.723374,0.6918027,-4.0485306,0.75243837,-3.3913941,0.7610213,-2.7776554,0.73083913,-2.2314675,0.6791412,-1.7741381,0.62637085,-1.4229035,0.59514815,-1.1899409,0.60907775,-1.0816272,0.6914284,-1.098101,0.86378324,-1.23318,1.1447167,-1.4745958
115,-45,-4.3720026,4.8932056,-5.059944,5.132385,-5.866584,5.3936005,-6.786082,5.650382,-7.8062296,5.8759475,-8.908744,6.0446553,-10.069928,6.133378,-11.261603,6.1227508,-12.452324,5.9981766,-13.608781,5.7505918,-14.697306,5.376912,-15.68546,4.8801327,-16.54351,4.2691126,-17.24586,3.5580134,-17.772192,2.7654824,-18.108418,1.9135654,-18.24726,1.0264755,-18.188517,0.12927108,-17.938974,-0.7535229,-17.51192,-1.5991927,-16.926422,-2.3879821,-16.206255,-3.104055,-15.3786335,-3.7361948,-14.472845,-4.2782054,-13.518762,-4.728983,-12.545403,-5.0923195,-11.579608,-5.376375,-10.644851,-5.5928907,-9.760322,-5.7562227,-8.94026,-5.882215,-8.193617,-5.98701,-7.5240397,-6.085847,-6.930144,-6.191974,-6.406114,-6.3156977,-5.942502,-6.4636226,-5.527236,-6.6381893,-5.146744,-6.8374767,-4.787093,-7.0553236,-4.435127,-7.2816925,-4.079482,-7.5034075,-3.7114325,-7.7050047,-3.325511,-7.8698287,-2.9198735,-7.981221,-2.496375,-8.023711,-2.0603495,-7.984196,-1.6201577,-7.852969,-1.1864392,-7.62457,-0.7712405,-7.2984,-0.3869705,-6.879045,-0.045315433,-6.376269,0.24382664,-5.8047113,0.47333726,-5.183259,0.6396808,-4.5341763,0.74352896,-3.8819623,0.7900859,-3.2520876,0.7891506,-2.6696355,0.75485414,-2.1579018,0.70511264,-1.7371098,0.6607988,-1.4232261,0.64469177,-1.2270314,0.6802516,-1.1534432,0.7902952,-1.2011532,0.99564517,-1.3626056,1.3138336,-1.6243143
116,-44,-4.6153717,4.9621754,-5.3300576,5.1943593,-6.161975,5.441842,-7.1037745,5.678238,-8.141798,5.8771877,-9.256427,6.0137854,-10.422821,6.065932,-11.611926,6.015524,-12.791701,5.8494205,-13.928594,5.560124,-14.98904,5.1461577,-15.941052,4.6120844,-16.7557,3.9682236,-17.408459,3.2300146,-17.880356,2.417131,-18.15881,1.5523806,-18.238182,0.6604055,-18.119938,-0.23363417,-17.81248,-1.1054437,-17.330624,-1.9328297,-16.694769,-2.6968505,-15.929785,-3.382703,-15.063731,-3.9803555,-14.126422,-4.4848857,-13.147947,-4.8965273,-12.157265,-5.22034,-11.180857,-5.4656467,-10.241626,-5.6452217,-9.357973,-5.7742386,-8.543249,-5.8691363,-7.805428,-5.946404,-7.1471767,-6.021407,-6.566189,-6.107283,-6.055833,-6.2140384,-5.605987,-6.3478403,-5.204081,-6.510581,-4.8362403,-6.6997457,-4.488417,-6.9085765,-4.1475415,-7.126539,-3.8024762,-7.340024,-3.4448462,-7.533309,-3.0696127,-7.6896453,-2.6753685,-7.7924595,-2.2643905,-7.826554,-1.842348,-7.7792535,-1.4178101,-7.641424,-1.001476,-7.408274,-0.605253,-7.079917,-0.24121866,-6.661635,0.07947582,-6.163819,0.34763494,-5.6016173,0.5569922,-4.994247,0.7049692,-4.3640857,0.7932383,-3.735505,0.828001,-3.1335835,0.8199776,-2.582751,0.78408927,-2.1054022,0.73884636,-1.7206463,0.7054795,-1.4431717,0.7068422,-1.2823607,0.76617265,-1.2416911,0.90575373,-1.3184348,1.1455747,-1.5037152,1.5020676,-1.7828954
117,-44,-4.862421,5.022517,-5.602926,5.2459483,-6.4588084,5.478026,-7.421234,5.692535,-8.475123,5.8636136,-9.599573,5.967164,-10.768673,5.9821706,-11.952548,5.89185,-13.118672,5.6845384,-14.23333,5.354317,-15.263154,4.90131,-16.17671,4.3316236,-16.945929,3.6569924,-17.547453,2.8940675,-17.963696,2.0635004,-18.183641,1.188754,-18.203299,0.294819,-18.02581,-0.59313315,-17.661192,-1.4511182,-17.125744,-2.2575724,-16.441153,-2.9944236,-15.633339,-3.6479518,-14.731125,-4.2093716,-13.764775,-4.675091,-12.76454,-5.046655,-11.759223,-5.330413,-10.774884,-5.536854,-9.833775,-5.679736,-8.953479,-5.7750173,-8.146393,-5.8396926,-7.4194884,-5.8905563,-6.7744412,-5.9430385,-6.208008,-6.010122,-5.712731,-6.1014743,-5.2778325,-6.2227745,-4.8902683,-6.375342,-4.5358763,-6.5560436,-4.2005253,-6.7575264,-3.8712418,-6.9687257,-3.5371273,-7.17562,-3.190173,-7.362225,-2.825764,-7.5117044,-2.442947,-7.607584,-2.044403,-7.634944,-1.6361239,-7.5815477,-1.2268738,-7.4388275,-0.82737255,-7.202644,-0.44937322,-6.8738036,-0.10459634,-6.458259,0.19634436,-5.966996,0.44497165,-5.4156265,0.63586986,-4.823646,0.7674023,-4.2134986,0.84222597,-3.6093705,0.8674987,-3.0358984,0.8548151,-2.5168138,0.8198221,-2.0735793,0.7815576,-1.724164,0.7615303,-1.481962,0.78259546,-1.3549702,0.86768657,-1.3452452,1.0384781,-1.4486805,1.3140622,-1.6551349,1.7097049,-1.9488829
118,-43,-5.1126213,5.0738544,-5.877927,5.286838,-6.756382,5.501922,-7.7376876,5.6931453,-8.805378,5.835216,-9.937324,5.904915,-11.106606,5.8823724,-12.282621,5.75215,-13.432431,5.504101,-14.522258,5.1338887,-15.519023,4.6432242,-16.391922,4.039728,-17.113842,3.3365,-17.662653,2.5513506,-18.022207,1.7058059,-18.183092,0.8239263,-18.14299,-0.06904756,-17.906708,-0.9480239,-17.485865,-1.7894255,-16.89821,-2.572374,-16.166672,-3.2797575,-15.318155,-3.8990116,-14.382165,-4.4226246,-13.389364,-4.848346,-12.370061,-5.179087,-11.352832,-5.4224563,-10.3632555,-5.5900865,-9.422866,-5.696702,-8.548368,-5.7590146,-7.7511625,-5.7945065,-7.037197,-5.820236,-6.4071245,-5.851647,-5.8567758,-5.901526,-5.377873,-5.9791408,-4.958988,-6.089656,-4.5866156,-6.2337794,-4.2463317,-6.4077373,-3.923948,-6.603573,-3.6065972,-6.809679,-3.283661,-7.0116363,-2.9474916,-7.1931863,-2.5939188,-7.33743,-2.2224216,-7.427992,-1.8360846,-7.450233,-1.4412098,-7.3923664,-1.0467306,-7.2463827,-0.6633829,-7.0087957,-0.30273524,-6.6810727,0.023860829,-6.269814,0.3063553,-5.7865605,0.536988,-5.247343,0.71119136,-4.671897,0.82825905,-4.0826745,0.8917977,-3.503628,0.9098868,-2.958907,0.8949421,-2.4715023,0.8632802,-2.0619123,0.8343955,-1.7469498,0.83000124,-1.538709,0.8728699,-1.443806,0.9855539,-1.4629022,1.1890509,-1.5905615,1.5014838,-1.8154304,1.9369107,-2.1207747
119,-43,-5.365428,5.115867,-6.1544275,5.3167744,-7.053985,5.5133657,-8.05236,5.680007,-9.131743,5.792059,-10.268836,5.8272395,-11.435783,5.766874,-12.601336,5.5969195,-13.732227,5.308753,-14.794709,4.899625,-15.756085,4.372819,-16.58627,3.7374306,-17.259172,3.0078743,-17.75396,2.203048,-18.055983,1.3452884,-18.15745,0.45915118,-18.057732,-0.42995825,-17.763304,-1.2971185,-17.287361,-2.1192427,-16.649057,-2.8762293,-15.872516,-3.5519876,-14.985546,-4.1351547,-14.018289,-4.619548,-13.001695,-5.004284,-11.966068,-5.29363,-10.939687,-5.496462,-9.947563,-5.6255317,-9.01046,-5.6964974,-8.144143,-5.7267656,-7.358997,-5.7342825,-6.659901,-5.7363014,-6.0464854,-5.748231,-5.513629,-5.782595,-5.0522604,-5.8482423,-4.65031,-5.949762,-4.2938347,-6.0872297,-3.9681773,-6.2562194,-3.6591122,-6.448133,-3.353908,-6.650844,-3.0422232,-6.8494987,-2.716811,-7.0276127,-2.3739245,-7.1682043,-2.0134997,-7.255021,-1.6390052,-7.2737136,-1.2570443,-7.2129335,-0.8767079,-7.0652375,-0.5087152,-6.827766,-0.1644342,-6.502644,0.14517234,-6.0970836,0.41061676,-5.6231513,0.62486875,-5.097254,0.7841969,-4.539314,0.888807,-3.9717457,0.9432333,-3.4182234,0.9564349,-2.9023612,0.9415973,-2.446375,0.9156382,-2.069768,0.89844114,-1.7881798,0.911846,-1.6124072,0.9784733,-1.547704,1.1204193,-1.5933707,1.3579296,-1.7426767,1.7081072,-1.9831282,2.183739,-2.2970443
120,-42,-5.6203012,5.1482754,-6.4318066,5.335548,-7.350925,5.5122366,-8.364503,5.653114,-9.453435,5.7342544,-10.593313,5.7343855,-11.755416,5.636069,-12.907937,5.426692,-14.01737,5.099171,-15.050088,4.6523395,-15.973862,4.0910287,-16.759409,3.4257717,-17.38174,2.6722388,-17.821375,1.850346,-18.065203,0.9831582,-18.107088,0.095639594,-17.948093,-0.78673184,-17.596355,-1.6392957,-17.066614,-2.4395409,-16.379385,-3.168221,-15.559919,-3.8103297,-14.636881,-4.355762,-13.640946,-4.7996917,-12.603292,-5.142633,-11.554131,-5.3902044,-10.521363,-5.55254,-9.529375,-5.6434894,-8.5980835,-5.679597,-7.7422795,-5.678928,-6.971278,-5.6598253,-6.288883,-5.639695,-5.693676,-5.6338468,-5.179602,-5.654502,-4.736792,-5.7100325,-4.352561,-5.8044214,-4.012547,-5.9370775,-3.701886,-6.1028876,-3.4063373,-6.2926335,-3.113333,-6.493628,-2.8128371,-6.6906214,-2.4980001,-6.866889,-2.1655288,-7.0053773,-1.8157928,-7.0899634,-1.4526539,-7.1065984,-1.0829914,-7.04438,-0.7160362,-6.896424,-0.36248112,-6.660489,-0.033481084,-6.3393307,0.2604047,-5.940748,0.5102721,-5.477299,0.7098103,-4.965724,0.85612607,-4.426088,0.9503164,-3.8807237,0.9978063,-3.3529758,1.008389,-2.865887,0.995968,-2.4408643,0.97800446,-2.0963929,0.9746977,-1.8469307,1.0079443,-1.7019756,1.100131,-1.6654378,1.2728263,-1.7352879,1.5454625,-1.903564,1.9340585,-2.1566882,2.4500992,-2.4761176
121,-42,-5.876712,5.170857,-6.7094584,5.343011,-7.6465335,5.49848,-8.673402,5.612517,-9.769711,5.661983,-10.910006,5.6266637,-12.064781,5.490411,-13.201744,5.24206,-14.287251,4.8760834,-15.287883,4.3928866,-16.171963,3.7988207,-16.911098,3.1058123,-17.481464,2.330727,-17.86499,1.4944239,-18.05015,0.62061256,-18.032476,-0.26542372,-17.814735,-1.1382262,-17.406706,-1.9734855,-16.824633,-2.7493498,-16.090355,-3.4475029,-15.23018,-4.054085,-14.273561,-4.5602965,-13.251622,-4.9627004,-12.195696,-5.2632217,-11.135818,-5.468833,-10.099432,-5.5909038,-9.110224,-5.6443515,-8.1872225,-5.6465707,-7.344183,-5.616229,-6.5893273,-5.57202,-5.9253488,-5.531432,-5.349784,-5.509627,-4.855643,-5.518471,-4.432272,-5.565802,-4.0663943,-5.654984,-3.7432532,-5.7847047,-3.4478061,-5.9491673,-3.1658297,-6.1384883,-2.8849375,-6.3394446,-2.595424,-6.5363874,-2.2908497,-6.712342,-1.9683743,-6.8502254,-1.6288155,-6.9340367,-1.2764096,-6.9500356,-0.9183125,-6.8877635,-0.5638808,-6.7408895,-0.22375718,-6.5077853,0.091138236,-6.1918225,0.37066224,-5.801358,0.6064891,-5.349399,0.7930374,-4.8529835,0.928231,-4.332277,1.0140377,-3.809483,1.0567456,-3.3075786,1.0669402,-2.8489938,1.0591847,-2.4542928,1.0514175,-2.14093,1.0640863,-1.9221692,1.1190709,-1.8062285,1.2384524,-1.7956885,1.4432056,-1.8872399,1.7518805,-2.0717292,2.179363,-2.334564,2.7357974,-2.656427
122,-41,-6.1341286,5.1834283,-6.986786,5.3390574,-7.940154,5.472085,-8.978358,5.558317,-10.079852,5.5754666,-11.218198,5.5044317,-12.363187,5.3303914,-13.482123,5.0436544,-14.541321,4.640252,-15.507648,4.122148,-16.350077,3.4971833,-17.04117,2.7786248,-17.558352,1.9844723,-17.884998,1.1364485,-18.011196,0.2588236,-17.934183,-0.6228914,-17.65841,-1.4833488,-17.19528,-2.298679,-16.562508,-3.0477717,-15.783196,-3.7133114,-14.884657,-4.2826457,-13.8970375,-4.7483225,-12.851849,-5.108323,-11.780475,-5.3659897,-10.712708,-5.5296454,-9.675458,-5.6118736,-8.69164,-5.628623,-7.7793307,-5.5980916,-6.9512215,-5.539501,-6.2143974,-5.471832,-5.5704308,-5.412601,-5.015812,-5.3767686,-4.5426116,-5.375781,-4.139411,-5.416911,-3.7923684,-5.5028358,-3.486361,-5.6315265,-3.206198,-5.796461,-2.937692,-5.9871035,-2.6686807,-6.1896796,-2.3897977,-6.388139,-2.0950315,-6.565283,-1.7820122,-6.703982,-1.4519949,-6.7883906,-1.1095948,-6.805077,-0.76222193,-6.7440357,-0.41934332,-6.5994835,-0.09154236,-6.3703856,0.21050356,-6.060712,0.4770787,-5.679351,0.7004523,-5.23973,0.8757586,-4.7591443,1.0017352,-4.257814,1.0811957,-3.7577746,1.1212517,-3.281594,1.1332316,-2.8510559,1.1323075,-2.485863,1.136833,-2.2024117,1.1674329,-2.0127778,1.2458986,-1.9238994,1.3939376,-1.9370705,1.6318607,-2.0477333,1.9772804,-2.245609,2.4439049,-2.5151675,3.0404968,-2.8363793
123,-41,-6.3920436,5.1858573,-7.2632117,5.323636,-8.231163,5.433097,-9.278716,5.490671,-10.383189,5.4749846,-11.517235,5.3680987,-12.650012,5.1565514,-13.748523,4.8321486,-14.779107,4.392473,-15.709027,3.841033,-16.507978,3.1871183,-17.14956,2.4452865,-17.612495,1.6345997,-17.881666,0.7775678,-17.948805,-0.101067536,-17.812849,-0.97565925,-17.479937,-1.8210615,-16.963064,-2.6139321,-16.281382,-3.3339822,-15.459191,-3.964967,-14.524736,-4.495495,-13.508783,-4.9194984,-12.443149,-5.236402,-11.359184,-5.4509706,-10.28635,-5.572862,-9.250961,-5.615859,-8.275088,-5.596891,-7.3758063,-5.534916,-6.564692,-5.449652,-5.8476686,-5.3603015,-5.2251806,-5.284357,-4.6926594,-5.2365084,-4.24126,-5.2277427,-3.8588164,-5.2647095,-3.5309308,-5.349373,-3.2421663,-5.478957,-2.9771938,-5.6461854,-2.7219174,-5.8398623,-2.4644089,-6.0456715,-2.19567,-6.2471657,-1.9101368,-6.4269285,-1.6059029,-6.5678077,-1.2846749,-6.6541,-0.95143217,-6.6726995,-0.61384207,-6.6140585,-0.28146863,-6.472936,0.03518478,-6.2488894,0.3257036,-5.946458,0.58080757,-5.5750375,0.79335254,-5.148441,0.9591934,-4.6841826,1.077858,-4.202503,1.152981,-3.7252266,1.1924648,-3.274473,1.2083384,-2.8713505,1.2163215,-2.5346706,1.235119,-2.2797732,1.2854689,-2.1175423,1.3890003,-2.0536582,1.5669783,-2.0881479,1.8389841,-2.2152555,2.2216463,-2.4236426,2.7274451,-2.696901,3.3637402,-3.0143907
124,-40,-6.64995,5.1780477,-7.5381737,5.29673,-8.518951,5.381598,-9.573841,5.409773,-10.679086,5.360853,-11.806497,5.218108,-12.9246855,4.969462,-14.00043,4.608239,-15.0002,4.133562,-15.891727,3.5504596,-16.645517,2.8696315,-17.236273,2.1068661,-17.644073,1.2822177,-17.855356,0.41889647,-17.863514,-0.45796067,-17.669191,-1.3226746,-17.280209,-2.1503892,-16.71112,-2.918375,-15.982459,-3.6072378,-15.119662,-4.2018785,-14.151837,-4.6922107,-13.110292,-5.0735817,-12.0270605,-5.346883,-10.933371,-5.518306,-9.858294,-5.5988216,-8.82744,-5.60337,-7.8619967,-5.549842,-6.977978,-5.457888,-6.185812,-5.34766,-5.490242,-5.238537,-4.890557,-5.1479106,-4.381146,-5.0901437,-3.9522479,-5.075706,-3.5909765,-5.11059,-3.2824228,-5.196005,-3.010842,-5.3283844,-2.7608328,-5.499715,-2.5183923,-5.6981196,-2.2718728,-5.9087305,-2.0126562,-6.11471,-1.7356439,-6.2984467,-1.4394124,-6.442762,-1.1261148,-6.5321302,-0.80109704,-6.5537715,-0.4722596,-6.498586,-0.14925528,-6.361883,0.15750575,-6.14379,0.43787393,-5.849406,0.6830159,-5.488607,0.8863809,-5.075559,1.0445307,-4.6279616,1.1577754,-4.1660323,1.2305402,-3.711347,1.2714822,-3.28555,1.2932755,-2.90904,1.3121377,-2.5997257,1.3470595,-2.3718731,1.418821,-2.235182,1.5488278,-2.1940963,1.7578367,-2.2474177,2.0646453,-2.3882425,2.4848359,-2.604228,3.029633,-2.8781753,3.704962,-3.1889
125,-40,-6.907359,5.159951,-7.8111315,5.258378,-8.80294,5.317725,-9.863139,5.3158736,-10.966948,5.233444,-12.085418,5.054957,-13.186689,4.7697554,-14.237411,4.37267,-15.204264,3.864373,-16.05554,3.2513785,-16.762625,2.5457494,-17.301397,1.7644429,-17.653353,0.92843294,-17.806507,0.061552774,-17.755945,-0.8107804,-17.504017,-1.6629226,-17.060198,-2.4704049,-16.44057,-3.2111955,-15.666989,-3.8668752,-14.765984,-4.423533,-13.767423,-4.872446,-12.703086,-5.210421,-11.605123,-5.439809,-10.504591,-5.5682206,-9.430044,-5.607936,-8.406351,-5.5750117,-7.4537506,-5.488244,-6.5871363,-5.367925,-5.815751,-5.234588,-5.1431365,-5.1077023,-4.5674376,-5.004515,-4.08198,-4.938995,-3.6761305,-4.9210467,-3.336299,-4.955951,-3.047085,-5.0441313,-2.7924845,-5.181213,-2.5570412,-5.358412,-2.3269079,-5.5631824,-2.090717,-5.780097,-1.8402784,-5.9919486,-1.5709689,-6.1809297,-1.2818485,-6.329857,-0.9755218,-6.4233837,-0.6576918,-6.4490643,-0.3364979,-6.398267,-0.021661898,-6.266833,0.27650538,-6.0554595,0.548142,-5.7697783,0.7848615,-5.4201236,0.9807067,-5.0209856,1.1329417,-4.5902114,1.2426311,-4.147961,1.3149678,-3.7155278,1.3593192,-3.3140438,1.3889662,-2.963181,1.4205613,-2.6799245,1.4733208,-2.4774668,1.5680057,-2.3643363,1.725724,-2.3437583,1.9666643,-2.4133499,2.3087778,-2.5651083,2.7665672,-2.7857604,3.34996,-3.057385,4.063436,-3.3583474
126,-40,-7.1638093,5.1315494,-8.081575,5.208645,-9.082595,5.241645,-10.146058,5.209246,-11.246236,5.0931478,-12.353489,4.8791556,-13.435578,4.558049,-14.459101,4.126184,-15.39104,3.5857494,-16.200327,2.9447172,-16.859314,2.2164652,-17.345112,1.419054,-17.640678,0.57429767,-17.735643,-0.2934402,-17.626795,-1.158528,-17.318188,-1.9954741,-16.820927,-2.7802773,-16.152578,-3.4916844,-15.336271,-4.1123166,-14.399533,-4.6295276,-13.372948,-5.0359893,-12.28866,-5.329975,-11.178867,-5.5153236,-10.074341,-5.6010623,-9.003068,-5.6007285,-7.989099,-5.5314755,-7.051643,-5.4129457,-6.2044587,-5.266026,-5.45556,-5.1115456,-4.807273,-4.9690223,-4.2565756,-4.8554688,-3.7957735,-4.7844176,-3.4133508,-4.765147,-3.0950487,-4.8021855,-2.8250263,-4.8951383,-2.5870466,-5.0388002,-2.3656423,-5.2236004,-2.1471329,-5.4363084,-1.9204959,-5.660963,-1.677967,-5.879982,-1.4154187,-6.075377,-1.1324174,-6.2299867,-0.8320131,-6.3286414,-0.52026886,-6.3592463,-0.20554128,-6.3136353,0.102382906,-6.188182,0.3933097,-5.984143,0.65766263,-5.70767,0.88751256,-5.369525,1.0774946,-4.9844947,1.2255603,-4.5705414,1.3335189,-4.1477313,1.407296,-3.737044,1.4569359,-3.3590767,1.496266,-3.0327415,1.5423198,-2.7740896,1.6144832,-2.5952497,1.7334273,-2.5035849,1.919909,-2.5011375,2.1934826,-2.584374,2.5712104,-2.7442572,3.0664592,-2.9666402,3.6878338,-3.2329602,4.438362,-3.5212216
127,-40,-7.418843,5.0928683,-8.349008,5.147645,-9.357387,5.1535687,-10.42207,5.090216,-11.51644,4.940407,-12.610247,4.691268,-13.670949,4.3350334,-14.665187,3.8695676,-15.560325,3.2985733,-16.326023,2.631438,-16.935665,1.8827977,-17.367659,1.0717497,-17.60646,0.22086821,-17.643354,-0.6450321,-17.476826,-1.5002222,-17.112633,-2.319429,-16.563475,-3.0792136,-15.84836,-3.7591815,-14.99163,-4.34307,-14.02174,-4.8195276,-12.969897,-5.182672,-11.868532,-5.43228,-10.749803,-5.5736656,-9.644114,-5.617238,-8.578802,-5.5778003,-7.5770326,-5.473535,-6.656937,-5.3248773,-5.8310814,-5.153242,-5.10623,-4.9797053,-4.4834795,-4.8237476,-3.9586542,-4.702097,-3.5230322,-4.6277866,-3.1642518,-4.609405,-2.867421,-4.650693,-2.6162765,-4.750398,-2.394402,-4.902471,-2.186353,-5.0965466,-1.9786651,-5.318701,-1.7606707,-5.552449,-1.5250716,-5.7798376,-1.2682544,-5.982721,-0.99028635,-6.143953,-0.6946761,-6.248584,-0.3878351,-6.2848682,-0.078340635,-6.2451057,0.22397213,-6.1262097,0.50903094,-5.929974,0.76756465,-5.663058,0.9921001,-5.3366327,1.1778603,-4.965746,1.3234777,-4.5684447,1.431477,-4.1646757,1.5084903,-3.775071,1.5651916,-3.4196584,1.6159177,-3.1165862,1.6780277,-2.8809679,1.7710067,-2.7238536,1.915379,-2.6514645,2.131483,-2.6646905,2.4381902,-2.7589002,2.8516185,-2.9240742,3.3839707,-3.145265,4.0425105,-3.403353,4.8287907,-3.676051
128,-39,-7.672037,5.0439563,-8.612969,5.0755124,-9.626844,5.053733,-10.690701,4.959124,-11.777111,4.7756743,-12.85528,4.4918566,-13.892466,4.101369,-14.855423,3.6035929,-15.711995,3.003703,-16.432642,2.3124666,-16.991837,1.5457194,-17.369354,0.723524,-17.55119,-0.13086675,-17.530293,-0.9922849,-17.306862,-1.8349702,-16.888327,-2.6339831,-16.288963,-3.3665257,-15.529162,-4.013138,-14.634408,-4.558727,-13.634021,-4.993312,-12.559733,-5.312471,-11.444191,-5.5174894,-10.319404,-5.615159,-9.215342,-5.617281,-8.158608,-5.539841,-7.171425,-5.4020357,-6.270787,-5.225032,-5.468026,-5.0307,-4.7686453,-4.840293,-4.1724844,-4.6731834,-3.674227,-4.5457563,-3.2641456,-4.470472,-2.9290597,-4.455203,-2.6534648,-4.50284,-2.4207342,-4.611253,-2.2143042,-4.7735224,-2.0187936,-4.9784694,-1.8209867,-5.211499,-1.6106137,-5.455586,-1.3808613,-5.69245,-1.1286389,-5.9037733,-0.8545408,-6.072467,-0.5625267,-6.1837907,-0.25936127,-6.2263722,0.04617769,-6.1929836,0.34421086,-6.081066,0.6248038,-5.8929563,0.8789861,-5.635795,1.0997487,-5.321139,1.2828995,-4.964276,1.4277352,-4.5833077,1.5374811,-4.1980233,1.6194422,-3.8286855,1.6848817,-3.494726,1.7485926,-3.21352,1.8282021,-2.999227,1.9432436,-2.861842,2.1140316,-2.8064632,2.360431,-2.8328571,2.7005703,-2.9353364,3.1495829,-3.1029623,3.718476,-3.320066,4.413145,-3.567039,5.2336807,-3.8214028
129,-39,-7.9229817,4.9849043,-8.873021,4.9924264,-9.890512,4.9424143,-10.951508,4.8163567,-12.027829,4.599447,-13.088235,4.281531,-14.099844,3.8577762,-15.029629,3.3290656,-15.845985,2.7020247,-16.520247,1.9887482,-17.028057,1.2062132,-17.350588,0.37537178,-17.47542,-0.47992802,-17.397182,-1.3342507,-17.117779,-2.1619086,-16.646307,-2.9383736,-15.998562,-3.641575,-15.196263,-4.253059,-14.265985,-4.7589707,-13.23781,-5.150728,-12.143935,-5.4254117,-11.017107,-5.585822,-9.88913,-5.640229,-8.789427,-5.6017747,-7.743821,-5.487624,-6.773499,-5.317904,-5.8942866,-5.114463,-5.1162477,-4.8995614,-4.4435916,-4.694554,-3.8749194,-4.5186505,-3.4037626,-4.3878083,-3.019411,-4.31387,-2.7078962,-4.303916,-2.4531498,-4.359976,-2.2382126,-4.4790015,-2.0464187,-4.653178,-1.8624924,-4.8705287,-1.6735113,-5.1157684,-1.469624,-5.371354,-1.2445353,-5.6186633,-0.99569786,-5.839262,-0.7242369,-6.016116,-0.43456456,-6.1347218,-0.13379017,-6.184082,0.1691032,-6.157448,0.4642108,-6.0527925,0.74173343,-5.8729753,0.99302316,-5.625613,1.2115282,-5.322624,1.3936414,-4.9795103,1.5393112,-4.6143966,1.6524329,-4.2468915,1.7409543,-3.8968523,1.8166906,-3.583121,1.8948395,-3.3222597,1.9932445,-3.1274893,2.1314268,-3.0077481,2.3294344,-2.967037,2.606599,-3.0040374,2.9802654,-3.112069,3.4645395,-3.2793322,4.0692024,-3.4894989,4.798776,-3.7225657,5.651881,-3.9559293
130,-38,-8.171292,4.91582,-9.128756,4.8985853,-10.147977,4.819908,-11.204087,4.662313,-12.268233,4.412231,-13.3088,4.0609,-14.292861,3.6049619,-15.187684,3.0467818,-15.9623,2.3944032,-16.588985,1.6611996,-17.04462,0.86522293,-17.311815,0.028238581,-17.37977,-0.825396,-17.2448,-1.6700679,-16.91052,-2.4802535,-16.387651,-3.2319238,-15.693471,-3.9038155,-14.850978,-4.4785523,-13.88774,-4.9435706,-12.83455,-5.291733,-11.72396,-5.521637,-10.588743,-5.637613,-9.460386,-5.6493807,-8.367721,-5.5714107,-7.3356843,-5.421988,-6.3843884,-5.2221255,-5.528444,-4.9942875,-4.7766056,-4.7610483,-4.131777,-4.543796,-3.5913093,-4.361495,-3.1476138,-4.229629,-2.7890103,-4.159343,-2.5007792,-4.156904,-2.2663324,-4.223424,-2.0684142,-4.3549023,-1.8903043,-4.5426297,-1.7168872,-4.7738137,-1.5355575,-5.03249,-1.3369256,-5.3006015,-1.1152298,-5.5592275,-0.8684923,-5.789814,-0.5983672,-5.9753942,-0.30973488,-6.101728,-0.0100455675,-6.1582046,0.2915321,-6.138561,0.58506566,-6.041296,0.8609179,-5.8697944,1.1107516,-5.6321235,1.3284854,-5.3405523,1.511078,-5.010761,1.659117,-4.6608768,1.7771547,-4.3103027,1.8737442,-3.9784796,1.9612079,-3.683603,2.0551054,-3.441454,2.1734455,-3.2643042,2.335671,-3.1600456,2.5615115,-3.1316137,2.8697188,-3.1766472,3.2768028,-3.2875116,3.7958076,-3.4516146,4.4352674,-3.6520534,5.1983185,-3.8684933,6.082124,-4.0783086
131,-38,-8.416608,4.8368425,-9.379788,4.7942123,-10.398855,4.686537,-11.448074,4.497416,-12.498,4.2145543,-13.516721,3.8305929,-14.471344,3.343645,-15.32952,2.7575393,-16.060991,2.081699,-16.639055,1.3307229,-17.041872,0.5236691,-17.253546,-0.31696272,-17.264908,-1.1663929,-17.073975,-1.9989212,-16.686052,-2.7892792,-16.113455,-3.5140224,-15.374905,-4.152773,-14.494606,-4.6892996,-13.50105,-5.1123805,-12.425647,-5.4163556,-11.301224,-5.601364,-10.160485,-5.673257,-9.034528,-5.643195,-7.951491,-5.5269356,-6.935371,-5.3438377,-6.0051465,-5.1157417,-5.1741576,-4.865651,-4.449843,-4.6163983,-3.8337765,-4.3893175,-3.3220718,-4.20307,-2.9060185,-4.0725775,-2.573011,-4.008256,-2.3076155,-4.01549,-2.0927536,-4.0944357,-1.9109403,-4.240146,-1.74544,-4.442979,-1.5813279,-4.6893296,-1.4063708,-4.962556,-1.2116679,-5.2441196,-0.99202484,-5.5147934,-0.74603695,-5.7559285,-0.475912,-5.9506717,-0.18698388,-6.0850396,0.1129589,-6.1488285,0.41455844,-6.136265,0.7078755,-6.046377,0.983426,-5.8830624,1.2332067,-5.6548324,1.4515936,-5.3742743,1.6361191,-5.057239,1.7879921,-4.7218237,1.9123873,-4.3872004,2.018438,-4.072367,2.1189322,-3.7948895,2.2297406,-3.5697231,2.368977,-3.4082017,2.5559719,-3.3172069,2.8100743,-3.2986226,3.149408,-3.3490949,3.5896006,-3.46009,4.1426086,-3.618293,4.815696,-3.8062847,5.6106086,-4.0034947,6.523073,-4.1873455
132,-37,-8.6585865,4.7481275,-9.625766,4.679553,-10.6427965,4.5426407,-11.683149,4.322108,-12.716852,4.006956,-13.711783,3.5912437,-14.635176,3.074547,-15.455133,2.4621322,-16.142187,1.7647609,-16.670721,0.9981999,-17.020226,0.1824423,-17.176344,-0.65935916,-17.131556,-1.5020902,-16.88558,-2.3200545,-16.445393,-3.088328,-15.824871,-3.7841341,-15.044118,-4.3880568,-14.128478,-4.8850694,-13.107302,-5.2653437,-12.012517,-5.524725,-10.877136,-5.664902,-9.733713,-5.6932497,-8.612869,-5.6223435,-7.5419602,-5.4691777,-6.5439954,-5.254152,-5.63675,-4.999856,-4.8322644,-4.7297683,-4.136624,-4.4668927,-3.5500822,-4.2324557,-3.0675154,-4.044726,-2.679118,-3.9180129,-2.3713899,-3.8619375,-2.1282098,-3.8809583,-1.9320765,-3.9742517,-1.7653056,-4.1358757,-1.6112014,-4.3552656,-1.4550875,-4.6180015,-1.2851301,-4.906779,-1.0929554,-5.202577,-0.87394935,-5.485894,-0.6273136,-5.7380176,-0.35580304,-5.9422064,-0.0652211,-6.0847707,0.2363107,-6.15592,0.5392646,-6.1503797,0.83369267,-6.06771,1.1102896,-5.912311,1.3613733,-5.6931233,1.5817896,-5.423042,1.7696238,-5.118056,1.9266932,-4.796218,2.0587797,-4.476443,2.175553,-4.177266,2.290238,-3.9156063,2.4189618,-3.7056067,2.579903,-3.557668,2.7922096,-3.4776673,3.0748065,-3.466482,3.4451406,-3.5198004,3.9179323,-3.628254,4.5040164,-3.7778633,5.2093735,-3.9507813,6.0343685,-4.1262703,6.9732933,-4.2818847
133,-37,-8.896914,4.6498537,-9.866365,4.5548744,-10.879488,4.3885803,-11.909025,4.1368456,-12.924557,3.7899895,-13.893832,3.3434942,-14.7842865,2.798388,-15.564565,2.1613457,-16.206055,1.4444207,-16.684292,0.6644866,-16.980148,-0.15760148,-17.080828,-0.9981207,-16.980484,-1.8317114,-16.680527,-2.6327708,-16.189583,-3.3768075,-15.523048,-4.0417953,-14.7023535,-4.60935,-13.753915,-5.06571,-12.707852,-5.4024816,-11.59653,-5.6170425,-10.453057,-5.712639,-9.309744,-5.6981554,-8.196639,-5.5875483,-7.1402693,-5.399024,-6.1625633,-5.153942,-5.2800684,-4.875596,-4.5034738,-4.587856,-3.8375013,-4.3138256,-3.2810802,-4.0745416,-2.827846,-3.8878105,-2.4669425,-3.7672687,-2.183996,-3.7216816,-1.9622658,-3.7545497,-1.7838508,-3.8640213,-1.6309308,-4.043153,-1.4869028,-4.28045,-1.3373682,-4.5606685,-1.1709483,-4.865858,-0.9798211,-5.1765404,-0.75999403,-5.4729652,-0.5112723,-5.736364,-0.23697864,-5.950142,0.05662528,-6.1009173,0.36108965,-6.1793313,0.66671354,-6.180614,0.9635613,-6.1048584,1.2424967,-5.9569607,1.4961821,-5.7462816,1.7199205,-5.4860034,1.9123532,-5.1922336,2.0758889,-4.882955,2.216883,-4.576811,2.345522,-4.2918634,2.475402,-4.044355,2.6228857,-3.8476334,2.8061526,-3.7111707,3.0441308,-3.639865,3.3552728,-3.6336198,3.7563043,-3.6872153,4.2609925,-3.7905002,4.87903,-3.9289048,5.615119,-4.084223,6.4682307,-4.235632,7.4312654,-4.360895
134,-36,-9.131298,4.5422173,-10.101291,4.420456,-11.108646,4.224728,-12.125452,3.9420936,-13.120922,3.5642126,-14.062751,3.0879877,-14.918661,2.5158844,-15.657914,1.8559537,-16.252829,1.1214905,-16.680138,0.33041102,-16.922155,-0.49564317,-16.967667,-1.3324637,-16.8125,-2.154534,-16.459764,-2.9364364,-15.919693,-3.654196,-15.209168,-4.2866178,-14.350878,-4.816418,-13.372239,-5.231154,-12.304053,-5.523902,-11.179039,-5.693595,-10.030307,-5.745039,-8.889831,-5.6886063,-7.7870235,-5.539616,-6.747489,-5.3174205,-5.792027,-5.0442915,-4.935893,-4.744143,-4.188415,-4.441173,-3.5529282,-4.1585045,-3.027031,-3.9169035,-2.6031635,-3.733657,-2.269419,-3.621652,-2.0106065,-3.5887537,-1.8093895,-3.6374469,-1.6475422,-3.7648401,-1.5071553,-3.962968,-1.3717612,-4.219394,-1.227304,-4.518069,-1.0628853,-4.8404026,-0.87127775,-5.1664824,-0.64911616,-5.476321,-0.39684337,-5.7511344,-0.11834575,-5.974498,0.179646,-6.133356,0.48835868,-6.218792,0.7979389,-6.2265573,1.0984602,-6.1572695,1.3809834,-6.0163274,1.6385005,-5.8134904,1.8667814,-5.562212,2.065006,-5.2787056,2.2361572,-4.9808607,2.3871498,-4.6870265,2.5286393,-4.414774,2.6745844,-4.1796894,2.8415072,-3.994298,3.0475566,-3.8671663,3.3113825,-3.802239,3.6509187,-3.7984815,4.0821333,-3.8498118,4.6178255,-3.9453638,5.2665277,-4.0700397,6.0316334,-4.205347,6.910762,-4.3304567,7.8954196,-4.4234185
135,-36,-9.3614645,4.425422,-10.330262,4.27659,-11.330012,4.0514655,-12.332213,3.738326,-13.305788,3.330184,-14.218463,2.825363,-15.038321,2.227743,-15.73532,1.5467135,-16.282772,0.7967584,-16.658672,-0.0032304786,-16.8468,-0.8309034,-16.837555,-1.6616518,-16.628447,-2.4698918,-16.224262,-3.2304788,-15.636814,-3.9200406,-14.884414,-4.5182877,-13.990949,-5.0091023,-12.984752,-5.381409,-11.897228,-5.6297903,-10.761356,-5.754748,-9.61016,-5.762643,-8.475187,-5.665317,-7.3851304,-5.4794054,-6.364607,-5.2253637,-5.4332247,-4.9263062,-4.6049147,-4.6067,-3.8876128,-4.290992,-3.2832541,-4.00224,-2.7881227,-3.7608707,-2.393461,-3.5835712,-2.086372,-3.482433,-1.8508695,-3.464351,-1.6690924,-3.5307696,-1.5225322,-3.6777349,-1.3932419,-3.896234,-1.2649481,-4.1728854,-1.1239731,-4.4908457,-0.9599544,-4.8309145,-0.76627815,-5.1727467,-0.5402493,-5.496163,-0.2829464,-5.782389,0.001164587,-6.0151863,0.30489534,-6.181848,0.6191558,-6.273924,0.93393725,-6.287688,1.2393451,-6.2242923,1.5266256,-6.089623,1.7891239,-5.8938355,2.0230656,-5.6506395,2.2281692,-5.3763294,2.4079785,-5.0886893,2.5699286,-4.8057547,2.7251253,-4.5445957,2.8878295,-4.320129,3.0747015,-4.1440744,3.3038032,-4.0241065,3.5934687,-3.963238,3.961075,-3.959539,4.4217887,-4.006113,4.987409,-4.09144,5.665289,-4.199962,6.457538,-4.3129773,7.360415,-4.4097257,8.364084,-4.468612
136,-36,-9.587165,4.299691,-10.553039,4.123581,-11.543367,3.8691852,-12.529136,3.5260243,-13.479045,3.0884688,-14.360938,2.5562572,-15.143338,1.9346603,-15.796972,1.2343652,-16.296206,0.4709875,-16.620348,-0.33567533,-16.75468,-1.162645,-16.69123,-1.984999,-16.429201,-2.7771757,-15.975013,-3.5143893,-15.342044,-4.173956,-14.549964,-4.7365613,-13.623804,-5.1873164,-12.592728,-5.516558,-11.488658,-5.7204037,-10.344739,-5.8009295,-9.19382,-5.7660494,-8.066938,-5.629045,-6.9919786,-5.407821,-5.9925165,-5.123889,-5.0869083,-4.801129,-4.287723,-4.4644866,-3.6014771,-4.1385775,-3.0287166,-3.84633,-2.5644038,-3.6077387,-2.1986318,-3.4388328,-1.9175202,-3.350827,-1.7043605,-3.3496208,-1.5408031,-3.435579,-1.4081155,-3.603641,-1.2883759,-3.8437562,-1.1655518,-4.141599,-1.0264032,-4.479543,-0.8611265,-4.8377743,-0.66377,-5.1955724,-0.4323131,-5.532585,-0.16849756,-5.8300624,0.1226349,-6.071993,0.43342936,-6.2460413,0.75448537,-6.344234,1.0756603,-6.3633785,1.3870904,-6.3051696,1.6802334,-6.1759696,1.9487746,-5.986323,2.1894035,-5.7501774,2.402361,-5.4838977,2.5917284,-5.205135,2.7654567,-4.931609,2.9350598,-4.6798816,3.1150725,-4.4641857,3.322237,-4.295446,3.5744915,-4.1804566,3.889808,-4.12134,4.284959,-4.1153016,4.774302,-4.1547008,5.3685985,-4.2274,6.074024,-4.3174586,6.891395,-4.406039,7.8156304,-4.472515,8.835593,-4.4957366
137,-35,-9.808165,4.1652513,-10.769396,3.9617407,-11.748514,3.6782851,-12.7160635,3.3056674,-13.640608,2.839625,-14.490182,2.2812982,-15.233826,1.6373198,-15.843099,0.9196283,-16.29349,0.14491226,-16.565659,-0.66619694,-16.646427,-1.490174,-16.529469,-2.3018703,-16.215649,-3.0758328,-15.713029,-3.7877245,-15.036489,-4.4156256,-14.207013,-4.941271,-13.250686,-5.351053,-12.197434,-5.6367645,-11.079607,-5.7960787,-9.930416,-5.8326516,-8.782448,-5.7559314,-7.666148,-5.5806127,-6.60853,-5.3258324,-5.632035,-5.014072,-4.7537427,-4.669931,-3.984817,-4.318748,-3.3303397,-3.9852235,-2.7894583,-3.6920667,-2.3558483,-3.4587843,-2.018459,-3.300667,-1.762493,-3.228007,-1.5705532,-3.2456572,-1.4238615,-3.3528507,-1.3035178,-3.5434186,-1.1916834,-3.8062623,-1.0726258,-4.126118,-0.9335745,-4.4845777,-0.76534474,-4.8612657,-0.56266284,-5.2350926,-0.32421952,-5.5855556,-0.05241933,-5.893977,0.24710636,-6.144597,0.56625015,-6.325469,0.8953093,-6.4291177,1.2240064,-6.452899,1.5425296,-6.3990383,1.8425413,-6.274391,2.1180878,-6.089867,2.3663104,-5.8596435,2.5879738,-5.600136,2.7876878,-5.328857,2.9738727,-5.0631833,3.1584258,-4.819151,3.3561242,-4.6103454,3.5837524,-4.4468784,3.8590775,-4.334695,4.199677,-4.2750497,4.6216884,-4.2643323,5.1386065,-4.294188,5.76016,-4.3519583,6.49133,-4.4213753,7.3316526,-4.4835286,8.274742,-4.518016,9.308184,-4.504175
138,-35,-10.024258,4.0223403,-10.979138,3.7913885,-11.94529,3.4791665,-12.892885,3.077738,-13.790436,2.5842094,-14.606239,2.0011046,-15.309929,1.3363872,-15.873966,0.6031983,-16.275017,-0.1807633,-16.495136,-0.99410695,-16.522705,-1.8128425,-16.353054,-2.6116824,-15.988706,-3.365371,-15.439328,-4.050103,-14.721258,-4.644802,-13.856727,-5.132316,-12.872802,-5.500372,-11.800093,-5.7422547,-10.671269,-5.8572083,-9.519542,-5.850474,-8.377128,-5.733011,-7.2738132,-5.520896,-6.2356396,-5.234428,-5.283882,-4.897017,-4.434282,-4.5338902,-3.6965804,-4.170715,-3.0744057,-3.8321855,-2.5655155,-3.5407188,-2.1623118,-3.3152554,-1.8526407,-3.1702685,-1.6208266,-3.1150866,-1.4488376,-3.153454,-1.3175297,-3.2834752,-1.2078955,-3.4978368,-1.1022319,-3.7843792,-0.98515934,-4.126917,-0.84443945,-4.5062847,-0.67152894,-4.901555,-0.46187392,-5.291304,-0.2148833,-5.654928,0.06635123,-5.973842,0.37561658,-6.232559,0.7043452,-6.4195566,1.0425407,-6.527873,1.3798132,-6.5554166,1.7064046,-6.5049634,2.0142057,-6.3838353,2.2976131,-6.203316,2.5542302,-5.9777927,2.7853246,-5.723719,2.9960177,-5.458454,3.1951904,-5.199021,3.3950896,-4.9609394,3.6106873,-4.757103,3.8587813,-4.5968657,4.1569285,-4.4853253,4.5222673,-4.4229107,4.9702697,-4.405239,5.5135536,-4.4233017,6.160786,-4.463953,6.915758,-4.510674,7.776743,-4.544569,8.736063,-4.545504,9.7800865,-4.4934006
139,-34,-10.235247,3.8711956,-11.182083,3.612841,-12.133543,3.272227,-13.059509,2.8427122,-13.928507,2.3227656,-14.70918,1.7162784,-15.371825,1.03251,-15.889871,0.28574222,-16.241207,-0.5053711,-16.409328,-1.3187593,-16.384197,-2.1300516,-16.162794,-2.913908,-15.749296,-3.6453583,-15.154931,-4.3012075,-14.397443,-4.8613043,-13.500256,-5.3096676,-12.49134,-5.635407,-11.401883,-5.833327,-10.264809,-5.904264,-9.113219,-5.8550262,-7.9788857,-5.6980677,-6.8908305,-5.4508004,-5.874085,-5.1346436,-4.9486895,-4.7738514,-4.129002,-4.394216,-3.423306,-4.0216293,-2.833791,-3.680722,-2.356825,-3.3935258,-1.9835541,-3.1783335,-1.700774,-3.0487678,-1.4919662,-3.0131052,-1.3385266,-3.0739655,-1.2210022,-3.2282703,-1.1203406,-3.467564,-1.0190368,-3.7786262,-0.9021173,-4.1443586,-0.7579194,-4.5448685,-0.5785842,-4.95869,-0.36030126,-5.3641143,-0.10322769,-5.740453,0.18885693,-6.069253,0.509148,-6.3353367,0.8486349,-6.5276275,1.1970347,-6.6396947,1.5438524,-6.670016,1.8794022,-6.6219068,2.1958015,-6.503175,2.4878118,-6.3254538,2.7534912,-6.1033387,2.9946108,-5.853296,3.2167811,-5.592512,3.4293222,-5.337665,3.6448035,-5.1037407,3.878355,-4.9029636,4.146749,-4.7439218,4.4672985,-4.6309085,4.8566637,-4.563537,5.3296194,-4.5367007,5.89789,-4.5407934,6.5690756,-4.562263,7.3457837,-4.5844,8.225023,-4.5883737,9.197872,-4.5544076,10.2495165,-4.463044
140,-34,-10.440948,3.712069,-11.378067,3.4264293,-12.313153,3.057877,-13.215869,2.601073,-14.054834,2.055844,-14.7991085,1.427422,-15.419729,0.72631645,-15.891144,-0.032084517,-16.192522,-0.82826114,-16.308823,-1.6395334,-16.231615,-2.4412348,-15.959524,-3.208059,-15.498356,-3.9154074,-14.860864,-4.540781,-14.066151,-5.0650086,-13.138748,-5.473351,-12.107457,-5.7563434,-11.0039625,-5.9103355,-9.86134,-5.9377527,-8.712495,-5.846982,-7.5886664,-5.651925,-6.5180426,-5.37128,-5.524567,-5.0275297,-4.6269946,-4.6457167,-3.838264,-4.2520933,-3.1651952,-3.872719,-2.608518,-3.5320613,-2.1632266,-3.2516916,-1.8192536,-3.0491877,-1.5623673,-2.9372327,-1.3752791,-2.923039,-1.2388595,-3.008033,-1.13341,-3.187945,-1.0398979,-3.4531674,-0.9410739,-3.7894247,-0.8224291,-4.178713,-0.672918,-4.60042,-0.4854108,-5.032611,-0.2568687,-5.453297,0.011794162,-5.8417506,0.31609738,-6.1796904,0.6486515,-6.4522777,0.99999756,-6.6489024,1.3595833,-6.763688,1.7168211,-6.7956877,2.0621047,-6.7487707,2.3878005,-6.631217,2.689034,-6.455008,2.96432,-6.234923,3.2159197,-5.9874477,3.4499283,-5.7295914,3.6760685,-5.4776497,3.9072003,-5.246081,4.1585965,-5.046453,4.4469585,-4.886597,4.7893195,-4.7700167,5.2018356,-4.69557,5.698561,-4.6574655,6.290293,-4.645546,6.98357,-4.645906,7.7798076,-4.6417127,8.674792,-4.6142774,9.658393,-4.5442367,10.714647,-4.412824
141,-34,-10.6412,3.5451977,-11.566953,3.2324672,-12.484025,2.8365047,-13.361926,2.353278,-14.1694565,1.7839606,-14.87616,1.1350977,-15.453879,0.41841227,-15.87814,-0.34968105,-16.129435,-1.1488448,-16.194223,-1.9558768,-16.065678,-2.7458987,-15.744069,-3.4937243,-15.236809,-4.175211,-14.558136,-4.768628,-13.728438,-5.2558684,-12.773298,-5.623474,-11.722257,-5.8634458,-10.607414,-5.9737043,-9.461895,-5.958269,-8.318326,-5.8270664,-7.207331,-5.595437,-6.156184,-5.283315,-5.187675,-4.914172,-4.3192315,-4.513757,-3.5623384,-4.108722,-2.9223313,-3.7251947,-2.3984873,-3.3873954,-1.984459,-3.1163695,-1.6689793,-2.928896,-1.4368504,-2.8366756,-1.2700509,-2.8457747,-1.149,-2.9564219,-1.0538195,-3.1631267,-0.9655563,-3.45512,-0.867282,-3.8170803,-0.744999,-4.2301135,-0.5883327,-4.672936,-0.3909122,-5.1231413,-0.15049547,-5.5585194,0.13122042,-5.958347,0.44905356,-6.3045406,0.7950248,-6.5826316,1.1592476,-6.7825093,1.5309067,-6.898866,1.8993366,-6.931347,2.255032,-6.8843794,2.590603,-6.766706,2.901554,-6.590655,3.1868503,-6.3711824,3.449246,-6.12477,3.6952925,-5.86823,3.9351077,-5.617494,4.181822,-5.38649,4.4507937,-5.186118,4.7586336,-5.023478,5.122055,-4.9013124,5.556687,-4.8177485,6.0758333,-4.766357,6.6893735,-4.7364974,7.402752,-4.713964,8.216225,-4.6818686,9.124363,-4.6217213,10.115853,-4.514638,11.173675,-4.342596
142,-33,-10.835845,3.370839,-11.748609,3.0312874,-12.646066,2.6085155,-13.497662,2.0998003,-14.27243,1.5076455,-14.940488,0.83987856,-15.474533,0.10938059,-15.851238,-0.66644514,-16.052446,-1.4665382,-16.066145,-2.2672467,-15.887117,-3.0435655,-15.517271,-3.7705154,-14.965594,-4.4244914,-14.24775,-4.984611,-13.385366,-5.4338765,-12.404997,-5.760183,-11.336829,-5.9570208,-10.213289,-6.023895,-9.067477,-5.9664187,-7.931631,-5.7960486,-6.835681,-5.5295053,-5.805921,-5.187905,-4.8639307,-4.7956514,-4.0257506,-4.379123,-3.301405,-3.9652824,-2.694722,-3.5802407,-2.2035382,-3.2478933,-1.8201754,-2.9886684,-1.5322263,-2.8184927,-1.3235636,-2.7480147,-1.175499,-2.7821207,-1.0680645,-2.919807,-0.9812601,-3.154342,-0.89627975,-3.4737873,-0.796574,-3.8617892,-0.6687216,-4.2986,-0.50305575,-4.7622747,-0.29400247,-5.229986,-0.040145807,-5.6793447,0.25603136,-6.0896564,0.5886354,-6.443079,0.949108,-6.7255526,1.3271326,-6.927489,1.7116503,-7.04417,2.0919337,-7.0758443,2.4585845,-7.0274954,2.804485,-6.908341,3.1255157,-6.7310357,3.4211004,-6.510707,3.6944644,-6.263821,3.952612,-6.006987,4.2060294,-5.7557597,4.4680786,-5.523528,4.754199,-5.3205504,5.0808663,-5.153205,5.464456,-5.0235014,5.920024,-4.9288726,6.460112,-4.862299,7.0936556,-4.8127046,7.825033,-4.7656484,8.65334,-4.704247,9.571966,-4.610274,10.568471,-4.4653783,11.624801,-4.25234
143,-33,-11.024743,3.1892302,-11.922923,2.8231993,-12.799217,2.3742886,-13.623073,1.8410803,-14.363839,1.2273896,-14.992265,0.54229087,-15.481976,-0.200219,-15.81083,-0.9818341,-15.962066,-1.7808229,-15.925214,-2.5731726,-15.696672,-3.3338354,-15.279967,-4.038124,-14.685621,-4.6630497,-13.93069,-5.1886473,-13.03796,-5.5991073,-12.034869,-5.883698,-10.952191,-6.0374427,-9.82257,-6.0614367,-8.678989,-5.9628844,-7.5532227,-5.75473,-6.474417,-5.4550433,-5.467821,-5.086073,-4.5537376,-4.673065,-3.7468004,-4.242954,-3.0555255,-3.8229272,-2.4822571,-3.4390068,-2.0233862,-3.1146648,-1.6699413,-2.8696423,-1.4084083,-2.7189465,-1.2217829,-2.6721067,-1.0907801,-2.732805,-0.9951003,-2.8987613,-0.91470104,-3.1620014,-0.830986,-3.5094233,-0.72784805,-3.923652,-0.59248555,-4.384102,-0.41598937,-4.8682036,-0.19361705,-5.352759,0.0752057,-5.8152227,0.38718653,-6.2349877,0.7357232,-6.59449,1.1116768,-6.880106,1.5043255,-7.0828,1.902377,-7.1984663,2.2950573,-7.2279625,2.6730995,-7.176842,3.029652,-7.0547795,3.3609889,-6.8747616,3.6669838,-6.652074,3.9513443,-6.403158,4.2215075,-6.144416,4.4883013,-5.8910055,4.765307,-5.6557894,5.0679984,-5.448388,5.4126945,-5.2744784,5.81539,-5.1353607,6.2905707,-5.027821,6.849996,-4.9442945,7.5016465,-4.873314,8.248824,-4.8002667,9.089479,-4.7083287,10.015872,-4.5796075,11.01446,-4.3963428,12.066233,-4.142151
144,-33,-11.207755,3.0006244,-12.089791,2.6085286,-12.943424,2.1342173,-13.7381735,1.5775713,-14.443778,0.9436936,-15.031688,0.24286756,-15.476509,-0.5098514,-15.757334,-1.2953094,-15.858827,-2.0911903,-15.772072,-2.8731976,-15.49509,-3.616327,-15.032996,-4.296266,-14.39781,-4.89072,-13.607921,-5.38071,-12.687208,-5.7516637,-11.663928,-5.994277,-10.569328,-6.1051207,-9.436196,-6.0868907,-8.297299,-5.9483595,-7.18386,-5.703939,-6.1241746,-5.3729978,-5.1423683,-4.9788404,-4.2574334,-4.5475025,-3.4825416,-4.1063766,-2.824705,-3.682804,-2.2847552,-3.302605,-1.8576809,-2.988771,-1.5332375,-2.7602758,-1.2968522,-2.6311285,-1.130713,-2.6097193,-1.0149877,-2.6984499,-0.9291216,-2.8937628,-0.85309225,-3.186422,-0.76858604,-3.5621772,-0.65998787,-4.0026383,-0.5151798,-4.4864154,-0.32604825,-4.9903708,-0.088717796,-5.4909434,0.19652575,-5.965499,0.52557427,-6.393555,0.8911107,-6.7578635,1.2834364,-7.045273,1.6914212,-7.247327,2.1035655,-7.3605485,2.509061,-7.386425,2.8987844,-7.3310785,3.2661755,-7.2046437,3.6079085,-7.020428,3.9243155,-6.7938685,4.219557,-6.5413604,4.501496,-6.2790823,4.781293,-6.021823,5.0727134,-5.781907,5.391248,-5.5683246,5.753029,-5.386067,6.1736608,-5.2357645,6.6670036,-5.1135793,7.2440257,-5.011444,7.9117584,-4.917579,8.672446,-4.8172407,9.522918,-4.693737,10.454312,-4.5295434,11.452052,-4.307543,12.496221,-4.012251
145,-32,-11.384751,2.8052633,-12.249118,2.387586,-13.078643,1.8886765,-13.842993,1.3097029,-14.5123625,0.6570303,-15.058964,-0.057892192,-15.458447,-0.8190059,-15.69117,-1.6063768,-15.743258,-2.3971808,-15.607363,-3.1669207,-15.283106,-3.890719,-14.777176,-4.5447183,-14.103051,-5.1073956,-13.280384,-5.560824,-12.334083,-5.891717,-11.293128,-6.0922356,-10.189167,-6.1605196,-9.055032,-6.100861,-7.923183,-5.9235835,-6.824221,-5.6445374,-5.785501,-5.2843256,-4.829966,-4.8672466,-3.9752474,-4.420042,-3.233044,-3.9705029,-2.608824,-3.5460021,-2.101937,-3.1721034,-1.7059766,-2.8712265,-1.4094703,-2.661494,-1.196834,-2.555869,-1.0495014,-2.5615273,-0.94717026,-2.6795943,-0.86909693,-2.905188,-0.79535127,-3.2278194,-0.7079615,-3.6320877,-0.5918792,-4.098623,-0.43570876,-4.6052613,-0.23218003,-5.1283135,0.021696936,-5.6439357,0.3247451,-6.12943,0.6720373,-6.5644836,1.0555496,-6.9322042,1.4650149,-7.219955,1.8889291,-7.419884,2.3155913,-7.529166,2.7341914,-7.5499244,3.135766,-7.488847,3.5140548,-7.3565354,3.8661315,-7.1666093,4.1927867,-6.9346437,4.498647,-6.676988,4.7919855,-6.4096003,5.084269,-6.14686,5.38943,-5.9005713,5.7229443,-5.6791077,6.1007323,-5.486806,6.5379705,-5.3236427,7.0479045,-5.185201,7.6406927,-5.0629697,8.32241,-4.944872,9.094246,-4.8161163,9.951935,-4.660179,10.885545,-4.459985,11.8794985,-4.1991067,12.913042,-3.8629782
146,-32,-11.555607,2.6033885,-12.400817,2.1606817,-13.204841,1.6380373,-13.937567,1.0378982,-14.569713,0.36786076,-15.074314,-0.35950503,-15.428106,-1.127196,-15.612771,-1.9145681,-15.615901,-2.6983662,-15.431723,-3.4539757,-15.061457,-4.1567283,-14.513321,-4.7833004,-13.802211,-5.313014,-12.948985,-5.729057,-11.9795,-6.0194774,-10.923376,-6.1779294,-9.812575,-6.2041364,-8.679879,-6.1039834,-7.5573573,-5.889322,-6.4748945,-5.5773897,-5.4588466,-5.1899796,-4.5309196,-4.7523146,-3.7073343,-4.2917604,-2.9982774,-3.836402,-2.4076936,-3.4135888,-1.9334426,-3.0485215,-1.5677519,-2.7629604,-1.2979683,-2.5741355,-1.107548,-2.4938798,-0.9772375,-2.528128,-0.8863296,-2.6766708,-0.8139637,-2.9333053,-0.74037457,-3.2862878,-0.6480022,-3.719082,-0.52241284,-4.2113657,-0.3529926,-4.740223,-0.13334753,-5.281476,0.13858588,-5.8110275,0.4607374,-6.30617,0.8273504,-6.7468033,1.2296933,-7.116446,1.6569605,-7.4029946,2.0972729,-7.599237,2.5387602,-7.7030125,2.9706185,-7.7170978,3.384064,-7.648759,3.7731593,-7.509057,4.1353893,-7.3119044,4.472005,-7.0730057,4.788084,-6.8086643,5.092302,-6.534595,5.396414,-6.2647905,5.714498,-6.0105357,6.061991,-5.779587,6.45458,-5.575638,6.9069934,-5.3980465,7.431837,-5.241868,8.038455,-5.0981717,8.731972,-4.954671,9.512537,-4.7965484,10.374818,-4.6075273,11.3078375,-4.3710027,12.295093,-4.071288,13.315042,-3.6947923
147,-32,-11.7202,2.3952408,-12.5448065,1.9281207,-13.322,1.3826646,-14.021949,0.76256996,-14.615965,0.07663185,-15.077969,-0.66150707,-15.385832,-1.4339603,-15.522576,-2.2194443,-15.477299,-2.994353,-15.245796,-3.7340348,-14.830864,-4.4141126,-14.242232,-5.0118785,-13.496143,-5.5075626,-12.614603,-5.885527,-11.624342,-6.135199,-10.555541,-6.2517567,-9.440368,-6.2365074,-8.311476,-6.096924,-7.200463,-5.8463597,-6.1364074,-5.503389,-5.144598,-5.0909314,-4.2454553,-4.6350656,-3.4537504,-4.1636996,-2.7781382,-3.7051253,-2.2210374,-3.286583,-1.7788304,-2.9328184,-1.442415,-2.6648676,-1.1979984,-2.4989705,-1.0281416,-2.4458046,-0.9129681,-2.510006,-0.83143276,-2.6900115,-0.7626394,-2.9782884,-0.68705255,-3.3618329,-0.5875874,-3.8229916,-0.45049384,-4.3405137,-0.26598015,-4.8907924,-0.028571961,-5.4491935,0.26285717,-5.9914083,0.6053151,-6.494782,0.99221885,-6.939473,1.4141414,-7.309439,1.8597339,-7.5931625,2.3167808,-7.7840886,2.7732522,-7.8807464,3.2183847,-7.8865724,3.6435952,-7.809409,4.0432725,-7.660772,4.415323,-7.454878,4.7614617,-7.207552,5.0872207,-6.9350204,5.401653,-6.65276,5.7168016,-6.374367,6.0468636,-6.1106052,6.407214,-5.8686395,6.8132772,-5.651549,7.279324,-5.4581046,7.817302,-5.282847,8.435734,-5.1164947,9.138801,-4.94657,9.925632,-4.7583137,10.789854,-4.5357237,11.719492,-4.2627397,12.697156,-3.924454,13.700596,-3.5082588
148,-32,-11.878402,2.181057,-12.6810055,1.6902045,-13.430092,1.1229147,-14.096188,0.48411962,-14.651258,-0.2162244,-15.070161,-0.9634532,-15.331952,-1.73886,-15.421028,-2.520595,-15.3279915,-3.284779,-15.050213,-4.006806,-14.592046,-4.662671,-13.964681,-5.230354,-13.185664,-5.6910644,-12.278083,-6.030391,-11.269455,-6.2391806,-10.190424,-6.314147,-9.073297,-6.2582,-7.950497,-6.080375,-6.8530602,-5.7954926,-5.8091955,-5.423423,-4.843051,-4.988139,-3.9737132,-4.516504,-3.2144685,-4.0368757,-2.572434,-3.5776803,-2.0484896,-3.1659389,-1.6375813,-2.8258874,-1.3293008,-2.5777352,-1.1087675,-2.436687,-0.9577116,-2.412199,-0.8556936,-2.5075598,-0.7814209,-2.7198532,-0.7140221,-3.0401936,-0.63426787,-3.4543324,-0.5256175,-3.9435194,-0.37505126,-4.48562,-0.17365499,-5.056363,0.08309921,-5.630699,0.39536196,-6.1841884,0.75922465,-6.6942587,1.1672715,-7.141372,1.6093838,-7.509982,2.0737064,-7.7891803,2.547688,-7.9731026,3.0191784,-8.060992,3.4774618,-8.056946,3.9141762,-7.9693933,4.3240623,-7.810298,4.7054625,-7.594163,5.060552,-7.3369174,5.3953133,-7.0547304,5.7191854,-6.7628264,6.0444503,-6.4743915,6.385416,-6.199684,6.7573776,-5.945285,7.1754837,-5.713671,7.653517,-5.5030513,8.202769,-5.3075194,8.830939,-5.1174636,9.541263,-4.920289,10.331866,-4.701315,11.195362,-4.444881,12.118841,-4.1355047,13.084079,-3.759088,14.068173,-3.3040593
149,-31,-12.030095,1.9610708,-12.809339,1.4472272,-13.529108,0.85913545,-14.160344,0.20293586,-14.675742,-0.5102936,-15.051135,-1.2649205,-15.266808,-2.041487,-15.308558,-2.8176396,-15.168513,-3.569317,-14.845594,-4.2720356,-14.345692,-4.902241,-13.68142,-5.438675,-12.871569,-5.8635893,-11.940222,-6.16385,-10.915615,-6.331746,-9.828783,-6.3655686,-8.712051,-6.269804,-7.5975432,-6.0550447,-6.515645,-5.7375326,-5.493616,-5.3383803,-4.5544167,-4.8825526,-3.715744,-4.3976045,-2.989385,-3.9122784,-2.3808894,-3.4550283,-1.8896283,-3.052584,-1.5091115,-2.728563,-1.2276825,-2.5023007,-1.0294279,-2.3878894,-0.89530337,-2.3935094,-0.8043938,-2.5210972,-0.735214,-2.7663321,-0.6670063,-3.118988,-0.5809123,-3.563577,-0.4609998,-4.0802927,-0.29504168,-4.646137,-0.07503969,-5.2362237,0.20254749,-5.8251586,0.53689164,-6.3883953,0.9231388,-6.903505,1.3530577,-7.3513207,1.8158523,-7.716815,2.2991624,-7.9897313,2.790139,-8.164924,3.2765234,-8.242357,3.7476907,-8.22681,4.195516,-8.127297,4.6151104,-7.956223,5.0052524,-7.7283783,5.368593,-7.459793,5.7115526,-7.166542,6.043931,-6.863594,6.378272,-6.5637445,6.7289557,-6.2767353,7.1111894,-6.008584,7.539807,-5.7611895,8.02811,-5.532236,8.5867,-5.315382,9.22246,-5.1007485,9.9377,-4.8756533,10.729567,-4.62556,11.589702,-4.335186,12.504282,-3.9896765,13.454316,-3.5757794,14.41632,-3.08297
150,-31,-12.175146,1.7355249,-12.929724,1.1994922,-13.619026,0.5916806,-14.214484,-0.08058907,-14.689562,-0.8051607,-15.021136,-1.5654899,-15.190745,-2.3414264,-15.185618,-3.1102111,-14.999395,-3.8476558,-14.632562,-4.52949,-14.092495,-5.132685,-13.3931875,-5.6368127,-12.554621,-6.0252295,-11.601801,-6.286117,-10.563592,-6.4132586,-9.471321,-6.4065013,-8.357272,-6.271931,-7.253157,-6.021652,-6.188632,-5.6732903,-5.189964,-5.249149,-4.278844,-4.7751055,-3.4715407,-4.2793307,-2.7783122,-3.790853,-2.2031665,-3.3380857,-1.743941,-2.9473562,-1.3927687,-2.641604,-1.1367835,-2.4392102,-0.9590883,-2.353089,-0.83994055,-2.3901114,-0.7580138,-2.550811,-0.6917212,-2.829469,-0.62048215,-3.2145152,-0.52588874,-3.6892464,-0.39267895,-4.2328134,-0.20946692,-4.821403,0.030783879,-5.429575,0.3306049,-6.0316243,0.6881546,-6.602963,1.0976537,-7.1213684,1.550041,-7.568075,2.0338557,-7.928623,2.536271,-8.19345,3.044158,-8.358151,3.545185,-8.423432,4.028827,-8.394759,4.487229,-8.281728,4.9158783,-8.097189,5.3140187,-7.8562045,5.6847725,-7.574892,6.034999,-7.2692313,6.374863,-6.9539313,6.7171264,-6.6413836,7.0762415,-6.340828,7.4672894,-6.057727,7.904803,-5.793425,8.401568,-5.5451083,8.967508,-5.3060427,9.608685,-5.066116,10.32649,-4.8126144,11.117113,-4.531187,11.9712515,-4.2069793,12.874238,-3.8257873,13.806365,-3.3752444,14.743635,-2.845889
151,-31,-12.313431,1.5046425,-13.042082,0.9472786,-13.699836,0.32087627,-14.258669,-0.3660956,-14.692868,-1.1004483,-14.980402,-1.8647834,-15.1041,-2.6383352,-15.052629,-3.3979902,-14.821156,-4.1195374,-14.411698,-4.778989,-13.833098,-5.353916,-13.100677,-5.8247914,-12.235529,-6.1761255,-11.263522,-6.3974724,-10.21406,-6.4841075,-9.118674,-6.4374676,-8.009509,-6.2652082,-6.9177885,-5.980924,-5.8723726,-5.603582,-4.8984327,-5.1565995,-4.0163713,-4.6667066,-3.2409868,-4.162599,-2.5809932,-3.6735082,-2.0388331,-3.2277055,-1.6108595,-2.8510442,-1.2878463,-2.5657005,-1.0557635,-2.389022,-0.8968095,-2.332712,-0.7906023,-2.4022686,-0.71548665,-2.5968087,-0.64984226,-2.9092002,-0.57335174,-3.3265362,-0.46812013,-3.8309171,-0.31961796,-4.400493,-0.11735901,-5.0106864,0.14469628,-5.6355333,0.4680358,-6.2490854,0.8498088,-6.826777,1.2832834,-7.346632,1.7585958,-7.7903404,2.2636428,-8.144064,2.7851355,-8.398955,3.309702,-8.551381,3.8249574,-8.602804,4.320523,-8.559388,4.788826,-8.431312,5.225764,-8.231861,5.631033,-7.9763575,6.0082374,-7.680993,6.364683,-7.3616543,6.7108755,-7.032778,7.0598025,-6.706349,7.4259644,-6.3911133,7.824312,-6.0919895,8.26903,-5.8097878,8.77239,-5.541222,9.343642,-5.279214,9.988019,-5.013457,10.706027,-4.7312417,11.49291,-4.418446,12.338479,-4.0606785,13.227243,-3.6444392,14.138851,-3.1582618,15.04886,-2.5937662
152,-31,-12.444806,1.268669,-13.146332,0.6908885,-13.771521,0.047069605,-14.292956,-0.653205,-14.685813,-1.3957624,-14.929179,-2.162411,-15.00721,-2.931831,-14.910022,-3.6806538,-14.63431,-4.3847027,-14.183592,-5.0203533,-13.568148,-5.5658555,-12.804572,-6.002644,-11.915002,-6.3164372,-10.926082,-6.4981833,-9.867678,-6.5446978,-8.771441,-6.4589906,-7.66928,-6.250271,-6.591851,-5.9335933,-5.567142,-5.529217,-4.619173,-5.0615964,-3.7669978,-4.55824,-3.023923,-4.0482965,-2.3970976,-3.5611024,-1.8874129,-3.124688,-1.4897575,-2.7643719,-1.1935836,-2.5014648,-0.9837586,-2.35223,-0.841629,-2.3270888,-0.7462575,-2.4301498,-0.6757337,-2.659089,-0.6084867,-3.0053465,-0.52452976,-3.4546976,-0.40655822,-3.9880743,-0.24083614,-4.58266,-0.017818386,-5.2131486,0.26749572,-5.8531256,0.6155339,-6.47646,1.0224061,-7.058645,1.480454,-7.578017,1.9790063,-8.016784,2.505333,-8.361759,3.045728,-8.604848,3.586595,-8.743208,4.115537,-8.779076,4.6223335,-8.719324,5.0997276,-8.574708,5.544031,-8.358942,5.955433,-8.087602,6.338022,-7.776955,6.6995273,-7.4427533,7.050804,-7.099163,7.4050426,-6.757778,7.7767797,-6.4268456,8.180807,-6.1107545,8.630977,-5.8098044,9.139033,-5.520271,9.713526,-5.2347493,10.358889,-4.942782,11.074733,-4.631715,11.855412,-4.2876973,12.68987,-3.8968468,13.561865,-3.4463758,14.450444,-2.9257512,15.3307905,-2.3276846
153,-31,-12.569134,1.0278286,-13.242385,0.43059784,-13.83406,-0.22942209,-14.317407,-0.9415726,-14.668538,-1.6907481,-14.867703,-2.4580252,-14.9004,-3.2216084,-14.758215,-3.9579298,-14.439345,-4.6429424,-13.948804,-5.2534604,-13.298251,-5.7684765,-12.505503,-6.170451,-11.593672,-6.4463563,-10.590102,-6.588579,-9.525035,-6.595471,-8.4301405,-6.4716187,-7.3370132,-6.2277675,-6.2756696,-5.8803964,-5.273136,-5.450981,-4.3522387,-4.9649787,-3.5306273,-4.450569,-2.8200974,-3.9372718,-2.2262228,-3.454434,-1.7483552,-3.0297787,-1.3799442,-2.6879747,-1.1091697,-2.4494214,-0.91984856,-2.3292203,-0.7925504,-2.3364668,-0.70585513,-2.473845,-0.6376747,-2.7375586,-0.5665661,-3.1176436,-0.47295555,-3.598561,-0.34018916,-4.160109,-0.15538123,-4.7785387,0.09001609,-5.4278812,0.3999355,-6.08132,0.7737167,-6.7125907,1.2064421,-7.297324,1.6895078,-7.814227,2.2114637,-8.246045,2.7589827,-8.580308,3.3179517,-8.809705,3.8745937,-8.932214,4.416523,-8.950861,4.9337177,-8.873211,5.4192605,-8.710612,5.8699064,-8.477192,6.286328,-8.188773,6.6731033,-7.8616667,7.0384088,-7.511516,7.3934264,-7.1522036,7.7515397,-6.794902,8.12731,-6.4473825,8.535356,-6.11351,8.989175,-5.793105,9.499972,-5.4820237,10.075617,-5.172581,10.719742,-4.854211,11.43109,-4.5143347,12.203143,-4.139419,13.024022,-3.7161114,13.876781,-3.2323935,14.739943,-2.6786716,15.588368,-2.0487545
154,-31,-12.686261,0.782368,-13.330149,0.16670494,-13.887433,-0.5082612,-14.332086,-1.2308367,-14.641195,-1.9850357,-14.796211,-2.7512674,-14.783999,-3.507329,-14.597611,-4.229538,-14.236749,-4.894048,-13.707876,-5.4781847,-13.024001,-5.9617558,-12.204088,-6.3282995,-11.272163,-6.5660906,-10.256181,-6.668975,-9.186668,-6.636856,-8.095247,-6.475896,-7.0130982,-6.1983433,-5.9695115,-5.8220487,-4.990499,-5.3696656,-4.097626,-4.867555,-3.307109,-4.3445063,-2.6292024,-3.8303092,-2.0679126,-3.3542573,-1.6210598,-2.9436464,-1.28069,-2.6224368,-1.033759,-2.410024,-0.8630966,-2.3203025,-0.74856514,-2.3609946,-0.6683394,-2.5333223,-0.60023475,-2.8320258,-0.5230178,-3.2457244,-0.41759554,-3.7575932,-0.26803967,-4.3463144,-0.062369373,-4.987278,0.2069258,-5.6538944,0.5426742,-6.3190017,0.94312185,-6.9562674,1.4023029,-7.541525,1.9106911,-8.053888,2.4560618,-8.476728,3.0245206,-8.798303,3.601584,-9.01213,4.1733265,-9.117016,4.727413,-9.11679,5.2540407,-9.019733,5.7466636,-8.83776,6.2024918,-8.585427,6.6227093,-8.2787695,7.012385,-7.9341483,7.380135,-7.5670624,7.737469,-7.191103,8.097947,-6.8170466,8.476135,-6.45217,8.886483,-6.099862,9.342112,-5.7594457,9.853686,-5.4264083,10.428392,-5.0928006,11.069067,-4.747979,11.773614,-4.3794985,12.534674,-3.9741788,13.339584,-3.5192375,14.170755,-3.0034237,15.0062275,-2.4181163,15.820623,-1.7582108
155,-31,-12.796027,0.532526,-13.409524,-0.10050325,-13.93161,-0.78912485,-14.337038,-1.520653,-14.603916,-2.278277,-14.714928,-3.0418043,-14.65832,-3.7886972,-14.42861,-4.4952345,-14.026981,-5.1378436,-13.461333,-5.6944394,-12.745957,-6.145705,-11.900904,-6.47631,-10.951048,-6.6758738,-9.924867,-6.7397256,-8.853084,-6.669322,-7.767178,-6.472384,-6.697853,-6.1626453,-5.6735816,-5.759271,-4.719298,-5.2860255,-3.8552628,-4.7701106,-3.096222,-4.240837,-2.450871,-3.7281787,-1.921648,-3.2612593,-1.504874,-2.8669012,-1.1912191,-2.5682464,-0.9664688,-2.383636,-0.8125371,-2.325696,-0.70864743,-2.400727,-0.6326496,-2.6084743,-0.5623503,-2.9422023,-0.4767969,-3.389123,-0.35745707,-3.9311461,-0.189185,-4.5459037,0.03903396,-5.2079453,0.33363354,-5.8901186,0.6963159,-6.564988,1.1242036,-7.2062283,1.6102959,-7.7899055,2.1441472,-8.295631,2.7127967,-8.707421,3.3017929,-9.014319,3.8963284,-9.210696,4.4823527,-9.296219,5.047616,-9.275529,5.582578,-9.157611,6.0810823,-8.954961,6.540828,-8.682518,6.9635115,-8.356552,7.354714,-7.993447,7.7234697,-7.6085496,8.081614,-7.215162,8.442883,-6.8236403,8.8218355,-6.4407988,9.232721,-6.0695124,9.688295,-5.70868,10.198675,-5.3534164,10.770355,-4.9955606,11.405401,-4.6244307,12.100888,-4.227737,12.84865,-3.7926733,13.635303,-3.3070598,14.442639,-2.7604542,15.24829,-2.1451945,16.026705,-1.4572896
156,-31,-12.898269,0.27854955,-13.480406,-0.3707339,-13.966563,-1.0716872,-14.332315,-1.8106779,-14.556843,-2.570129,-14.624077,-3.3293107,-14.523665,-4.0654235,-14.251592,-4.7547846,-13.8105,-5.3741717,-13.209674,-5.9021516,-12.464647,-6.3203497,-11.596496,-6.6146173,-10.630851,-6.7759485,-9.596646,-6.801181,-8.5247135,-6.693326,-7.4462957,-6.461643,-6.391529,-6.1213045,-5.3880167,-5.6927576,-4.4595404,-5.2007995,-3.6250117,-4.673394,-2.8976827,-4.1402955,-2.2846742,-3.6315606,-1.7868642,-3.1760755,-1.3990979,-2.8000767,-1.1107149,-2.5258288,-0.90639347,-2.370547,-0.7671878,-2.3455281,-0.6717694,-2.455634,-0.59774244,-2.6991022,-0.522978,-3.0677154,-0.42689306,-3.5472987,-0.29158238,-4.1185355,-0.10275405,-4.7580214,0.14959739,-5.4395394,0.4707878,-6.1354413,0.86136335,-6.8180757,1.3173294,-7.461169,1.8306385,-8.041118,2.3899508,-8.538058,2.9815733,-8.936719,3.5905516,-9.226965,4.2017713,-9.404041,4.801116,-9.468499,5.376451,-9.425793,5.9185266,-9.285631,6.4216137,-9.061065,6.883902,-8.767435,7.3076296,-8.421195,7.6988754,-8.038747,8.067125,-7.6352825,8.424522,-7.22379,8.784956,-6.8142247,9.16298,-6.4129233,9.572629,-6.0222955,10.026271,-5.640791,10.533474,-5.2632036,11.100066,-4.8811784,11.727339,-4.484019,12.411576,-4.059642,13.143827,-3.595656,13.910017,-3.0805063,14.691399,-2.5045578,15.465252,-1.8611419,16.205904,-1.147344
157,-31,-12.992808,0.020691697,-13.542681,-0.6436901,-13.992251,-1.3556211,-14.3179655,-2.1005704,-14.500099,-2.860252,-14.523876,-3.61347,-14.380338,-4.3372326,-14.066926,-5.0079713,-13.587733,-5.602887,-12.953377,-6.101267,-12.180579,-6.4857354,-11.29138,-6.7433753,-10.312083,-6.8665843,-9.271985,-6.853714,-8.201951,-6.7093368,-7.132908,-6.4442296,-6.0943356,-6.074956,-5.112898,-5.62319,-4.2111807,-5.1147056,-3.4066868,-4.57813,-2.7111518,-4.043572,-2.1301284,-3.5411055,-1.6629469,-3.099272,-1.3029939,-2.7436364,-1.038341,-2.495527,-0.8526035,-2.3709555,-0.72606057,-2.3798509,-0.6369039,-2.5255933,-0.56257445,-2.8049045,-0.4810983,-3.2080925,-0.37233174,-3.719615,-0.21907258,-4.318949,-0.007934009,-4.981716,0.2700211,-5.6809897,0.6189599,-6.388679,1.0382574,-7.076979,1.5227776,-7.719751,2.063451,-8.29377,2.648047,-8.779757,3.262193,-9.163199,3.8904421,-9.434826,4.5174313,-9.590789,5.1289935,-9.632531,5.7131567,-9.566341,6.2610025,-9.40263,6.767241,-9.155007,7.230606,-8.839187,7.653869,-8.471816,8.043632,-8.069288,8.4098,-7.6466227,8.764828,-7.2164984,9.1227665,-6.788449,9.498122,-6.3683476,9.90474,-5.9581337,10.354576,-5.555854,10.856659,-5.1559873,11.416133,-4.7500257,12.033542,-4.327299,12.704398,-3.8759458,13.419016,-3.3840106,14.162668,-2.8405843,14.916115,-2.2368777,15.656338,-1.5671895,16.357618,-0.8297065
158,-31,-13.079463,-0.24078654,-13.596234,-0.91907,-14.008634,-1.6405973,-14.294026,-2.3899903,-14.433815,-3.148314,-14.414531,-3.8939724,-14.228621,-4.603859,-13.874977,-5.25459,-13.359092,-5.82386,-12.692895,-6.2917457,-11.894231,-6.641923,-10.986027,-6.862745,-9.995187,-6.948044,-8.951288,-6.8976965,-7.8851414,-6.7178254,-6.827261,-6.4206862,-5.806416,-6.0242133,-4.84825,-5.5512285,-3.9740975,-5.0284095,-3.200031,-4.484981,-2.5362432,-3.9513142,-1.9867151,-3.457399,-1.5492364,-3.0313427,-1.2157935,-2.6979775,-0.9732225,-2.477601,-0.8041557,-2.3849778,-0.68816036,-2.4286177,-0.60303247,-2.6103947,-0.5261364,-2.925508,-0.43572587,-3.3627918,-0.3121818,-3.9053564,-0.1390694,-4.531524,0.096023545,-5.2159963,0.40093297,-5.931175,0.77864087,-6.6486025,1.2273284,-7.340395,1.7407361,-7.9806123,2.3087616,-8.546463,2.9183226,-9.019321,3.55437,-9.385472,4.2010264,-9.636542,4.8427043,-9.769623,5.465247,-9.7870655,6.0568833,-9.695988,6.6090436,-9.507511,7.116931,-9.235791,7.5798035,-8.896902,8.001015,-8.507657,8.387676,-8.084436,8.750136,-7.642066,9.1011505,-7.192901,9.4549,-6.746062,9.825868,-6.3069596,10.227642,-5.877078,10.671815,-5.454071,11.166843,-5.032135,11.7172165,-4.6026254,12.322746,-4.154924,12.978185,-3.677428,13.673144,-3.1586578,14.392304,-2.5883737,15.115975,-1.9586147,15.820908,-1.2646781,16.48139,-0.5058078
159,-31,-13.15804,-0.50561494,-13.640941,-1.1965649,-14.015662,-1.9262834,-14.260525,-2.6785958,-14.358107,-3.4339826,-14.296241,-4.1705155,-14.068791,-4.8650446,-13.676077,-5.4944444,-13.124977,-6.0369754,-12.428664,-6.4735613,-11.606052,-6.7889824,-10.680883,-6.9729023,-9.680585,-7.020608,-8.634927,-6.933505,-7.574571,-6.7192492,-6.5295634,-6.3915606,-5.527862,-5.969671,-4.5940423,-5.4775085,-3.7481344,-4.9425645,-3.0047479,-4.394587,-2.3725166,-3.864112,-1.8538501,-3.3809557,-1.445043,-2.9727232,-1.1366974,-2.6634154,-0.9144812,-2.4722395,-0.76009953,-2.4126475,-0.6524966,-2.4917014,-0.5691509,-2.709742,-0.48743153,-3.0604415,-0.3859105,-3.5311735,-0.2455613,-4.103734,-0.050789736,-4.755329,0.20979898,-5.459785,0.5428835,-6.188906,0.95023847,-6.9139395,1.4288456,-7.606988,1.9712995,-8.242364,2.5665028,-8.79779,3.20053,-9.25534,3.8577173,-9.602145,4.52177,-9.830768,5.176937,-9.939256,5.809096,-9.930886,6.4067116,-9.813612,6.9616275,-9.599255,7.4695377,-9.302503,7.930296,-8.939778,8.347804,-8.528043,8.729715,-8.083636,9.086799,-7.621189,9.432107,-7.1527224,9.779961,-6.686933,10.14478,-6.2287736,10.539947,-5.7792826,10.97662,-5.33574,11.46272,-4.8920794,12.00207,-4.439556,12.593762,-3.967636,13.231835,-3.464997,13.905235,-2.920643,14.598079,-2.3250167,15.290289,-1.6710235,15.958441,-0.95492655,16.576887,-0.17704038
160,-31,-13.228337,-0.7735125,-13.676669,-1.4758581,-14.013286,-2.2123415,-14.217501,-2.9660459,-14.273081,-3.7169287,-14.1692,-4.4428015,-13.901123,-5.1205416,-13.47057,-5.7273536,-12.885766,-6.242128,-12.1610985,-6.6467013,-11.316472,-6.9270005,-10.376367,-7.074033,-9.368661,-7.084563,-8.323229,-6.961523,-7.2705045,-6.7140813,-6.2399697,-6.35738,-5.2587247,-5.9119163,-4.3502007,-5.402639,-3.5330825,-4.8577857,-2.820492,-4.307537,-2.2194943,-3.782508,-1.730944,-3.3122559,-1.3496475,-2.9237852,-1.0648884,-2.640201,-0.86121327,-2.4795468,-0.7194834,-2.4539201,-0.6180892,-2.5688968,-0.53427774,-2.8232653,-0.44550887,-3.2091644,-0.3307474,-3.7125351,-0.1716421,-4.3138914,0.046503536,-4.98936,0.33400002,-5.7119575,0.69634473,-6.4529657,1.1340759,-7.18339,1.6429585,-7.875392,2.2144706,-8.503615,2.836515,-9.046347,3.4943683,-9.486423,4.1717615,-9.811865,4.8520513,-10.016196,5.519351,-10.098457,6.1596355,-10.062847,6.7616544,-9.918163,7.3176675,-9.676917,7.8239226,-9.354315,8.280843,-8.967112,8.692942,-8.532393,9.068391,-8.066454,9.418402,-7.583694,9.756316,-7.0957956,10.096563,-6.611031,10.453516,-6.1338964,10.840301,-5.665005,11.267679,-5.2012677,11.743016,-4.7363863,12.269489,-4.261528,12.845495,-3.7662656,13.464372,-3.2395918,14.114427,-2.6710267,14.779271,-2.0517144,15.438497,-1.3754033,16.06854,-0.63934386,16.6439,0.15512493
161,-31,-13.290153,-1.0441866,-13.703285,-1.7566239,-14.001446,-2.498428,-14.164979,-3.251996,-14.178858,-3.9968257,-14.033598,-4.7105355,-13.725863,-5.3701053,-13.258765,-5.9531393,-12.641825,-6.4392214,-11.890582,-6.8111553,-11.025875,-7.0560627,-10.072854,-7.166323,-9.05975,-7.140186,-8.016472,-6.982115,-6.973137,-6.702765,-5.9585876,-6.3186584,-4.9989924,-5.8514996,-4.1165886,-5.3271894,-3.3286788,-4.774639,-2.646866,-4.224364,-2.0766556,-3.706985,-1.6173455,-3.251696,-1.2623035,-2.8848245,-0.99952966,-2.6285048,-0.81252116,-2.4995546,-0.68136144,-2.5086758,-0.5839724,-2.6599133,-0.49745563,-2.950504,-0.3994428,-3.3710592,-0.26937988,-3.9061043,-0.08965432,-4.5349016,0.15346166,-5.232567,0.46916,-5.9713597,0.861707,-6.7220993,1.3303883,-7.455625,1.8697572,-8.144236,2.4701612,-8.762973,3.118547,-9.290749,3.7994087,-9.711209,4.495941,-10.013312,5.191172,-10.191584,5.869137,-10.246049,6.515943,-10.1818695,7.120656,-10.008665,7.676022,-9.739637,8.178851,-9.390504,8.630183,-8.978303,9.03512,-8.520248,9.402383,-8.032543,9.743604,-7.5293727,10.072406,-7.022057,10.403349,-6.51844,10.750725,-6.022568,11.127413,-5.534614,11.543754,-5.051161,12.006566,-4.5656805,12.5183935,-4.0692997,13.0769415,-3.5517218,13.6748905,-3.0022674,14.299955,-2.41098,14.93528,-1.7697124,15.560156,-1.0730852,16.150965,-0.3192995,16.682379,0.4892745
162,-31,-13.343269,-1.3173342,-13.720652,-2.0385299,-13.9800825,-2.784196,-14.102973,-3.5360997,-14.07553,-4.2733455,-13.889614,-4.973431,-13.543269,-5.6134987,-13.040968,-6.1716347,-12.393493,-6.628169,-11.617482,-6.966929,-10.734637,-7.1762705,-9.770696,-7.2499695,-8.754171,-7.187774,-7.7149076,-6.9956555,-6.682632,-6.685745,-5.685481,-6.2758965,-4.7486167,-5.7889524,-3.8930387,-5.2517104,-3.1346219,-4.69366,-2.4834497,-4.1455765,-1.9434484,-3.6379726,-1.512394,-3.199616,-1.1822441,-2.856072,-0.93977624,-2.6284266,-0.76749694,-2.5322206,-0.64479375,-2.5767076,-0.5492012,-2.7643883,-0.4577609,-3.09093,-0.3483611,-3.545435,-0.20100355,-4.1110296,0.0011090377,-4.765782,0.27068385,-5.4838414,0.61573577,-6.236773,1.0392776,-6.9950047,1.5393231,-7.7292953,2.109214,-8.412141,2.7381897,-9.01905,3.4122531,-9.529616,4.11517,-9.928359,4.829613,-10.205207,5.5383472,-10.35571,6.225373,-10.380925,6.8769855,-10.286948,7.482617,-10.084238,8.035516,-9.786659,8.533092,-9.410411,8.977015,-8.972832,9.373006,-8.491218,9.730325,-7.9816804,10.061039,-7.4581428,10.379048,-6.931566,10.699006,-6.4093533,11.035128,-5.895095,11.400036,-5.3885646,11.803655,-4.886009,12.25226,-4.3807106,12.747761,-3.8637478,13.287207,-3.324987,13.862632,-2.7540944,14.461195,-2.1416733,15.065615,-1.4802881,15.654953,-0.7654189,16.205576,0.0037738148,16.692385,0.8239432
163,-31,-13.387468,-1.5926278,-13.728622,-2.3212214,-13.949137,-3.0692792,-14.031511,-3.8179977,-13.963208,-4.5461535,-13.737425,-5.2311893,-13.353582,-5.850488,-12.817476,-6.3826704,-12.141111,-6.808886,-11.342154,-7.1140246,-10.443109,-7.2877207,-9.470219,-7.3251634,-8.452195,-7.2275996,-7.418747,-7.0025105,-6.3991227,-6.663452,-5.4206777,-6.2295704,-4.5075135,-5.724788,-3.6793401,-5.1767135,-2.950584,-4.615343,-2.3297791,-4.0716057,-1.8192935,-3.5758471,-1.4154032,-3.1563015,-1.1086957,-2.8376951,-0.88477963,-2.6400006,-0.7252472,-2.57743,-0.60886264,-2.6577437,-0.51286215,-2.8818843,-0.41430798,-3.2439501,-0.29143333,-3.7315361,-0.124870665,-4.3264174,0.10128865,-5.005505,0.3986778,-5.7420335,0.77409506,-6.506956,1.2292684,-7.270384,1.7609398,-8.003051,2.3612268,-8.6777315,3.0182877,-9.270465,3.717205,-9.761611,4.4410543,-10.136582,5.1720424,-10.386327,5.892712,-10.507459,6.5870914,-10.502047,7.2416983,-10.377155,7.846378,-10.144059,8.39492,-9.81729,8.88536,-9.413512,9.320027,-8.950322,9.705268,-8.445067,10.05089,-7.913744,10.369383,-7.3700185,10.674919,-6.8244624,10.982245,-6.284049,11.305488,-5.751921,11.657,-5.2274375,12.0462885,-4.706525,12.479087,-4.1822853,12.956683,-3.6457994,13.475487,-3.0870974,14.026922,-2.4962382,14.597625,-1.864364,15.1699295,-1.1847779,15.722713,-0.45379972,16.232376,0.32847208,16.674114,1.1577109
164,-31,-13.422538,-1.869732,-13.727059,-2.6043391,-13.908545,-3.3533106,-13.950615,-4.097332,-13.8419895,-4.8149166,-13.577202,-5.483521,-13.157034,-6.080842,-12.588575,-6.586088,-11.884992,-6.9812922,-11.064926,-7.252456,-10.151609,-7.3905163,-9.1717205,-7.3921022,-8.154075,-7.2599506,-7.1281652,-7.0030346,-6.122695,-6.6363,-5.164163,-6.180138,-4.275552,-5.659482,-3.475244,-5.102676,-2.7761874,-4.5401297,-2.1853619,-4.002859,-1.7035886,-3.5209312,-1.32567,-3.1219685,-1.0408705,-2.8297887,-0.8336904,-2.6631858,-0.68488103,-2.634986,-0.5726682,-2.7514381,-0.47406554,-3.0118954,-0.36625108,-3.4088898,-0.22788428,-3.928544,-0.04030221,-4.5513067,0.21145545,-5.2529783,0.5378849,-6.005962,0.9445298,-6.7806473,1.431822,-7.5469,1.9952062,-8.275522,2.625594,-8.939636,3.3100839,-9.515877,4.0328803,-9.98541,4.7763953,-10.334617,5.5224214,-10.555495,6.2533484,-10.645731,6.9532533,-10.608445,7.608949,-10.451651,8.2107315,-10.187433,8.752971,-9.83097,9.234363,-9.39936,9.657901,-8.910446,10.030577,-8.381612,10.362742,-7.828714,10.66732,-7.265123,10.958741,-6.701022,11.251833,-6.142938,11.56063,-5.5935626,11.897202,-5.0518627,12.270633,-4.5134587,12.686121,-3.9713,13.144348,-3.416461,13.641096,-2.8391757,14.167214,-2.2298853,14.708842,-1.5803155,15.247994,-0.88449264,15.763387,-0.13958357,16.231516,0.65338475,16.627909,1.4891651
165,-31,-13.448252,-2.1483002,-13.715817,-2.8875172,-13.858246,-3.63592,-13.860303,-4.373745,-13.711967,-5.0793056,-13.409115,-5.7301435,-12.953855,-6.304331,-12.354532,-6.781736,-11.625433,-7.145322,-10.786108,-7.382243,-9.860438,-7.4847693,-8.875459,-7.450978,-7.8600197,-7.2851033,-6.843303,-6.99757,-5.8533993,-6.604691,-4.9158826,-6.1280346,-4.052568,-5.5934834,-3.2804658,-5.030033,-2.6110296,-4.4684324,-2.049683,-3.9396825,-1.595708,-3.4734817,-1.2424747,-3.0967777,-0.97797716,-2.8323915,-0.785667,-2.6978805,-0.64553183,-2.7046452,-0.5353345,-2.8573802,-0.43196428,-3.153855,-0.3127941,-3.5850391,-0.15698795,-4.1356,0.053328324,-4.784703,0.33210927,-5.5071054,0.6886633,-6.2744207,1.1272554,-7.0565653,1.6469845,-7.823234,2.2420092,-8.545374,2.9020483,-9.196515,3.6131496,-9.75397,4.358687,-10.199762,5.1204534,-10.521286,5.8798947,-10.711617,6.619269,-10.769542,7.3227925,-10.699242,7.977592,-10.509674,8.574469,-10.21374,9.108414,-9.827216,9.578795,-9.367629,9.989325,-8.853028,10.347621,-8.300814,10.664605,-7.7266726,10.953603,-7.143672,11.229309,-6.561597,11.506622,-5.986502,11.799458,-5.420643,12.119623,-4.862583,12.475766,-4.30767,12.872552,-3.7486954,13.3100605,-3.1767733,13.783475,-2.5823524,14.283087,-1.9562719,14.794592,-1.2908305,15.2997,-0.5807835,15.777042,0.175847,16.203245,0.97714907,16.554218,1.8169566
166,-31,-13.464387,-2.4279628,-13.694752,-3.1703675,-13.79818,-3.9167194,-13.760591,-4.646863,-13.57324,-5.3389816,-13.233328,-5.970766,-12.744266,-6.5207257,-12.115615,-6.969461,-11.362724,-7.3009,-10.505991,-7.5034,-9.569874,-7.570585,-8.58168,-7.5019855,-7.5702105,-7.3033204,-6.5642753,-6.986453,-5.5912566,-6.569007,-4.675755,-6.0736766,-3.8383665,-5.52721,-3.0946977,-4.959193,-2.454683,-4.400612,-1.9221973,-3.8823614,-1.495016,-3.4337103,-1.1650995,-3.0808256,-0.91922665,-2.8454728,-0.7398767,-2.743912,-0.6063428,-2.786078,-0.4960181,-2.975093,-0.38574755,-3.3071291,-0.25318825,-3.7716095,-0.07808766,-4.3517747,0.15657222,-5.02556,0.46367487,-5.7667246,0.8513028,-6.5461707,1.3223974,-7.333413,1.8747233,-8.09806,2.5011427,-8.811259,3.1902068,-9.4470415,3.9269485,-9.983452,4.693944,-10.40344,5.4724255,-10.695437,6.2435203,-10.853646,6.9894376,-10.877971,7.6945586,-10.773647,8.346407,-10.550577,8.9363165,-10.222448,9.45994,-9.805643,9.917364,-9.318074,10.312995,-8.777975,10.655117,-8.202725,10.955199,-7.6078253,11.226995,-7.0060077,11.485436,-6.4066377,11.745491,-5.8153186,12.020955,-5.233846,12.323339,-4.6604095,12.66086,-4.0900736,13.037653,-3.51551,13.45322,-2.9278638,13.90216,-2.3178222,14.374236,-1.6766329,14.854725,-0.99719566,15.325086,-0.27498877,15.763897,0.4911372,16.147963,1.2983835,16.45362,2.1397288
167,-32,-13.47073,-2.7083256,-13.663732,-3.4524844,-13.728295,-4.1953044,-13.651512,-4.9163027,-13.425915,-5.593596,-13.050014,-6.2050924,-12.528492,-6.7298026,-11.872089,-7.149107,-11.097156,-7.4479604,-10.224868,-7.615946,-9.280186,-7.6480665,-8.290615,-7.545313,-7.2848277,-7.314873,-6.291169,-6.9700074,-5.3362665,-6.529616,-4.4436765,-6.017449,-3.6327312,-5.4610605,-2.917604,-4.890524,-2.306704,-4.336986,-1.8023671,-3.831162,-1.4008677,-3.4017773,-1.09282,-3.0741584,-0.86384124,-2.8689463,-0.6955048,-2.8010533,-0.5664938,-2.878908,-0.45391485,-3.104047,-0.3346568,-3.4710362,-0.18673998,-3.9677722,0.009417841,-4.5761123,0.26991576,-5.2728004,0.6065015,-6.030663,1.0259956,-6.8199697,1.5299919,-7.609901,2.1149015,-8.370048,2.7723186,-9.07186,3.4896247,-9.68993,4.250885,-10.203096,5.037901,-10.59528,5.8314147,-10.8560095,6.612294,-10.980632,7.362738,-10.97018,8.067386,-10.830954,8.714168,-10.573792,9.295023,-10.213153,9.806276,-9.765989,10.248756,-9.250584,10.627604,-8.685313,10.951777,-8.087512,11.233305,-7.472461,11.486332,-6.8525496,11.726037,-6.236701,11.967429,-5.6300573,12.224175,-5.03397,12.507491,-4.446242,12.825171,-3.8616703,13.180817,-3.2728095,13.573354,-2.670879,13.996817,-2.0467975,14.440471,-1.3922626,14.889214,-0.7007463,15.324297,0.031533267,15.724279,0.80492413,16.066185,1.6157731,16.326828,2.4562092
168,-32,-13.467068,-2.9889903,-13.622624,-3.7334588,-13.6485405,-4.4712744,-13.533096,-5.1816854,-13.270093,-5.8428087,-12.859334,-6.432834,-12.306747,-6.93134,-11.624201,-7.3205304,-10.828988,-7.5864367,-9.942996,-7.7199035,-8.9916115,-7.7173214,-8.002458,-7.581144,-7.003992,-7.3200045,-6.0240393,-6.9485426,-5.088388,-6.4868627,-4.219505,-5.9597154,-3.4354086,-5.3953876,-2.7488217,-4.824352,-2.1666253,-4.2778354,-1.6896105,-3.7862706,-1.3126062,-3.377778,-1.0249112,-3.0767574,-0.81104803,-2.9026642,-0.6517532,-2.8690145,-0.52518797,-2.982698,-0.40825337,-3.2436473,-0.27796948,-3.6448376,-0.11281039,-4.1726594,0.106066,-4.807616,0.3937664,-5.5253186,0.7608659,-6.297735,1.2128654,-7.094564,1.7500005,-7.8847313,2.3673327,-8.637904,3.055173,-9.325894,3.7997773,-9.923932,4.5842643,-10.41171,5.3897467,-10.77418,6.1964846,-11.002004,6.985171,-11.091688,7.738063,-11.045418,8.440072,-10.870547,9.079623,-10.578849,9.649279,-10.185529,10.146104,-9.708082,10.571685,-9.165128,10.931915,-8.575155,11.236407,-7.9554234,11.497749,-7.3209662,11.730503,-6.6838093,11.950058,-6.052428,12.171472,-5.431476,12.408267,-4.821863,12.671357,-4.2210116,12.968088,-3.6234763,13.301547,-3.0217063,13.670099,-2.4069967,14.067231,-1.7705337,14.481742,-1.1044385,14.898177,-0.40278596,15.297607,0.3374922,15.658632,1.115928,15.958547,1.9280473,16.174652,2.7651803
169,-32,-13.4531975,-3.2695198,-13.571309,-4.0128493,-13.558883,-4.7441964,-13.405389,-5.4426074,-13.105895,-6.08626,-12.661475,-6.6536894,-12.079267,-7.125099,-11.372216,-7.483576,-10.558502,-7.7162623,-9.660647,-7.8152885,-8.704394,-7.7784524,-7.7174034,-7.6096582,-6.727843,-7.318968,-5.762938,-6.9223533,-4.847579,-6.4410777,-4.003089,-5.9008226,-3.2461421,-5.330523,-2.587987,-4.760977,-2.0339704,-4.2233953,-1.5833673,-3.7478497,-1.2295858,-3.361771,-0.96066445,-3.0885615,-0.7600936,-2.9464297,-0.6078546,-2.9474533,-0.48166397,-3.0969553,-0.35830945,-3.3932607,-0.21502826,-3.827758,-0.030827457,-4.3853555,0.21231848,-5.0452533,0.5284644,-5.7819943,0.9269545,-6.5667357,1.4119474,-7.368692,1.9822975,-8.156627,2.6317117,-8.900348,3.349241,-9.5721035,4.1200433,-10.147841,4.926339,-10.608172,5.74858,-10.939115,6.566632,-11.132499,7.36105,-11.186025,8.114213,-11.103029,8.811374,-10.891927,9.441497,-10.565398,9.997809,-10.139369,10.478148,-9.631865,10.884887,-9.061797,11.224668,-8.447733,11.507796,-7.80683,11.747412,-7.1538486,11.958458,-6.5004144,12.156545,-5.854541,12.356762,-5.2204022,12.572474,-4.598454,12.814274,-3.9857492,13.089079,-3.3766015,13.399451,-2.7633727,13.743205,-2.1374474,14.113311,-1.4902847,14.498105,-0.8144505,14.881833,-0.104618564,15.245428,0.6415658,15.56755,1.42285,15.825794,2.2339575,15.9980135,3.0654602
170,-33,-13.428919,-3.5494916,-13.509668,-4.29023,-13.459281,-5.0136614,-13.268425,-5.6986866,-12.933422,-6.323612,-12.456596,-6.8673797,-11.8462515,-7.3108687,-11.116364,-7.6381097,-10.285932,-7.8373837,-9.37805,-7.9021325,-8.418734,-7.831568,-7.4356003,-7.6310344,-6.456464,-7.312005,-5.5078645,-6.8917217,-4.6137466,-6.3925676,-3.7942348,-5.8410835,-3.0646327,-5.2667603,-2.434697,-4.700651,-1.9082397,-4.173857,-1.4830508,-3.7160091,-1.1511481,-3.3537552,-0.89936805,-3.109447,-0.71023613,-2.9999886,-0.56306005,-3.0359738,-0.43519214,-3.2211452,-0.30339706,-3.5522058,-0.14521486,-4.018976,0.059731286,-4.604921,0.3285835,-5.287983,0.67428213,-6.0416856,1.1048962,-6.8364635,1.623217,-7.641123,2.2266958,-8.424332,2.9076905,-9.156125,3.654016,-9.809286,4.449766,-10.360521,5.276307,-10.791421,6.1134834,-11.089121,6.94083,-11.246653,7.7388196,-11.262929,8.490011,-11.142443,9.180065,-10.89467,9.798531,-10.533164,10.339357,-10.074568,10.801165,-9.537376,11.18714,-8.940761,11.504704,-8.303357,11.764843,-7.642171,11.981244,-6.9716673,12.169239,-6.3030405,12.344645,-5.6438346,12.522544,-4.9977236,12.716146,-4.364707,12.935722,-3.7414913,13.18775,-3.1221483,13.474269,-2.4989724,13.792559,-1.8634385,14.135079,-1.2072943,14.489756,-0.5235527,14.840543,0.19250187,15.168271,0.942525,15.45171,1.7244976,15.668793,2.532363,15.797944,3.3559875
171,-33,-13.394052,-3.8284333,-13.437611,-4.565133,-13.349728,-5.279218,-13.1222725,-5.9495077,-12.752814,-6.5544996,-12.244888,-7.073599,-11.607939,-7.4884257,-10.856905,-7.783984,-10.011548,-7.9497366,-9.095457,-7.980455,-8.134847,-7.876766,-7.1572156,-7.645445,-6.189942,-7.2993307,-5.258827,-6.856922,-4.3868027,-6.34163,-3.5927563,-5.7807894,-2.8905878,-5.204377,-2.2885547,-4.643604,-1.7889479,-4.129382,-1.3880875,-3.6908064,-1.0766513,-3.3536916,-0.84033406,-3.1392534,-0.66076577,-3.0630422,-0.51665837,-3.1341395,-0.3850905,-3.354683,-0.2428879,-3.719758,-0.067982,-4.2176437,0.15931784,-4.8303905,0.45519084,-5.5347304,0.83141404,-6.303244,1.2947317,-7.1057205,1.8465458,-7.910617,2.4829023,-8.686609,3.1948164,-9.404042,3.968897,-10.03628,4.788198,-10.560876,5.63329,-10.960451,6.4834604,-11.22332,7.317978,-11.343721,8.1173,-11.321801,8.864226,-11.1632185,9.544885,-10.878466,10.149454,-10.481996,10.672645,-9.991098,11.113901,-9.424742,11.477244,-8.8023205,11.770877,-8.142473,12.006474,-7.462019,12.198264,-6.775093,12.361958,-6.0924673,12.513551,-5.4211693,12.668131,-4.76439,12.838723,-4.1216736,13.03527,-3.489363,13.263799,-2.8612986,13.52584,-2.2297127,13.818148,-1.5862094,14.1326885,-0.92281556,14.456988,-0.23302233,14.774759,0.48730934,15.066757,1.2391253,15.311901,2.0196738,15.488497,2.822158,15.575559,3.635747
172,-33,-13.348428,-4.1058745,-13.355045,-4.8370934,-13.230216,-5.5404253,-12.967004,-6.1946683,-12.564202,-6.7785687,-12.026543,-7.2720623,-11.364549,-7.657553,-10.594081,-7.9210606,-9.735593,-8.053266,-8.813094,-8.050282,-7.852919,-7.9141474,-6.8823824,-7.653057,-5.9283442,-7.281184,-5.0158033,-6.8182087,-4.1666307,-6.2885356,-3.3984356,-5.7202053,-2.7236886,-5.143611,-2.1491442,-4.590019,-1.6755885,-4.0900793,-1.297897,-3.6722755,-1.005459,-3.361493,-0.7828861,-3.1777663,-0.6109917,-3.1352441,-0.4679679,-3.2414625,-0.33071327,-3.4969428,-0.17619763,-3.8951645,0.017175775,-4.4228783,0.26832438,-5.060767,0.5924067,-5.7844167,0.99997646,-6.5655293,1.4964316,-7.3733053,2.081746,-8.175966,2.7505703,-8.942261,3.4925907,-9.642915,4.2932253,-10.251969,5.1345415,-10.74788,5.996357,-11.11436,6.857481,-11.340904,7.696954,-11.423032,8.495305,-11.362111,9.235635,-11.164954,9.904584,-10.843099,10.493015,-10.411826,10.99644,-9.889082,11.41516,-9.294227,11.754049,-8.646852,12.022104,-7.9655595,12.231687,-7.2669744,12.397571,-6.5648646,12.53581,-5.8695292,12.66258,-5.1874943,12.792954,-4.5214276,12.93976,-3.8704267,13.1126,-3.2304723,13.31705,-2.5952048,13.554135,-1.9567999,13.820086,-1.3069859,14.1064,-0.6381002,14.400235,0.05591725,14.685077,0.7786054,14.941649,1.530233,15.149041,2.3073084,15.28596,3.1023283,15.332062,3.9038258
173,-34,-13.291903,-4.381318,-13.261915,-5.105625,-13.100764,-5.7968216,-12.802708,-6.433747,-12.367746,-6.9954586,-11.8017645,-7.4624705,-11.116326,-7.818026,-10.328155,-8.049202,-9.458323,-8.147916,-8.531193,-8.111638,-7.5731506,-7.9438167,-6.611233,-7.6540327,-5.671727,-7.2577596,-4.7787714,-6.775827,-3.9531162,-6.2335386,-3.2110546,-5.659585,-2.5636184,-5.0846725,-2.0160584,-4.5400624,-1.567664,-4.056036,-1.2119126,-3.6603947,-0.9369518,-3.3770335,-0.72637653,-3.224736,-0.560254,-3.216212,-0.41634944,-3.3574235,-0.27145985,-3.6472714,-0.10279529,-4.0776396,0.11069124,-4.6337795,0.38707197,-5.2950535,0.7404177,-6.0359626,1.1800201,-6.8273873,1.7098844,-7.6380477,2.3285594,-8.435992,3.0292761,-9.190124,3.8004243,-9.871637,4.626266,-10.455315,5.4879246,-10.9205885,6.3645306,-11.252288,7.234463,-11.441172,8.076619,-11.484013,8.871634,-11.38344,9.602995,-11.147413,10.257899,-10.788471,10.827961,-10.32272,11.309527,-9.768699,11.703777,-9.146156,12.016465,-8.474821,12.25738,-7.7732463,12.439568,-7.057781,12.578324,-6.3418145,12.690072,-5.6351533,12.791132,-4.9437895,12.896538,-4.269886,13.018916,-3.6120725,13.167506,-2.9659982,13.347442,-2.32508,13.559229,-1.6814656,13.798597,-1.027009,14.05659,-0.35435745,14.320022,0.34207755,14.572177,1.0652384,14.793777,1.8147212,14.964118,2.5863447,15.0623455,3.3719127,15.068755,4.1593738
174,-34,-13.224341,-4.6542535,-13.158173,-5.370235,-12.96141,-6.047948,-12.629491,-6.66633,-12.163609,-7.204809,-11.570765,-7.644536,-10.863518,-7.969632,-10.059378,-8.168278,-9.179988,-8.233641,-8.249982,-8.164556,-7.2957172,-7.9658723,-6.3438907,-7.6485353,-5.4201407,-7.229279,-4.547689,-6.7300086,-3.7461143,-6.1768847,-3.030377,-5.59915,-2.4100492,-5.027752,-1.8888758,-4.493856,-1.4646776,-4.0273004,-1.129572,-3.6551158,-0.87052256,-3.400144,-0.6701701,-3.279871,-0.5079221,-3.3055193,-0.36119875,-3.4814641,-0.2067821,-3.8049803,-0.022203173,-4.266366,0.21294558,-4.8494234,0.51582104,-5.532235,0.89935714,-6.288275,1.3715208,-7.0876913,1.9349128,-7.898792,2.586634,-8.689532,3.318523,-9.429064,4.117676,-10.089134,4.9672365,-10.64533,5.8474507,-11.078105,6.736794,-11.373485,7.6133,-11.523489,8.455781,-11.52619,9.245069,-11.38546,9.965067,-11.110409,10.603609,-10.714558,11.153094,-10.214801,11.61074,-9.630251,11.978645,-8.980977,12.263448,-8.286813,12.475745,-7.5662007,12.629258,-6.8352156,12.739806,-6.106814,12.824141,-5.3902926,12.898718,-4.6911035,12.978525,-4.0108705,13.075958,-3.3477724,13.199902,-2.69711,13.3550205,-2.052114,13.541322,-1.4048977,13.754035,-0.74746245,13.983765,-0.07277919,14.216998,0.62428564,14.43686,1.3460833,14.624091,2.0915587,14.758227,2.8558362,14.818875,3.6300805,14.786996,4.401683
175,-34,-13.145639,-4.924168,-13.043793,-5.630429,-12.8122,-6.293341,-12.447476,-6.8920045,-11.951969,-7.4062715,-11.333768,-7.8179784,-10.606363,-8.112175,-9.788009,-8.278168,-8.900832,-8.310397,-7.9696755,-8.209069,-7.0207915,-7.980419,-6.080461,-7.636724,-5.173621,-7.1959367,-4.322497,-6.680981,-3.5454822,-6.1187954,-2.8561623,-5.539106,-2.2626426,-4.973015,-1.7671736,-4.4515014,-1.3661349,-4.003884,-1.0503277,-3.6563556,-0.8055808,-3.4306312,-0.61366415,-3.3428476,-0.4534004,-3.4027166,-0.30194938,-3.6130009,-0.13616954,-3.969358,0.066001885,-4.46053,0.32425594,-5.0688844,0.65477353,-5.7712984,1.069282,-6.5402856,1.5744005,-7.345335,2.1712792,-8.154411,2.8555849,-8.93549,3.6177628,-9.658034,4.443642,-10.294412,5.3153157,-10.821103,6.212169,-11.219638,7.1121173,-11.477271,7.9928803,-11.587325,8.833281,-11.549177,9.614399,-11.36795,10.320625,-11.053885,10.940504,-10.621458,11.467238,-10.088324,11.8989725,-9.474116,12.2387295,-8.799197,12.494043,-8.083461,12.676333,-7.3451953,12.8,-6.6001463,12.881368,-5.8608146,12.937492,-5.1359715,12.984954,-4.4304953,13.038662,-3.7454877,13.110774,-3.0786693,13.209801,-2.4249969,13.339949,-1.7775071,13.500717,-1.1282934,13.686841,-0.4695273,13.888511,0.20550877,14.0919075,0.90146005,14.280015,1.6201189,14.433622,2.359772,14.532535,3.1149013,14.556837,3.8760583,14.488186,4.630106
176,-35,-13.055715,-5.1905265,-12.918777,-5.885697,-12.653216,-6.5325346,-12.256808,-7.1103554,-11.733029,-7.5994916,-11.09101,-7.9825206,-10.345127,-8.245456,-9.514314,-8.378751,-8.621113,-8.37815,-7.690496,-8.245217,-6.7485375,-7.98756,-5.8210506,-7.6187563,-4.932178,-7.157923,-4.1031346,-6.6289535,-3.351063,-6.05948,-2.6881635,-5.479634,-2.1210618,-4.9205966,-1.6505351,-4.4130697,-1.2715521,-3.985776,-0.97363544,-3.6639922,-0.74155664,-3.468256,-0.55627936,-3.4133077,-0.3961263,-3.507314,-0.23807955,-3.751423,-0.059167232,-4.139675,0.16218868,-4.659279,0.4448897,-5.291229,0.80406386,-6.011238,1.250189,-6.790931,1.7884892,-7.5992136,2.4186742,-8.40382,3.1349409,-9.172791,3.9263763,-9.876003,4.777587,-10.486532,5.669622,-10.981791,6.581095,-11.3444605,7.4893994,-11.563057,8.372056,-11.632233,9.20792,-11.552687,9.978414,-11.33078,10.668487,-10.977865,11.267405,-10.509353,11.769256,-9.943617,12.173129,-9.30078,12.483013,-8.601436,12.707349,-7.865495,12.858373,-7.1110473,12.9511385,-6.3534837,13.002462,-5.604811,13.029707,-4.873246,13.049545,-4.163095,13.076794,-3.474904,13.123352,-2.8059418,13.1973505,-2.150825,13.302509,-1.5024221,13.4378395,-0.8528142,13.597589,-0.19433789,13.771542,0.47938716,13.945602,1.1725502,14.10263,1.8863648,14.223493,2.6184955,14.288291,3.3627787,14.277615,4.109193,14.173818,4.844128
177,-35,-12.95452,-5.4527826,-12.783159,-6.135521,-12.484569,-6.765052,-12.057659,-7.320962,-11.507012,-7.7841206,-10.842757,-8.137886,-10.080095,-8.369274,-9.238575,-8.469918,-8.34109,-8.436867,-7.4126687,-8.273044,-6.4791408,-7.9874043,-5.5657625,-7.5947895,-4.695855,-7.1154404,-3.889545,-6.5741324,-3.1627114,-5.9991384,-2.5261352,-5.4209123,-1.9849774,-4.8706164,-1.5385535,-4.378612,-1.1804534,-3.9729354,-0.8989817,-3.677886,-0.67790884,-3.5127625,-0.49747336,-3.4908702,-0.33557484,-3.6188073,-0.16911423,-3.8960981,0.02463438,-4.315183,0.26667118,-4.861768,0.57504,-5.5155168,0.96375686,-6.2510476,1.4419961,-7.039163,2.013574,-7.848283,2.6767144,-8.645957,3.424181,-9.4004135,4.2436967,-10.08202,5.118687,-10.664614,6.029226,-11.126633,6.95319,-11.451939,7.867554,-11.630352,8.749661,-11.65787,9.578517,-11.536524,10.335917,-11.273918,11.007441,-10.882479,11.583149,-10.378539,12.058049,-9.781131,12.43221,-9.110812,12.710587,-8.388385,12.902553,-7.6337137,13.021136,-6.864665,13.082069,-6.0962176,13.102636,-5.33987,13.100468,-4.6032367,13.09232,-3.8900373,13.092886,-3.2002776,13.113799,-2.5307581,13.162781,-1.8757858,13.243086,-1.2280394,13.353212,-0.5796144,13.48694,0.07698958,13.633658,0.7478174,13.779011,1.4365826,13.905765,2.143927,13.9949,2.8669045,14.026813,3.5987544,13.982622,4.3288956,13.845405,5.043302
178,-35,-12.84203,-5.7103868,-12.636996,-6.3793864,-12.306383,-6.990427,-11.850221,-7.5234203,-11.2741585,-7.959821,-10.589275,-8.283814,-9.81155,-8.483456,-8.961078,-8.551576,-8.061028,-8.486531,-7.136419,-8.292603,-6.2127576,-7.9800634,-5.3146963,-7.564988,-4.464657,-7.0686655,-3.681653,-6.516716,-2.9802535,-5.937962,-2.3698237,-5.3630886,-1.8540539,-4.823178,-1.430819,-4.3481517,-1.0923752,-3.9652965,-0.8258596,-3.6978626,-0.6141132,-3.5638635,-0.43672183,-3.5751264,-0.27125752,-3.7366652,-0.09461684,-4.046377,0.11558702,-4.4951224,0.379709,-5.0671425,0.7148524,-5.7408214,1.1338652,-6.489735,1.6445841,-7.2839584,2.2493672,-8.091494,2.944971,-8.879813,3.7227125,-9.6174,4.5690045,-10.27519,5.4661093,-10.82787,6.3931746,-11.254939,7.3274302,-11.541505,8.245458,-11.678732,9.124543,-11.6639805,9.943876,-11.500608,10.685731,-11.197431,11.336353,-10.767959,11.886656,-10.229372,12.332601,-9.6013565,12.675256,-8.904854,12.920595,-8.160806,13.078908,-7.3890033,13.164029,-6.6070094,13.1923275,-5.8293796,13.181547,-5.0670505,13.149574,-4.327046,13.113204,-3.6124737,13.087012,-2.9227767,13.082326,-2.2543077,13.106455,-1.6010314,13.1621685,-0.95548546,13.247464,-0.3097646,13.355655,0.34343418,13.4757595,1.0098153,13.593166,1.6926292,13.690578,2.3919683,13.749099,3.1042898,13.74946,3.822237,13.673318,4.5347295,13.504487,5.2273397
179,-36,-12.718256,-5.962779,-12.480377,-6.6167736,-12.11882,-7.2081904,-11.63471,-7.717323,-11.034733,-8.126262,-10.33086,-8.420057,-9.539797,-8.587827,-8.682114,-8.623633,-7.7811937,-8.527137,-6.8619714,-8.303953,-5.949567,-7.9656625,-5.067945,-7.529512,-4.2386065,-7.0177956,-3.4793892,-6.4568987,-2.803535,-5.87612,-2.2189808,-5.3063087,-1.7279623,-4.7783613,-1.3269371,-4.321698,-1.006866,-3.962774,-0.7537872,-3.7237322,-0.5496743,-3.6212485,-0.37354577,-3.6656466,-0.20272392,-3.8603363,-0.014198656,-4.201599,0.2140053,-4.678729,0.50150716,-5.274543,0.8644075,-5.9662056,1.3143365,-6.7263293,1.8577467,-7.5243225,2.4955301,-8.327856,3.2229512,-9.1044235,4.0299163,-9.822832,4.9015326,-10.454674,5.8189564,-10.975558,6.760479,-11.366105,7.7027297,-11.612705,8.621995,-11.707889,9.495537,-11.650406,10.302844,-11.444922,11.026703,-11.101476,11.6540985,-10.634616,12.176852,-10.062338,12.591916,-9.404921,12.901402,-8.6836405,13.11228,-7.9195404,13.235776,-7.1322775,13.286524,-6.3390913,13.28152,-5.5540433,13.238948,-4.787497,13.176913,-4.045846,13.112248,-3.3315723,13.059358,-2.6435692,13.029256,-1.9777265,13.028831,-1.3277003,13.060356,-0.68586314,13.121327,-0.044339366,13.2046,0.60398126,13.298825,1.2644638,13.389176,1.9398791,13.458293,2.6297762,13.487421,3.3300242,13.457665,4.032727,13.351228,4.726315,13.152659,5.396014
180,-36,-12.583239,-6.2094116,-12.313421,-6.8471766,-11.922065,-7.417892,-11.41137,-7.9022884,-10.789007,-8.283131,-10.067812,-8.54638,-9.265139,-8.682249,-8.4019785,-8.686025,-7.5018544,-8.558687,-6.589542,-8.307175,-5.689711,-7.944324,-4.8255997,-7.4885263,-4.0177007,-6.963019,-3.282662,-6.3948684,-2.6323788,-5.8137865,-2.073353,-5.250693,-1.6063691,-4.7362356,-1.2265089,-4.2992353,-0.9234882,-3.9652584,-0.68229353,-3.7552814,-0.48411632,-3.6845949,-0.30748528,-3.7619905,-0.12956274,-3.989269,0.07249302,-4.3610973,0.32014698,-4.865241,0.63222,-5.4831357,1.0237458,-6.1907754,1.5050766,-6.9598875,2.081251,-7.7592993,2.7516727,-8.556441,3.5101306,-9.31888,4.345115,-10.015875,5.240486,-10.619734,6.1763396,-11.107037,7.1301546,-11.459606,8.078038,-11.6651535,8.996048,-11.717603,9.86152,-11.61707,10.654281,-11.369572,11.357724,-10.98631,11.95963,-10.482842,12.452765,-9.877966,12.83511,-9.192481,13.109841,-8.447967,13.284953,-7.6654887,13.372598,-6.8645277,13.388198,-6.061942,13.349368,-5.271293,13.274699,-4.502322,13.182499,-3.7607718,13.089591,-3.0484958,13.010204,-2.3638093,12.955013,-1.7021543,12.9304695,-1.0568726,12.938341,-0.42020687,12.975622,0.2156914,13.034715,0.8577304,13.10392,1.5109185,13.168198,2.1775723,13.210164,2.8566952,13.211238,3.543602,13.15288,4.2298474,13.017866,4.903425,12.791493,5.549252
181,-37,-12.437066,-6.449718,-12.136289,-7.070076,-11.716344,-7.6190753,-11.180474,-8.077927,-10.537303,-8.430121,-9.800467,-8.6625595,-8.987917,-8.766573,-8.120997,-8.738693,-7.2232995,-8.581203,-6.3193736,-8.302345,-5.4333787,-7.916189,-4.587752,-7.442206,-3.801954,-6.9045143,-3.0914052,-6.330813,-2.4666307,-5.751121,-1.9326953,-5.196368,-1.4889609,-4.696852,-1.1291633,-4.2807417,-0.8418205,-3.9726312,-0.61094004,-3.7922814,-0.4170005,-3.7535596,-0.23812689,-3.8637016,-0.051400363,-4.1228924,0.16575535,-4.524201,0.43422633,-5.053896,0.77194864,-5.692078,1.1928355,-6.4136395,1.7059159,-7.1894894,2.3147812,-7.9879656,3.0173435,-8.776321,3.8059106,-9.52233,4.6675963,-10.195741,5.585024,-10.76967,6.537303,-11.221743,7.501162,-11.535018,8.452251,-11.69857,9.366488,-11.707725,10.221347,-11.564011,10.997074,-11.274732,11.677714,-10.852276,12.251922,-10.313154,12.713434,-9.676903,13.061325,-8.964815,13.299842,-8.198691,13.438006,-7.3996024,13.488904,-6.5867763,13.468731,-5.7766776,13.395693,-4.9822836,13.28876,-4.212708,13.166426,-3.473011,13.045483,-2.764401,12.939941,-2.0846343,12.860128,-1.4286898,12.812026,-0.7896262,12.796904,-0.15953775,12.811252,0.46936804,12.847021,1.1038007,12.892175,1.7484138,12.931476,2.405052,12.947535,3.0721824,12.921951,3.7445714,12.836584,4.4132843,12.67479,5.0658903,12.422594,5.687042
182,-37,-12.279855,-6.683145,-11.94917,-7.2849727,-11.501908,-7.8113036,-10.942323,-8.243877,-10.279948,-8.566952,-9.529168,-8.768397,-8.708475,-8.840688,-7.8394914,-8.781601,-6.9458113,-8.594721,-6.0516987,-8.28957,-5.180727,-7.881403,-4.354493,-7.390733,-3.5913758,-6.84249,-2.9055333,-6.2649183,-2.3061137,-5.6882877,-1.7967598,-5.1434402,-1.3754216,-4.6602607,-1.0345273,-4.2661734,-0.7614564,-3.9847553,-0.53930193,-3.8344893,-0.3479078,-3.8277872,-0.1650753,-3.9703114,0.03209834,-4.2606316,0.26585054,-4.6902385,0.5564008,-5.243937,0.92074466,-5.9005446,1.3716031,-6.633922,1.9166477,-7.414248,2.5579996,-8.20943,3.2920558,-8.986661,4.1096687,-9.713975,4.9965916,-10.361719,5.9342823,-10.90387,6.9008894,-11.319173,7.8724756,-11.591978,8.824311,-11.712739,9.732223,-11.678223,10.573916,-11.491336,11.330129,-11.160692,11.985644,-10.6998,12.530007,-10.126104,12.958011,-9.459834,13.269815,-8.722719,13.470773,-7.9367466,13.570943,-7.1228943,13.584323,-6.30012,13.527892,-5.4844074,13.42041,-4.688154,13.281207,-3.9197915,13.12892,-3.1837,12.980281,-2.4804306,12.849068,-1.8071555,12.745221,-1.1584179,12.674257,-0.52696687,12.636926,0.09520492,12.629208,0.71584666,12.642616,1.3414358,12.664779,1.9762651,12.680305,2.6217246,12.671786,3.275763,12.621034,3.9326198,12.510307,4.5828648,12.323548,5.213697,12.047538,5.8095307
183,-38,-12.111762,-6.9091477,-11.752289,-7.4913783,-11.279036,-7.994155,-10.697239,-8.399794,-10.017294,-8.693355,-9.254281,-8.863713,-8.427167,-8.904492,-7.557789,-8.814732,-6.6696787,-8.599298,-5.786748,-8.268958,-4.931925,-7.8401275,-4.125905,-7.3342924,-3.3859587,-6.777132,-2.7249632,-6.19737,-2.1506698,-5.6254396,-1.6653031,-5.092016,-1.2654417,-4.626488,-0.9422435,-4.2554827,-0.68200356,-4.0014815,-0.46697587,-3.8816493,-0.2764484,-3.906914,-0.08798096,-4.081347,0.1212329,-4.4019094,0.3729967,-4.858539,0.6867993,-5.4346147,1.0786158,-6.1077332,1.5599319,-6.8507957,2.137013,-7.633306,2.810497,-8.4228525,3.575271,-9.186646,4.4207387,-9.893076,5.331334,-10.513147,6.287379,-11.021794,7.2661405,-11.39893,8.243063,-11.630224,9.193128,-11.707555,10.092155,-11.62913,10.918157,-11.399253,11.652431,-11.027799,12.280542,-10.529386,12.793007,-9.922348,13.18569,-9.227552,13.459892,-8.467101,13.62207,-7.663099,13.683333,-6.836408,13.658598,-6.005638,13.565566,-5.1862683,13.423552,-4.390063,13.252211,-3.6247551,13.070294,-2.8940055,12.894445,-2.1977046,12.738171,-1.5324501,12.611017,-0.892338,12.518003,-0.2698466,12.459356,0.34314492,12.4305525,0.9543125,12.422665,1.569916,12.423006,2.1938787,12.416011,2.8271317,12.384315,3.4671023,12.309937,4.1075225,12.175551,4.7385054,11.965703,5.346898,11.667908,5.9169283
184,-38,-11.932992,-7.12718,-11.545916,-7.68881,-11.048058,-8.16722,-10.445589,-8.545344,-9.74973,-8.809087,-8.9762,-8.948348,-8.144373,-8.957921,-7.2762437,-8.838095,-6.3952155,-8.595004,-5.524767,-8.240651,-4.687141,-7.792541,-3.9020903,-7.2730894,-3.1857228,-6.708655,-2.5496142,-6.128365,-2.0001314,-5.5627327,-1.5380929,-5.0421944,-1.158722,-4.5955715,-0.85196483,-4.248609,-0.60309386,-4.0226507,-0.3935881,-3.9335008,-0.20225947,-3.990568,-0.0065191067,-4.196333,0.21625751,-4.5461516,0.48737058,-5.0284386,0.82548696,-5.6251974,1.2455108,-6.3128576,1.7576381,-7.0634303,2.366705,-7.8458414,3.0718372,-8.62744,3.8664155,-9.375531,4.738421,-10.058954,5.6709948,-10.64946,6.6433907,-11.122988,7.6320496,-11.460678,8.611885,-11.649567,9.557643,-11.682984,10.445228,-11.560583,11.253026,-11.288048,11.96296,-10.876505,12.561465,-10.341636,13.040069,-9.702615,13.395748,-8.980887,13.630956,-8.19889,13.7532835,-7.3787813,13.774873,-6.541238,13.711539,-5.704485,13.581723,-4.883437,13.405237,-4.0891895,13.202043,-3.3287454,12.990966,-2.6050496,12.788528,-1.9173114,12.607939,-1.2615548,12.4583235,-0.63144636,12.34419,-0.019180879,12.26523,0.5834511,12.216416,1.1840519,12.188384,1.7886302,12.168145,2.400746,12.139985,3.0208652,12.08657,3.6459203,11.990159,4.269143,11.833855,4.880216,11.6027975,5.4656734,11.285253,6.009573
185,-39,-11.74378,-7.3367286,-11.330348,-7.876815,-10.809312,-8.330119,-10.187748,-8.680234,-9.477649,-8.913933,-8.695316,-9.022172,-7.8604736,-9.00092,-6.9952073,-8.851711,-6.1227098,-8.5819435,-5.26599,-8.204792,-4.44654,-7.7388315,-3.6831174,-7.2073283,-2.9906538,-6.6372685,-2.3793976,-6.058088,-1.8543355,-5.50032,-1.4148858,-4.994073,-1.0549672,-4.567525,-0.76335603,-4.2454877,-0.52436435,-4.048102,-0.31877482,-3.9897742,-0.125005,-4.0783787,0.079599634,-4.3147936,0.31740338,-4.6927924,0.6091111,-5.1992955,0.9725088,-5.8149743,1.4213557,-6.5151663,1.9645228,-7.2710614,2.605384,-8.051097,3.3415399,-8.822456,4.164892,-9.552649,5.061996,-10.211017,6.014768,-10.770147,7.001423,-11.207065,7.9976583,-11.5041685,8.977928,-11.649916,9.916819,-11.639096,10.790416,-11.472801,11.577528,-11.1580925,12.260804,-10.707316,12.827575,-10.137196,13.270441,-9.467674,13.587538,-8.720743,13.782493,-7.919082,13.864031,-7.084849,13.8453245,-6.2384925,13.743086,-5.397784,13.576436,-4.577053,13.365693,-3.7866724,13.131074,-3.0329056,12.891444,-2.3179386,12.663167,-1.6403008,12.459134,-0.99545735,12.288016,-0.3766338,12.153806,0.22421627,12.055641,0.8154017,11.987978,1.4044192,11.941038,1.997041,11.901531,2.5964527,11.853612,3.2026558,11.779992,3.8120792,11.663185,4.417479,11.486722,5.0081377,11.23635,5.570289,10.901078,6.0878844
186,-39,-11.544407,-7.5372806,-11.105925,-8.054955,-10.563185,-8.4824915,-9.924132,-8.804182,-9.201481,-9.007707,-8.412055,-9.085084,-7.5758715,-9.033473,-6.71503,-8.855649,-5.852474,-8.560232,-5.0106626,-8.161561,-4.2102866,-7.679205,-3.469077,-7.1372414,-2.80075,-6.5631886,-2.21423,-5.9867435,-1.7131096,-5.4383583,-1.2954509,-4.9477444,-0.95389116,-4.5423727,-0.6760926,-4.246046,-0.4454755,-4.0776653,-0.24220091,-4.0502,-0.044374686,-4.16997,0.17064235,-4.4362564,0.42485872,-4.841268,0.7383178,-5.3704658,1.1278474,-6.0032506,1.6060227,-6.713929,2.1803322,-7.47295,2.8526633,-8.248329,3.6191037,-9.0072,4.4700546,-9.717345,5.390713,-10.348712,6.361787,-10.8747835,7.360546,-11.273716,8.361986,-11.529245,9.340178,-11.63125,10.2696495,-11.576007,11.126708,-11.366068,11.890708,-11.009833,12.545061,-10.520851,13.078069,-9.916797,13.483446,-9.218383,13.760513,-8.44805,13.914085,-7.6286883,13.954028,-6.782394,13.894558,-5.9293084,13.753247,-5.0867186,13.5498905,-4.2682867,13.305251,-3.4836664,13.039779,-2.738331,12.772338,-2.0337214,12.519107,-1.3676813,12.29262,-0.7350935,12.101074,-0.12877724,11.947918,0.45957762,11.831739,1.0383286,11.746482,1.614878,11.681943,2.194727,11.624544,2.7806811,11.55831,3.372286,11.466037,3.9654949,11.330489,4.5526,11.135644,5.122485,10.867852,5.661139,10.516863,6.152412
187,-40,-11.335194,-7.7283535,-10.873017,-8.222818,-10.310089,-8.624007,-9.655178,-8.916947,-8.921667,-9.090246,-8.126852,-9.137012,-7.290976,-9.055589,-6.4360905,-8.849983,-5.5848165,-8.530023,-4.7590246,-8.111146,-3.9785464,-7.6138906,-3.2600427,-7.0630617,-2.6160073,-6.486656,-2.0540206,-5.914534,-1.576296,-5.3770037,-1.1795572,-4.903308,-0.8552129,-4.520128,-0.5898619,-4.250213,-0.3660993,-4.1111684,-0.1635476,-4.1145015,0.039916545,-4.264967,0.26683432,-4.560252,0.53878295,-4.9910245,0.8750553,-5.5413294,1.2914712,-6.189355,1.7993515,-6.9084406,2.4047751,-7.6683726,3.1081274,-8.43686,3.903976,-9.181043,4.7812505,-9.869069,5.723808,-10.471567,6.7112207,-10.9629965,7.7198434,-11.322708,8.724061,-11.535801,9.697645,-11.593636,10.615138,-11.4939575,11.453164,-11.240772,12.191671,-10.843799,12.8149185,-10.317743,13.312229,-9.681226,13.678472,-8.955631,13.914183,-8.163817,14.025391,-7.3287945,14.023107,-6.472542,13.922555,-5.6148405,13.742161,-4.772424,13.50236,-3.9582834,13.224335,-3.1812909,12.928716,-2.4461246,12.634343,-1.7534437,12.357162,-1.1004086,12.109324,-0.48133814,11.898527,0.111362256,11.727659,0.68622315,11.594745,1.2516588,11.493213,1.8149449,11.412438,2.3813221,11.338569,2.9532056,11.255523,3.5296893,11.146173,4.106236,10.993553,4.674696,10.782099,5.223593,10.498772,5.7386794,10.134034,6.2037573
188,-40,-11.116509,-7.9094815,-10.632048,-8.380017,-10.050479,-8.754363,-9.381355,-9.018311,-8.638683,-9.1614275,-7.8401637,-9.177919,-7.0062113,-9.067312,-6.1587625,-8.834833,-5.3200603,-8.491484,-4.5113206,-8.053773,-3.7514803,-7.543135,-3.0561004,-6.9850492,-2.4364226,-6.4079065,-1.8986787,-5.841672,-1.4437289,-5.316426,-1.0669816,-4.860861,-0.75865895,-4.500811,-0.50436103,-4.2579145,-0.28592935,-4.1484413,-0.082524,-4.18241,0.12812957,-4.3629994,0.36838078,-4.6863184,0.65929663,-5.14152,1.0193545,-5.7112856,1.4632919,-6.372637,2.0011363,-7.0980296,2.6375244,-7.8566856,3.3713284,-8.616052,4.1955876,-9.34339,5.097796,-10.007295,6.0605016,-10.579176,7.0621905,-11.034501,8.078382,-11.3538885,9.082922,-11.52385,10.049363,-11.53721,10.952333,-11.393231,11.768863,-11.097336,12.479565,-10.660575,13.069608,-10.098737,13.529395,-9.431339,13.854983,-8.680389,14.048159,-7.8690724,14.116166,-7.0204883,14.07116,-6.1564145,13.929369,-5.2962327,13.710037,-4.456077,13.434212,-3.6481996,13.123453,-2.8806634,12.798539,-2.1573257,12.478237,-1.4780778,12.178232,-0.8393769,11.910251,-0.23499602,11.68147,0.3430553,11.4942045,0.9035295,11.345902,1.4548802,11.229473,2.0042467,11.133882,2.556576,11.045008,3.1139033,10.946675,3.6748497,10.82184,4.2344213,10.653826,4.784026,10.4275255,5.3118606,10.130503,5.803472,9.75395,6.242627
189,-40,-10.888757,-8.080234,-10.38346,-8.526199,-9.784829,-8.873289,-9.103158,-9.108097,-8.353017,-9.221162,-7.552464,-9.207797,-6.722006,-9.068719,-5.8834286,-8.810342,-5.0585165,-8.444819,-4.267787,-7.989682,-3.5292444,-7.467205,-2.857318,-6.9034705,-2.2619736,-6.3272038,-1.7481109,-5.768386,-1.3152426,-5.256789,-0.9574976,-4.820499,-0.66395956,-4.4844365,-0.4192966,-4.269073,-0.20466857,-4.1893063,0.0011541522,-4.2536483,0.22050218,-4.463699,0.4754558,-4.8140025,0.78649575,-5.292232,1.1712126,-5.8797426,1.6432012,-6.552477,2.2111495,-7.282072,2.878233,-8.037247,3.6417882,-8.785308,4.4933453,-9.493719,5.4189854,-10.131596,6.400002,-10.671188,7.413841,-11.089076,8.435256,-11.36718,9.43764,-11.493437,10.394394,-11.462192,11.280322,-11.274206,12.072939,-10.93631,12.753604,-10.460819,13.308442,-9.864613,13.728989,-9.168031,14.012541,-8.393626,14.162135,-7.564884,14.186259,-6.704894,14.098197,-5.835183,13.915162,-4.974664,13.657193,-4.138814,13.345912,-3.3391297,13.003214,-2.5828314,12.649987,-1.8729439,12.304883,-1.2085556,11.983286,-0.5854415,11.696467,0.003175535,11.451065,0.5656728,11.248789,1.1109904,11.086511,1.6476042,10.956619,2.182495,10.847671,2.7203271,10.745276,3.2627287,10.633188,3.8078723,10.494466,4.3502903,10.312725,4.88098,10.073316,5.387816,9.764419,5.8561664,9.377923,6.269808
190,-40,-10.652377,-8.24021,-10.127732,-8.661051,-9.513639,-8.980561,-8.821088,-9.186167,-8.065164,-9.269399,-7.264216,-9.226684,-6.4387946,-9.059918,-5.610453,-8.776693,-4.8004904,-8.390261,-4.0286584,-7.9191422,-3.3119874,-7.3863845,-2.663754,-6.818617,-2.0926418,-6.244814,-1.602214,-5.694895,-1.19066,-5.1982675,-0.85087556,-4.782326,-0.5708511,-4.471026,-0.3343844,-4.283616,-0.122030064,-4.233599,0.08774533,-4.3279543,0.31725082,-4.5667133,0.5882181,-4.9428678,0.92045337,-5.4426494,1.3306015,-6.0461535,1.8310564,-6.728292,2.4291377,-7.4599643,3.12652,-8.209482,3.9190156,-8.944104,4.7966566,-9.631557,5.74413,-10.2415905,6.7415285,-10.747348,7.76532,-11.126587,8.789578,-11.362564,9.787302,-11.444701,10.73184,-11.368869,11.598253,-11.137304,12.364603,-10.758255,13.013067,-10.245252,13.530798,-9.616211,13.91052,-8.89223,14.150782,-8.096371,14.255907,-7.252321,14.235615,-6.383117,14.104316,-5.509975,13.880187,-4.6512585,13.584027,-3.8217647,13.238005,-3.0321615,12.864303,-2.2888255,12.48387,-1.5939116,12.115204,-0.9457259,11.773346,-0.33935523,11.469091,0.23252727,11.208495,0.7786536,10.992664,1.308161,10.817874,1.8295058,10.675989,2.3495102,10.555168,2.8725204,10.440765,3.3997579,10.316469,3.9289467,10.165447,4.4541645,9.971618,4.966008,9.720804,5.4520426,9.401787,5.8974957,9.007157,6.2861643
191,-41,-10.407848,-8.389047,-9.865376,-8.78429,-9.237442,-9.07599,-8.535681,-9.252421,-7.775643,-9.306128,-6.9759097,-9.234656,-6.15702,-9.041059,-5.3402314,-8.73409,-4.546291,-8.328073,-3.794162,-7.842445,-3.0998545,-7.3009877,-2.475463,-6.7307916,-1.9283948,-6.1610136,-1.4608841,-5.621443,-1.0698171,-5.141044,-0.746891,-4.7464542,-0.47907236,-4.4605985,-0.24934828,-4.301476,-0.037742544,-4.2811503,0.1774959,-4.4050694,0.41857132,-4.671689,0.7067883,-5.072483,1.0612121,-5.5922823,1.4974625,-6.209976,2.0266976,-6.899513,2.6548173,-7.6311455,3.3819919,-8.372869,4.2024913,-9.091948,5.104884,-9.756491,6.0725007,-10.336942,7.0842853,-10.807437,8.115793,-11.146935,9.140476,-11.340104,10.131039,-11.377862,11.060838,-11.2576,11.905293,-10.983045,12.643087,-10.563812,13.257294,-10.014639,13.736142,-9.3544,14.073575,-8.604917,14.269436,-7.7896743,14.329343,-6.9325104,14.264259,-6.0563188,14.089698,-5.18194,13.824781,-4.327156,13.491044,-3.5060105,13.111132,-2.728337,12.707489,-1.9996189,12.301081,-1.3211454,11.9102,-0.6904094,11.549515,-0.10182395,11.2293005,0.45246494,10.955011,0.9815426,10.727131,1.4946958,10.541326,2.0003626,10.388956,2.5051758,10.257758,3.0131671,10.132872,3.525145,9.997893,4.038373,9.83614,4.546475,9.63183,5.03966,9.371269,5.505219,9.043838,5.9282465,8.642809,6.2926064
192,-41,-10.155697,-8.526416,-9.596946,-8.895678,-8.9567995,-9.159423,-8.247497,-9.306802,-7.4849925,-9.33138,-6.68805,-9.23182,-5.8771267,-9.01233,-5.07314,-8.682788,-4.2962313,-8.258548,-3.5645232,-7.75992,-2.8929799,-7.2113476,-2.292501,-6.640322,-1.7692071,-6.076107,-1.32401,-5.548289,-0.95253414,-5.085307,-0.64532167,-4.7129893,-0.38836598,-4.453181,-0.16391857,-4.3225803,0.048449825,-4.3317976,0.27062815,-4.48473,0.5246404,-4.7782826,0.8312744,-5.2024326,1.2087849,-5.7406573,1.6717111,-6.3706913,2.2299223,-7.0656147,2.8878736,-7.795098,3.6442053,-8.526893,4.491679,-9.228391,5.4173985,-9.868156,6.4033937,-10.4174,7.427484,-10.851307,8.464414,-11.150119,9.487084,-11.2999325,10.467969,-11.293186,11.38056,-11.128803,12.200676,-10.811985,12.907722,-10.353685,13.485696,-9.769803,13.923991,-9.08012,14.217802,-8.307109,14.368294,-7.4746275,14.382404,-6.606562,14.272307,-5.725626,14.054627,-4.852209,13.749387,-4.003461,13.378811,-3.1926358,12.966002,-2.4286795,12.533614,-1.7161574,12.102571,-1.0554743,11.690927,-0.4433351,11.312926,0.12653346,10.978299,0.66248554,10.691883,1.173937,10.453505,1.6703175,10.258231,2.1600273,10.096879,2.6494887,9.956819,3.142394,9.822932,3.6391337,9.678802,4.1365075,9.507854,4.6277027,9.294651,5.102553,9.025946,5.5480866,8.691723,5.949299,8.285942,6.2901278
193,-42,-9.896469,-8.652035,-9.323009,-8.995023,-8.672285,-9.230762,-7.9570937,-9.349302,-7.193752,-9.345231,-6.40113,-9.218334,-5.5995536,-8.973958,-4.809548,-8.623068,-4.050603,-8.182008,-3.3399465,-7.6719146,-2.6914818,-7.117818,-2.1148992,-6.5475497,-1.6150186,-5.990401,-1.1914654,-5.475682,-0.8386254,-5.0312476,-0.54593664,-4.6820498,-0.29847357,-4.448803,-0.0778296,-4.3468685,0.13679901,-4.3853817,0.36736596,-4.5666957,0.6356205,-4.8861675,0.9617655,-5.3323193,1.3631705,-5.887319,1.8532485,-6.527825,2.4405203,-7.2261014,3.127981,-7.95133,3.9127448,-8.671122,4.7860465,-9.353061,5.7335696,-9.966254,6.7360725,-10.482758,7.770361,-10.878882,8.810376,-11.13619,9.828579,-11.24224,10.797313,-11.191011,11.69024,-10.982958,12.483695,-10.62474,13.157856,-10.128623,13.697756,-9.511597,14.093952,-8.794325,14.342957,-7.9998426,14.447273,-7.152296,14.415143,-6.2755895,14.259974,-5.3921633,13.999461,-4.52191,13.654509,-3.681268,13.247989,-2.8826628,12.803417,-2.134121,12.343592,-1.4392862,11.889361,-0.7976643,11.458492,-0.2051596,11.064773,0.3451599,10.717349,0.86215454,10.420403,1.3555418,10.173104,1.834872,9.96991,2.3084693,9.801118,2.7825377,9.653697,3.2604153,9.512319,3.7420614,9.360513,4.2238207,9.181871,4.698444,8.961265,5.1553974,8.68595,5.581471,8.3465,5.961581,7.937524,6.2797656
194,-42,-9.630764,-8.765662,-9.044173,-9.082172,-8.38451,-9.289948,-7.665071,-9.379951,-6.902476,-9.347803,-6.115661,-9.194402,-5.3247576,-8.926208,-4.549839,-8.555249,-3.8096988,-8.098815,-3.1206446,-7.5788045,-2.4954832,-7.02078,-1.9426838,-6.4528356,-1.4657818,-5.9042172,-1.0631291,-5.4038982,-0.7279097,-4.979074,-0.44850644,-4.6537576,-0.20914555,-4.4474945,0.009171407,-4.374277,0.22754398,-4.4417496,0.46790254,-4.650719,0.75164753,-4.9950194,1.09832,-5.4617515,1.5243417,-6.031835,2.0419357,-6.680905,2.6582494,-7.3804984,3.3747892,-8.099396,4.187135,-8.805145,5.085019,-9.4656105,6.0527353,-10.050528,7.069831,-10.532881,8.112126,-10.890144,9.152876,-11.105259,10.164157,-11.167281,11.118262,-11.07174,11.989128,-10.820614,12.753676,-10.421996,13.392933,-9.889421,13.89301,-9.240938,14.245703,-8.498006,14.448852,-7.6841707,14.506324,-6.8238006,14.427686,-5.9407334,14.227544,-5.0570703,13.924644,-4.192136,13.540742,-3.3616242,13.099318,-2.577082,12.624228,-1.8455878,12.138391,-1.1698368,11.662526,-0.54843396,11.214057,0.02351398,10.806277,0.5535907,10.447716,1.0511322,10.141883,1.5261412,9.8872795,1.9882592,9.67773,2.4457197,9.503011,2.9044795,9.349715,3.367513,9.202306,3.8343422,9.044272,4.3008447,8.8593855,4.759345,8.632845,5.198959,8.352381,5.606248,8.009159,5.9660683,7.598439,6.262588
195,-43,-9.359176,-8.867116,-8.761045,-9.157038,-8.0940695,-9.336983,-7.3720016,-9.398835,-6.611703,-9.33927,-5.8321247,-9.160267,-5.053154,-8.869385,-4.2943554,-8.479688,-3.573778,-8.009357,-2.906788,-7.480991,-2.305067,-6.920633,-1.7758518,-6.356554,-1.3214146,-5.8179007,-0.9388508,-5.3332176,-0.6201811,-4.928988,-0.3527878,-4.62824,-0.12011951,-4.4492936,0.09734612,-4.404753,0.3209248,-4.5007553,0.5724378,-4.736568,0.87285894,-5.1045356,1.2409983,-5.5903707,1.6922681,-6.1737986,2.2376423,-6.829507,2.8828762,-7.5283875,3.6279554,-8.2388935,4.4669313,-8.928598,5.388057,-9.565758,6.374279,-10.120793,7.4039793,-10.567683,8.45206,-10.88513,9.49117,-11.057497,10.493078,-11.075363,11.430109,-10.93581,12.276571,-10.642349,13.010041,-10.204456,13.612471,-9.636907,14.0711,-8.958742,14.379013,-8.192152,14.535408,-7.3611417,14.545529,-6.490217,14.420257,-5.6030827,14.175395,-4.721421,13.830714,-3.8639383,13.408765,-3.045525,12.933594,-2.276806,12.429368,-1.5639008,11.919048,-0.9085279,11.423175,-0.30839458,10.958804,0.24219401,10.538676,0.75145334,10.170681,1.2291744,9.857636,1.6856253,9.597344,2.1305022,9.383003,2.5719283,9.203864,3.0155864,9.046153,3.464082,8.894123,3.9164796,8.731276,4.3682084,8.541527,4.811146,8.310432,5.2340794,8.026199,5.6233597,7.680573,5.9637947,7.269457,6.2397194
196,-43,-9.082356,-8.956251,-8.474278,-9.219569,-7.8016067,-9.371907,-7.0784936,-9.4060955,-6.3220015,-9.31984,-5.551035,-9.116213,-4.78518,-8.803842,-4.0434504,-8.396779,-3.3431137,-7.9140544,-2.698554,-7.3789134,-2.1203163,-6.8178,-1.6144072,-6.2591057,-1.1818398,-5.731795,-0.8184783,-5.263926,-0.5152356,-4.8812094,-0.2585452,-4.6056275,-0.031139655,-4.4542418,0.18694544,-4.4382415,0.41716215,-4.562255,0.68114483,-4.8240237,0.9993686,-5.214417,1.3898327,-5.717817,1.866881,-6.312812,2.440205,-6.973222,3.1141186,-7.669356,3.8870924,-8.369445,4.7516494,-9.0411825,5.6945963,-9.653262,6.697554,-10.176894,7.7378106,-10.587114,8.789422,-10.863933,9.824498,-10.993136,10.814593,-10.966861,11.732155,-10.783753,12.551935,-10.448803,13.252245,-9.972884,13.816028,-9.371933,14.231712,-8.665965,14.493708,-7.8778076,14.602604,-7.0318494,14.56502,-6.1526694,14.393154,-5.26374,14.103983,-4.3862953,13.718266,-3.5383413,13.259316,-2.733932,12.751689,-1.982735,12.219806,-1.2898642,11.686632,-0.65605384,11.172478,-0.0781051,10.693961,0.45044756,10.26325,0.9384498,9.887556,1.3961145,9.568974,1.8339424,9.304607,2.2616727,9.08702,2.6872914,8.904952,3.1161952,8.744251,3.5505779,8.588992,3.98906,8.422655,4.42658,8.229363,4.85462,7.995012,5.261624,7.7082934,5.633762,7.361536,5.955824,6.951257,6.2122974
197,-44,-8.800965,-9.032988,-8.184527,-9.269779,-7.5077467,-9.394831,-6.785142,-9.401916,-6.0339193,-9.289782,-5.2728753,-9.062576,-4.521243,-8.729967,-3.7974513,-8.306953,-3.117944,-7.8133597,-2.4960868,-7.2730265,-1.9412854,-6.7127233,-1.458319,-6.1609,-1.0469432,-5.6462636,-0.7018418,-5.196327,-0.41285312,-4.8359585,-0.16552722,-4.5860515,0.058056895,-4.4623814,0.2782232,-4.4746947,0.51648027,-4.626112,0.79420394,-4.912859,1.1312842,-5.324377,1.544849,-5.8437543,2.0481145,-6.4485135,2.6494534,-7.1116657,3.351706,-7.803044,4.151829,-8.490729,5.040826,-9.142605,6.004077,-9.727922,7.021939,-10.2187395,8.070654,-10.591223,9.123512,-10.8266945,10.152157,-10.912458,11.128024,-10.842189,12.023767,-10.616092,12.814658,-10.24065,13.479817,-9.728065,14.003248,-9.095418,14.374622,-8.363578,14.589706,-7.556004,14.650503,-6.6973557,14.5650215,-5.812212,14.34676,-4.923774,14.01384,-4.0527287,13.587975,-3.2163458,13.093199,-2.4277687,12.554533,-1.6956817,11.996586,-1.0241704,11.442274,-0.41299126,10.911623,0.1419652,10.4207735,0.64793444,9.9812765,1.1143569,9.599638,1.5518619,9.27721,1.97115,9.010385,2.3819733,8.791079,2.792139,8.607514,3.206734,8.445198,3.6275425,8.288025,4.052711,8.119482,4.476719,7.9238877,4.8906226,7.6874948,5.282558,7.3994803,5.6385055,7.0527396,5.9432526,6.644413,6.181486
198,-44,-8.51569,-9.097296,-7.892466,-9.307727,-7.213146,-9.405896,-6.4925613,-9.386531,-5.7480054,-9.24941,-4.9981246,-8.999734,-4.2617536,-8.648187,-3.5566835,-8.21067,-2.8984914,-7.707756,-2.2995226,-7.1638093,-1.7680213,-6.605869,-1.3075398,-6.0623603,-0.9166118,-5.5616817,-0.58876204,-5.130721,-0.31281084,-4.793455,-0.07347713,-4.569652,0.14773026,-4.473755,0.37142634,-4.5140653,0.6190966,-4.6921926,0.91177446,-5.002873,1.2686954,-5.434141,1.70605,-5.9678636,2.2358835,-6.580549,2.865196,-7.244486,3.5953553,-7.929111,4.421774,-8.602439,5.333974,-9.232645,6.3159347,-9.789597,7.346799,-10.24629,8.401835,-10.580054,9.453636,-10.773619,10.473473,-10.8157835,11.432723,-10.701811,12.304348,-10.433441,13.064215,-10.018616,13.692333,-9.470844,14.173833,-8.808264,14.499669,-8.052586,14.666999,-7.2277703,14.679246,-6.358727,14.545827,-5.469936,14.28151,-4.58425,13.905553,-3.7217429,13.440578,-2.8988838,12.911286,-2.127886,12.343099,-1.416397,11.760778,-0.7674819,11.187122,-0.17988004,10.641826,0.3514061,10.140504,0.83437777,9.694049,1.2790524,9.3082285,1.6964277,8.98363,2.097387,8.715925,2.4916475,8.496393,2.8868344,8.312749,3.287691,8.150138,3.6955743,7.9922924,4.1081514,7.8227415,4.5194325,7.6259956,4.92005,7.388677,5.2978334,7.1004515,5.6386147,6.754787,5.927188,6.349407,6.14845
199,-45,-8.227232,-9.149207,-7.598774,-9.333539,-6.9184523,-9.405317,-6.2013493,-9.360233,-5.4647975,-9.19909,-4.727251,-8.928117,-4.0070953,-8.558975,-3.321429,-8.108438,-2.6849563,-7.5977616,-2.1089683,-7.051772,-1.6005384,-6.4977174,-1.1620035,-5.963934,-0.79070157,-5.4784307,-0.47903898,-5.067418,-0.21486005,-4.7539344,0.017870937,-4.556567,0.23814957,-4.488413,0.46680668,-4.5563097,0.7252255,-4.7603664,1.0340157,-5.093853,1.4116882,-5.5434475,1.8734429,-6.089832,2.4300914,-6.708584,3.087238,-7.3713546,3.8447561,-8.047247,4.696535,-8.704311,5.630615,-9.311102,6.629619,-9.838182,7.67154,-10.259534,8.730719,-10.553742,9.779147,-10.704954,10.787793,-10.703506,11.728086,-10.546232,12.573355,-10.236423,13.30015,-9.783447,13.889456,-9.202049,14.327559,-8.5114155,14.606757,-7.733978,14.725635,-6.894166,14.689057,-6.017021,14.507812,-5.126881,14.197945,-4.2461658,13.779805,-3.394283,13.276888,-2.586852,12.714503,-1.8350874,12.118431,-1.1455915,11.513511,-0.5203658,10.922376,0.04283953,10.3643265,0.5499199,9.854417,1.0096142,9.4028425,1.4324878,9.014602,1.8298965,8.689501,2.2128603,8.422475,2.5910459,8.204164,2.9718459,8.021782,3.3596487,7.860131,3.7553585,7.702802,4.156153,7.533347,4.5555677,7.3365145,4.9438314,7.0992875,5.308476,6.8118286,5.6351795,6.4681664,5.9087753,6.0665913,6.1143656
200,-45,-7.936292,-9.188808,-7.304132,-9.347391,-6.624297,-9.393361,-5.912085,-9.323367,-5.1848183,-9.139228,-4.460697,-8.848183,-3.7576177,-8.462837,-3.0919595,-8.000782,-2.477511,-7.483907,-1.9244959,-6.937443,-1.4388202,-6.388768,-1.021617,-5.8660674,-0.6690527,-5.3968973,-0.37245035,-5.006737,-0.118746616,-4.7176228,0.108792454,-4.5469356,0.32959363,-4.506399,0.5646218,-4.6013856,0.83507967,-4.830511,1.1610782,-5.1856046,1.5603455,-5.652038,2.0470176,-6.209372,2.630638,-6.8323193,3.315383,-7.49196,4.099623,-8.15718,4.9757247,-8.79613,5.9302692,-9.377821,6.944593,-9.873604,7.9955654,-10.258516,9.056699,-10.512438,10.099422,-10.620976,11.094522,-10.576025,12.013556,-10.375998,12.830295,-10.025708,13.52208,-9.53591,14.070896,-8.922559,14.464282,-8.205796,14.695886,-7.4087477,14.765758,-6.5561996,14.680208,-5.673269,14.4514065,-4.7840724,14.0966425,-3.9105062,13.637316,-3.0712698,13.097745,-2.2810624,12.503809,-1.5500876,11.8815775,-0.8838666,11.255914,-0.28332454,10.649223,0.25479576,10.080368,0.7372699,9.563782,1.1735437,9.108928,1.5747168,8.720012,1.9524525,8.39605,2.3178804,8.13122,2.6805825,7.9155235,3.0476997,7.7356763,3.4232352,7.576165,3.807619,7.420439,4.197536,7.2521157,4.5860353,7.0561604,4.9629483,6.8199415,5.315511,6.534109,5.6292768,6.193243,5.889119,5.7962165,6.0803823
201,-45,-7.643592,-9.216249,-7.009226,-9.349523,-6.3313255,-9.370347,-5.625354,-9.276329,-4.9085755,-9.070287,-4.1988916,-8.760446,-3.5136638,-8.36032,-2.8685176,-7.888269,-2.2763026,-7.366762,-1.7461611,-6.8213677,-1.2828329,-6.279533,-0.88626397,-5.7692246,-0.55147386,-5.3174825,-0.26876172,-4.9489894,-0.024199592,-4.684749,0.19957337,-4.540895,0.42234123,-4.5277624,0.66512495,-4.64925,0.9488694,-4.9025025,1.2931199,-5.277942,1.7147381,-5.7596745,2.2267582,-6.3262053,2.8374088,-6.951455,3.549421,-7.60603,4.3596454,-8.258657,5.2589445,-8.877693,6.2324877,-9.43269,7.260325,-9.895845,8.318304,-10.243326,9.379152,-10.45635,10.413873,-10.522022,11.3931,-10.433806,12.288618,-10.191689,13.074751,-9.801982,13.729659,-9.276807,14.236434,-8.633258,14.583885,-7.89238,14.767096,-7.0778923,14.787566,-6.2148952,14.653067,-5.3284893,14.377129,-4.4424777,13.978255,-3.5782077,13.47887,-2.753569,12.904068,-1.9823173,12.280226,-1.2735809,11.633648,-0.63177943,10.989162,-0.056763947,10.36889,0.45571673,9.791197,0.9133062,9.269856,1.3261536,8.813565,1.7058449,8.425702,2.0643327,8.104468,2.412819,7.843291,2.760758,7.6315417,3.1150045,7.455448,3.4791522,7.2991767,3.8531487,7.146062,4.2331624,6.9797897,4.611773,6.785569,4.9783974,6.551152,5.3199997,6.267692,5.622011,5.930317,5.8693647,5.538449,6.047661
202,-46,-7.3498487,-9.231747,-6.7147326,-9.340234,-6.04016,-9.336653,-5.341714,-9.219564,-4.636552,-8.992772,-3.9422321,-8.665459,-3.2755387,-8.252006,-2.6513135,-7.7714953,-2.0814447,-7.246917,-1.5739832,-6.7041135,-1.1325091,-6.1705403,-0.7557983,-5.6738715,-0.4377619,-5.2405763,-0.16771491,-4.8944945,0.06906955,-4.6555433,0.29051295,-4.5385823,0.5166816,-4.5525413,0.76857597,-4.6998568,1.066806,-4.9762135,1.4302771,-5.3706646,1.8749324,-5.8661118,2.412642,-6.4400587,3.0502892,-7.0657177,3.7891366,-7.713294,4.6245165,-8.351449,5.545805,-8.9488325,6.5367827,-9.47561,7.5762916,-9.904909,8.6391945,-10.21407,9.697536,-10.385713,10.721931,-10.408445,11.682996,-10.277328,12.552807,-9.993904,13.306317,-9.565965,13.922602,-9.006945,14.385904,-8.335031,14.686367,-7.5720987,14.820511,-6.7423944,14.791331,-5.871246,14.608046,-4.9836597,14.285532,-4.103059,13.84349,-3.2501543,13.305307,-2.4419854,12.696798,-1.6913041,12.044795,-1.0061437,11.375768,-0.38980058,10.714446,0.15896106,10.082603,0.6453853,9.498057,1.0779648,8.973883,1.4675167,8.517967,1.8260883,8.132849,2.1658795,7.815896,2.4981258,7.559787,2.8321276,7.3532467,3.1744177,7.1820254,3.528154,7.0300035,3.892783,6.880402,4.263946,6.7170033,4.633746,6.5252705,4.9911985,6.2933555,5.3230042,6.012895,5.6144767,5.6795683,5.85063,5.2933373,6.0173287
203,-46,-7.055787,-9.235562,-6.421334,-9.31987,-5.751425,-9.292705,-5.061719,-9.153568,-4.3692207,-8.907232,-3.6911001,-8.563808,-3.0435297,-8.138506,-2.4405367,-7.65108,-1.893028,-7.12498,-1.4079598,-6.586264,-0.98775864,-6.062322,-0.6300556,-5.580488,-0.32769084,-5.1665864,-0.06903839,-4.84357,0.16135876,-4.6302304,0.38191527,-4.540126,0.6129053,-4.580777,0.8752311,-4.753158,1.189094,-5.0515227,1.5726887,-5.4636016,2.0409822,-5.971121,2.6046333,-6.550681,3.2691476,-7.1748505,4.034303,-7.813515,4.8939204,-8.435367,5.835909,-9.009423,6.8426967,-9.506548,7.8919744,-9.9008465,8.957692,-10.1709175,10.011283,-10.3007965,11.023065,-10.280655,11.963712,-10.107117,12.805693,-9.783293,13.52466,-9.318414,14.10068,-8.727166,14.519201,-8.028791,14.771745,-7.245908,14.85631,-6.4032464,14.777381,-5.5262446,14.545623,-4.639751,14.177245,-3.7667415,13.693107,-2.9272027,13.117506,-2.137286,12.476927,-1.4086844,11.798594,-0.7483185,11.10908,-0.15834275,10.432948,0.36357424,9.791578,0.8236642,9.202184,1.2312484,8.67709,1.5977726,8.223349,1.9357212,7.842622,2.257491,7.53144,2.5743146,7.281724,2.8953025,7.08157,3.2266428,6.9162617,3.5710316,6.7694016,3.9273846,6.624133,4.290825,6.4643235,4.652942,6.275715,5.002381,6.0468674,5.3255706,5.7699122,5.6077394,5.44107,5.8339944,5.060827,5.990461
204,-46,-6.7621202,-9.228033,-6.129689,-9.288853,-5.465716,-9.23899,-4.7858896,-9.078889,-4.107017,-8.814265,-3.4458406,-8.456128,-2.8178837,-8.020473,-2.2363343,-7.5276732,-1.7111027,-7.001583,-1.248048,-6.468414,-0.8484552,-5.955427,-0.50883627,-5.4895487,-0.22099876,-5.095915,0.027565243,-4.7965274,0.2529867,-4.609026,0.47410092,-4.545654,0.71131384,-4.6125026,0.9853541,-4.809102,1.315941,-5.1283045,1.7204933,-5.556552,2.2129428,-6.074477,2.8026967,-6.657826,3.4938529,-7.2786055,4.2846975,-7.9064736,5.1675453,-8.510232,6.1288643,-9.059348,7.1497765,-9.525459,8.206878,-9.883733,9.273276,-10.114058,10.319868,-10.201924,11.316773,-10.139079,12.234805,-9.923727,13.046901,-9.560508,13.729499,-9.060066,14.263723,-8.438307,14.636281,-7.7154374,14.840122,-6.914769,14.87473,-6.0614023,14.7461,-5.1808386,14.466336,-4.297682,14.052953,-3.4343772,13.527906,-2.6101391,12.916388,-1.8401641,12.245484,-1.1350542,11.542735,-0.50057596,10.834753,0.062268194,10.145888,0.55689853,9.497046,0.9905165,8.904798,1.3732486,8.380673,1.7171476,7.9308543,2.0350864,7.5561137,2.3396294,7.252133,2.641966,7.010065,2.9509735,6.8173923,3.2724602,6.658948,3.6086361,6.518063,3.957871,6.3778143,4.3147445,6.2222033,4.670366,6.0372453,5.0129795,5.811913,5.328766,5.5388484,5.6028795,5.214802,5.8205237,4.840773,5.9681153
205,-47,-6.4695373,-9.209556,-5.840429,-9.247647,-5.183594,-9.176045,-4.5147066,-8.996118,-3.8503342,-8.714505,-3.206751,-8.343079,-2.5988019,-7.8985777,-2.0388074,-7.401941,-1.5356741,-6.877371,-1.0941625,-6.351166,-0.714433,-5.8504024,-0.3919062,-5.4015307,-0.117397964,-5.0289445,0.12241902,-4.7536707,0.34429333,-4.5921474,0.5674061,-4.5552783,0.8122208,-4.6477413,1.0992173,-4.867633,1.4475607,-5.206431,1.8738328,-5.649337,2.3908708,-6.1759596,3.0067964,-6.7612514,3.7242782,-7.3767514,4.540101,-7.991964,5.445089,-8.575888,6.4242983,-9.098526,7.457598,-9.532352,8.5205345,-9.853671,9.58546,-10.0436945,10.622817,-10.089428,11.602612,-9.98416,12.495876,-9.727707,13.27611,-9.326211,13.920615,-8.791678,14.411622,-8.141193,14.737168,-7.395854,14.891646,-6.57959,14.876077,-5.7177844,14.697946,-4.835937,14.370778,-3.9583175,13.913367,-3.1067657,13.348743,-2.299685,12.702907,-1.5512376,12.003494,-0.87091315,11.278308,-0.26328945,10.553941,0.27179235,9.854436,0.73883164,9.200192,1.1459787,8.607071,1.5041388,8.085775,1.8259453,7.6415834,2.1246116,7.274363,2.4128366,6.978931,2.7017226,6.74569,2.9998772,6.5614986,3.3126853,6.410748,3.6418405,6.276545,3.9851687,6.141913,4.336687,5.9909854,4.687021,5.810082,5.024018,5.5886116,5.3336377,5.3197,5.600939,5.00063,5.811243,4.632917,5.951287
206,-47,-6.1787214,-9.180583,-5.5541744,-9.196783,-4.905604,-9.104459,-4.2486315,-8.905892,-3.5995407,-8.6086235,-2.9741032,-8.225352,-2.386453,-7.7735157,-1.8480275,-7.274568,-1.3667164,-6.752996,-0.946189,-6.235127,-0.5854986,-5.7477913,-0.2790065,-5.316904,-0.01658554,-4.966076,0.21586247,-4.7152925,0.43562967,-4.5797834,0.6621743,-4.5691023,0.9159416,-4.686505,1.2170889,-4.9286766,1.5841593,-5.285761,2.0328352,-5.7417765,2.5748107,-6.2753453,3.216888,-6.8607306,3.9602845,-7.469067,4.800285,-8.069796,5.7262425,-8.632202,6.721832,-9.126892,7.7657194,-9.527263,8.832474,-9.81079,9.893767,-9.960077,10.9196615,-9.963643,11.880145,-9.816373,12.746553,-9.519643,13.493034,-9.081088,14.0978155,-8.514031,14.54431,-7.8366647,14.821922,-7.070921,14.926539,-6.241268,14.860703,-5.3733025,14.633407,-4.4924216,14.259579,-3.6224937,13.759258,-2.784688,13.1564865,-1.9965124,12.478038,-1.2710727,11.75203,-0.6166958,11.006452,-0.03676245,10.2678,0.4700537,9.559772,0.9093285,8.902187,1.2901453,8.310159,1.6241584,7.793514,1.9245343,7.3566055,2.2047954,6.9983654,2.4777193,6.712747,2.7542806,6.4893975,3.042777,6.3145843,3.3481505,6.1722813,3.6715577,6.0453534,4.010236,5.9168143,4.3576508,5.7709446,4.7039227,5.5943913,5.0365295,5.37698,5.341184,5.112365,5.602907,4.798346,5.807142,4.4369287,5.940934
207,-47,-5.890346,-9.141622,-5.271526,-9.13683,-4.6322684,-9.024859,-3.9880967,-8.808887,-3.3549747,-8.497327,-2.7481358,-8.103673,-2.180976,-7.6460114,-1.6640317,-7.1462574,-1.2041721,-6.629128,-0.8039824,-6.1209164,-0.46142966,-5.6481404,-0.16985343,-5.2361407,0.08176823,-4.907677,0.3082518,-4.6816773,0.5273593,-4.572126,0.75875556,-4.5872173,1.0227944,-4.7287984,1.3392377,-4.992162,1.7259383,-5.366157,2.197617,-5.833667,2.7647977,-6.3724203,3.432912,-6.9560375,4.2017193,-7.5553412,5.065012,-8.139803,6.010685,-8.67906,7.021079,-9.144411,8.073702,-9.510241,9.142242,-9.755255,10.197731,-9.863479,11.209966,-9.824973,12.148971,-9.636222,12.986508,-9.300153,13.697422,-8.825845,14.260954,-8.227913,14.661766,-7.5255694,14.890661,-6.74153,14.945049,-5.9007077,14.829,-5.028849,14.553018,-4.1511526,14.133416,-3.2910144,13.591419,-2.4688675,12.952051,-1.7012498,12.242788,-1.0001829,11.492163,-0.3727886,10.728287,0.17875396,9.977497,0.6569418,9.263076,1.0684211,8.604202,1.4231883,8.015189,1.7336111,7.5049605,2.0133426,7.0769053,2.276174,6.729027,2.5349154,6.45441,2.8003716,6.241942,3.0804923,6.0773005,3.3797402,5.944057,3.698705,5.824888,4.034029,5.702787,4.3786016,5.562248,4.722063,5.390214,5.051499,5.176971,5.352404,4.9166765,5.60976,4.6076546,5.8091526,4.2523932,5.937941
208,-48,-5.605044,-9.093244,-4.9930425,-9.068423,-4.364062,-8.937931,-3.7334871,-8.705824,-3.116923,-8.381362,-2.529033,-7.9787903,-1.982453,-7.5168033,-1.4868044,-7.0177245,-1.047932,-6.5064373,-0.66734886,-6.009143,-0.34196174,-5.551998,-0.06412448,-5.1596956,0.17803289,-4.854122,0.39997092,-4.6530957,0.6198681,-4.5693483,0.85751843,-4.6097035,1.1331102,-4.77461,1.4659394,-5.0579987,1.8731055,-5.447469,2.368321,-5.92483,2.9608698,-6.4669642,3.6548147,-7.046949,4.44844,-7.6353755,5.334051,-8.201819,6.2981143,-8.716359,7.321678,-9.151062,8.381166,-9.4813595,9.449407,-9.68724,10.496923,-9.754185,11.493304,-9.673822,12.408739,-9.444217,13.215445,-9.069838,13.889079,-8.561177,14.409964,-7.934074,14.764028,-7.2087274,14.943555,-6.408531,14.947477,-5.558784,14.781427,-4.6852665,14.457383,-3.8129325,13.993008,-2.9646144,13.41069,-2.1599343,12.736374,-1.4144433,11.998175,-0.7389962,11.224974,-0.13950703,10.444936,0.38308185,9.684168,0.8324335,8.965467,1.2162378,8.307332,1.5453697,7.7232246,1.8328766,7.2211223,2.09287,6.80344,2.3393521,6.467218,2.5851262,6.2046666,2.8407793,6.003947,3.1138754,5.8501573,3.408357,5.726496,3.724227,5.61545,4.0575147,5.5000443,4.4005303,5.36495,4.742412,5.1974907,5.069888,4.9883947,5.3682413,4.7323318,5.62241,4.4281526,5.8181434,4.0787997,5.943125
209,-48,-5.3234277,-9.03607,-4.719258,-8.992238,-4.1014285,-8.844395,-3.4851491,-8.597453,-2.8856332,-8.261495,-2.3169422,-7.851476,-1.7909303,-7.3866506,-1.3162917,-6.8896914,-0.8978513,-6.3855987,-0.5360628,-5.900422,-0.22679949,-5.4598894,0.038528156,-5.088018,0.2725845,-4.805756,0.49141926,-4.6297984,0.71355116,-4.5715966,0.9588341,-4.636612,1.2472184,-4.823907,1.5974654,-5.126083,2.0258586,-5.529532,2.545046,-6.0150476,3.1630497,-6.5587506,3.8825285,-7.133245,4.700288,-7.70897,5.6071596,-8.2556925,6.5882173,-8.744019,7.6232586,-9.146843,8.687675,-9.440708,9.75354,-9.606939,10.790928,-9.632505,11.769306,-9.510603,12.659104,-9.24088,13.433106,-8.829323,14.0678425,-8.287798,14.544771,-7.633304,14.851175,-6.886962,14.980822,-6.072772,14.934195,-5.216326,14.718475,-4.343374,14.347116,-3.4785273,13.839101,-2.6439903,13.217933,-1.8585138,12.510406,-1.1365882,11.745224,-0.48788536,10.951547,0.08292529,10.157516,0.57613534,9.388936,0.9965685,8.668071,1.352945,8.012666,1.6569908,7.4352956,1.9223927,6.9429574,2.163668,6.5370674,2.3949878,6.2137012,2.629097,5.9642015,2.876321,5.7759876,3.1437929,5.633619,3.434913,5.519928,3.7490654,5.417251,4.0816517,5.30866,4.4243965,5.179049,4.765942,5.0161023,5.092649,4.8110156,5.3895984,4.558983,5.6417174,4.2593656,5.8349175,3.915568,5.957225
210,-48,-5.0460515,-8.970775,-4.450641,-8.908998,-3.8447473,-8.745006,-3.2433677,-8.484557,-2.6612883,-8.138515,-2.1119442,-7.722512,-1.6063881,-7.256307,-1.1523807,-6.7628765,-0.75372934,-6.2672744,-0.40984625,-5.7953415,-0.115602955,-5.3723335,0.13849178,-5.021524,0.3658417,-4.7629004,0.58302355,-4.612009,0.8088268,-4.579003,1.063093,-4.6679816,1.3654634,-4.8766437,1.7340981,-5.1962953,2.1844053,-5.6121726,2.7279215,-6.104116,3.3713748,-6.6475606,4.1159954,-7.214705,4.9571176,-7.7759333,5.884116,-8.301283,6.880699,-8.761954,7.925474,-9.131755,8.992865,-9.388391,10.054259,-9.514562,11.079363,-9.498748,12.037633,-9.335738,12.899795,-9.026735,13.639292,-8.579219,14.233611,-8.006389,14.665395,-7.3263445,14.923336,-6.561051,15.002709,-5.73504,14.905579,-4.874118,14.640667,-4.003919,14.222874,-3.1486318,13.672466,-2.329759,13.014009,-1.5651184,12.275107,-0.868093,11.4849615,-0.24713384,10.672941,0.29435244,9.867102,0.7578958,9.092885,1.1494715,8.3719425,1.4788061,7.721221,1.7584435,7.152356,2.0026658,6.6713467,2.2263505,6.2785783,2.4437854,5.9691653,2.66761,5.733585,2.9078443,5.5585356,3.17115,5.4280357,3.4603462,5.3245816,3.774172,5.230401,4.107397,5.128628,4.4511466,5.0044036,4.793569,4.8457956,5.1206675,4.6444826,5.4173384,4.396172,5.6684937,4.100736,5.8602223,3.7620416,5.9809175
211,-49,-4.7734632,-8.898072,-4.187654,-8.819462,-3.594384,-8.64056,-3.008406,-8.367945,-2.4440498,-8.013236,-1.9140974,-7.5926948,-1.4287848,-7.126544,-0.994934,-6.638005,-0.6153423,-6.152129,-0.28840154,-5.6944966,-0.008013567,-5.289829,0.23616831,-4.9606285,0.45822963,-4.7258763,0.6752159,-4.5999384,0.9061123,-4.591675,1.1706785,-4.7038274,1.4881773,-4.9327536,1.8761023,-5.2685027,2.3489318,-5.695208,2.917045,-6.191828,3.585846,-6.733162,4.355128,-7.291116,5.218756,-7.836088,6.164664,-8.338459,7.1752443,-8.770119,8.227961,-9.105837,9.296338,-9.32455,10.351161,-9.410348,11.361851,-9.353269,12.297927,-9.149669,13.130517,-8.802335,13.833802,-8.320172,14.386279,-7.7176657,14.771854,-7.0139723,14.980662,-6.231798,15.009519,-5.396152,14.862067,-4.532952,14.548568,-3.6676588,14.085344,-2.8239367,13.493901,-2.0225246,12.799822,-1.2802553,12.031448,-0.60933864,11.218416,-0.01699296,10.390229,0.4946654,9.574781,0.9283946,8.797083,1.2913079,8.07811,1.5941161,7.4339685,1.8501477,6.8753195,2.074237,6.407114,2.2815607,6.0287127,2.4864838,5.734245,2.7014766,5.5133266,2.9362056,5.3519692,3.196835,5.2336664,3.485567,5.140614,3.8004823,5.05494,4.1356845,4.959872,4.481702,4.840825,4.8261805,4.6862707,5.154789,4.488379,5.45224,4.24338,5.7034574,3.9516563,5.894722,3.617517,6.0147834
212,-49,-4.5061483,-8.818732,-3.9306872,-8.72443,-3.350634,-8.531881,-2.7804613,-8.248454,-2.2340112,-7.8864865,-1.7233936,-7.462836,-1.258014,-6.9981337,-0.8437539,-6.5157943,-0.48241118,-6.040816,-0.17137992,-5.5984554,0.09637119,-5.212864,0.33199722,-4.9057126,0.55021244,-4.6949553,0.7684538,-4.593766,1.0058447,-4.609694,1.281989,-4.7441406,1.6157024,-4.9921474,2.0237505,-5.34255,2.5196288,-5.7784348,3.11252,-6.277933,3.806475,-6.8153214,4.5998473,-7.3622603,5.485034,-7.889247,6.448562,-8.367098,7.4715495,-8.768456,8.530372,-9.069121,9.597726,-9.249292,10.643873,-9.294532,11.638041,-9.196408,12.549889,-8.95287,13.3510475,-8.568221,14.016491,-8.052803,14.525813,-7.422319,14.864235,-6.6968994,15.023359,-5.8999596,15.001577,-5.0568604,14.804116,-4.1935787,14.442768,-3.3352747,13.93523,-2.5050533,13.304221,-1.7228096,12.576278,-1.0043219,11.7804,-0.3606197,10.946604,0.2023737,10.104448,0.6838218,9.281595,1.0877281,8.502552,1.4223241,7.7875686,1.6992646,7.1518455,1.932614,6.605028,2.1377103,6.1510134,2.3299966,5.7881055,2.5238433,5.509463,2.73152,5.30385,2.9622931,5.1565886,3.2217727,5.0506887,3.5115151,4.9680724,3.828918,4.8907866,4.167412,4.8022013,4.5169244,4.688018,4.8646197,4.537127,5.1958094,4.3421993,5.495049,4.1000075,5.747286,3.8114386,5.939005,3.481224,6.0593266
213,-49,-4.244549,-8.733557,-3.68009,-8.624739,-3.1137457,-8.419816,-2.5596776,-8.126929,-2.0312154,-7.759104,-1.5397749,-7.333741,-1.0939224,-6.871839,-0.69859904,-6.3969517,-0.35461673,-5.9339657,-0.058398105,-5.5077696,0.19798352,-5.141885,0.4264422,-4.857131,0.64225805,-4.6703978,0.8632056,-4.593638,1.1084663,-4.633109,1.3974223,-4.78888,1.7483765,-5.0547085,2.177306,-5.418259,2.6966732,-5.8616295,3.3144305,-6.362211,4.033257,-6.893795,4.850055,-7.42791,5.755771,-7.9352245,6.7355595,-8.387076,7.7693005,-8.756918,8.832352,-9.021649,9.896656,-9.162791,10.932034,-9.167367,11.907596,-9.028521,12.793239,-8.745766,13.561164,-8.324941,14.187237,-7.7777367,14.652195,-7.1210313,14.942627,-6.375875,15.051656,-5.5662737,14.97925,-4.717898,14.732229,-3.8566718,14.323874,-3.0074112,13.773263,-2.1925516,13.104254,-1.4310886,12.344274,-0.7377038,11.522928,-0.122174114,10.670529,0.4108606,9.816627,0.8618734,8.988562,1.236084,8.210275,1.542821,7.501237,1.7946602,6.8756986,2.0063655,6.3422594,2.1937294,5.903722,2.3723884,5.5573335,2.5566812,5.295277,2.7586095,5.1054826,2.9869947,4.9726005,3.2468584,4.8791895,3.5390906,4.806915,3.8603764,4.737795,4.203461,4.6553493,4.5576696,4.5456014,4.909668,4.397883,5.2444525,4.2053814,5.5464168,3.9654024,5.800555,3.6793377,5.9935713,3.352342,6.114952
214,-49,-3.989057,-8.643389,-3.4361572,-8.521251,-2.8839147,-8.305241,-2.3461494,-8.004244,-1.8356538,-7.631936,-1.3631338,-7.206226,-0.9363083,-6.748425,-0.55918264,-6.2821736,-0.2315988,-5.8321977,0.050963905,-5.422964,0.29728693,-5.07733,0.51999176,-4.8152094,0.7348694,-4.652415,0.959954,-4.599675,1.2144281,-4.661944,1.5173796,-4.837981,1.8865342,-5.1202955,2.3370252,-5.4954305,2.880237,-5.944559,3.5228603,-6.4443884,4.266174,-6.9683285,5.105644,-7.487836,6.0307817,-7.973845,7.0253954,-8.398274,8.068189,-8.735472,9.133562,-8.963485,10.192781,-9.065186,11.21529,-9.029112,12.170192,-8.849969,13.027702,-8.528846,13.760682,-8.07304,14.34594,-7.495589,14.765438,-6.814474,15.007178,-6.051577,15.065819,-5.231457,14.942932,-4.379967,14.646916,-3.5229206,14.192541,-2.6846738,13.600194,-1.8869529,12.894835,-1.1477803,12.104726,-0.4806813,11.26,0.10582101,10.391191,0.6084247,9.527749,1.0288932,8.696648,1.373671,7.9211903,1.6531568,7.2199993,1.880798,6.606338,2.0720065,6.087721,2.242976,5.665839,2.4094954,5.33688,2.5858047,5.0920534,2.783597,4.918463,3.0111997,4.8001275,3.2730088,4.719165,3.5692017,4.657026,3.8957357,4.595727,4.2446713,4.5189743,4.6047173,4.4131317,4.9620667,4.2679973,5.3013897,4.077285,5.6069527,3.83884,5.863787,3.5545616,6.058834,3.230011,6.1819777
215,-49,-3.7400074,-8.549092,-3.199125,-8.414842,-2.6612744,-8.18903,-2.1399076,-7.8812575,-1.647258,-7.505817,-1.1933056,-7.08108,-0.784918,-6.628623,-0.42517117,-6.1721225,-0.11295568,-5.736093,0.15716119,-5.3445334,0.39477307,-5.019584,0.6131571,-4.780238,0.82854843,-4.641192,1.0591898,-4.6119556,1.324183,-4.6961823,1.6422597,-4.8913465,2.0305061,-5.1887426,2.503158,-5.573848,3.070479,-6.026968,3.737862,-6.524206,4.505201,-7.0386686,5.3665,-7.541815,6.309866,-8.004925,7.3178096,-8.400585,8.367902,-8.704087,9.433654,-8.894685,10.485726,-8.956653,11.493307,-8.880039,12.42554,-8.661128,13.2530575,-8.30255,13.949438,-7.8130665,14.492541,-7.206976,14.86559,-6.5033092,15.058041,-5.724719,15.066131,-4.896195,14.89303,-4.043732,14.548713,-3.192919,14.049398,-2.367613,13.416759,-1.5887223,12.676792,-0.873248,11.858523,-0.23352286,10.992542,0.32324818,10.109527,0.7950814,9.238766,1.1850504,8.406779,1.5007888,7.6361713,1.7537378,6.9446707,1.9581872,6.3444905,2.130148,5.8420353,2.2861598,5.437886,2.4421003,5.1271415,2.6120572,4.9000645,2.8073595,4.742951,3.0357947,4.6391964,3.3010929,4.5705214,3.6027017,4.5181956,3.9358335,4.464263,4.291837,4.392642,4.6588135,4.290084,5.0224857,4.146856,5.3672185,3.9572191,5.677153,3.7195594,5.9373918,3.4362729,6.135119,3.1133356,6.2606235
216,-49,-3.4976826,-8.451569,-2.9691758,-8.306419,-2.4459069,-8.072083,-1.9409336,-7.758852,-1.4659088,-7.3815937,-1.0300767,-6.9591002,-0.63945115,-6.513165,-0.29618776,-6.0674553,0.0017527725,-5.6462193,0.26068196,-5.272939,0.49096185,-4.969015,0.7064698,-4.752469,0.92383087,-4.6368856,1.1614138,-4.63053,1.4381883,-4.7357807,1.772459,-4.9488473,2.1806145,-5.259855,2.6759415,-5.653264,3.2675443,-6.108584,3.9595068,-6.601388,4.7502933,-7.1045446,5.6324897,-7.5896096,6.5928187,-8.028289,7.6125293,-8.393899,8.668119,-8.662743,9.7322855,-8.815328,10.775174,-8.837358,11.765756,-8.720423,12.673342,-8.462368,13.469052,-8.067365,14.127292,-7.5455623,14.626993,-6.912499,14.952714,-6.1881795,15.095413,-5.3959374,15.052905,-4.5611496,14.829988,-3.7098272,14.438175,-2.8672786,13.895121,-2.056742,13.223724,-1.29828,12.450965,-0.6078019,11.606555,0.0036049478,10.721485,0.5300473,9.826487,0.97090423,8.950613,1.3305345,8.119854,1.6177579,7.356055,1.8450221,6.675991,2.0274034,6.0908084,2.1814604,5.6057673,2.3240228,5.220302,2.471002,4.9284544,2.636279,4.71952,2.830762,4.579012,3.0616539,4.4897437,3.3319824,4.4330745,3.6404355,4.390126,3.9814608,4.342999,4.345696,4.275869,4.7206354,4.1758723,5.0915356,4.033789,5.442465,3.8444273,5.757461,3.6067348,6.021715,3.323602,6.222666,3.0013967,6.3510213
217,-49,-3.262302,-8.35173,-2.7464292,-8.196894,-2.2378294,-7.9552984,-1.749144,-7.6378913,-1.291428,-7.2600865,-0.8731789,-6.841051,-0.49955773,-6.4027495,-0.17181182,-5.9687853,0.1130043,-5.5630946,0.3620457,-5.20861,0.58639586,-4.925934,0.80047923,-4.732116,1.0212411,-4.639589,1.2671293,-4.6554003,1.556897,-4.7806487,1.908366,-5.0103164,2.3371682,-5.3334002,2.8555963,-5.7334056,3.4715588,-6.1891055,4.187799,-6.6756186,5.0013847,-7.165668,5.903465,-7.630978,6.8794165,-8.043753,7.9092693,-8.378104,8.968516,-8.611415,10.029112,-8.725491,11.060747,-8.707489,12.032308,-8.55054,12.913322,-8.2540655,13.675501,-7.823729,14.294112,-7.2710614,14.749269,-6.6127505,15.026903,-5.8697147,15.119494,-5.065902,15.026482,-4.2269545,14.754258,-3.3788517,14.315875,-2.5465126,13.73038,-1.7525244,13.021847,-1.0159932,12.218173,-0.3516988,11.349705,0.23054533,10.447729,0.7262138,9.542969,1.1360211,8.664151,1.4656192,7.836693,1.7249753,7.081609,1.9275076,6.4146695,2.0890408,5.8459015,2.2266276,5.3793974,2.3573258,5.0134554,2.4970171,4.741037,2.6593173,4.550511,2.8546646,4.4266257,3.0896304,4.351648,3.3665128,4.3065853,3.6832032,4.2724533,4.03337,4.231466,4.4069395,4.1680713,4.790798,4.0698414,5.1697454,3.928067,5.527572,3.7381322,5.84823,3.499532,6.1170087,3.215652,6.321623,2.8932564,6.453205
218,-49,-3.0340264,-8.25051,-2.5309446,-8.087191,-2.0370028,-7.8395762,-1.5644019,-7.519245,-1.1235843,-7.142116,-0.72229385,-6.727689,-0.36484197,-6.2980533,-0.051581904,-5.8767023,0.2213118,-5.4872174,0.46180037,-5.1519313,0.6816415,-4.8906274,0.89574975,-4.719348,1.1213363,-4.6493835,1.3768423,-4.686533,1.6807609,-4.8306656,2.0503614,-5.0755577,2.5004666,-5.4091263,3.0423303,-5.8139763,3.682636,-6.2682223,4.42278,-6.7465997,5.258402,-7.2217593,6.1792645,-7.665679,7.169419,-8.05113,8.207734,-8.353097,9.268763,-8.550091,10.323778,-8.62525,11.342126,-8.567213,12.292649,-8.370677,13.145222,-8.036602,13.872186,-7.572129,14.449797,-6.990097,14.85937,-6.3083134,15.088265,-5.548526,15.130532,-4.735206,14.98721,-3.8942118,14.666307,-3.0513675,14.182391,-2.2311516,13.555845,-1.4553785,12.811875,-0.7421812,11.9792385,-0.105144076,11.088821,0.44723883,10.172139,0.91179526,9.259832,1.2906102,8.380241,1.5905982,7.5580993,1.8228568,6.813545,2.0017319,6.1613083,2.14374,5.610265,2.2663667,5.163326,2.386842,4.8176227,2.52096,4.565059,2.6820111,4.393081,2.8799129,4.285704,3.1205637,4.224665,3.4054818,4.1906943,3.7317562,4.1647334,4.092259,4.1291223,4.4761934,4.0686336,4.8698463,3.9712815,5.2575727,3.8289125,5.622902,3.637479,5.9497147,3.3970482,6.2234225,3.111499,6.432035,2.7879624,6.567109
219,-49,-2.8129518,-8.148849,-2.3227181,-7.9782286,-1.843324,-7.725805,-1.3865088,-7.403754,-0.9620894,-7.028465,-0.5770517,-6.619727,-0.23486224,-6.19971,0.06500267,-5.7917495,0.32722035,-5.419026,0.560519,-5.1032386,0.77728146,-4.8633184,0.9928559,-4.7142825,1.2246511,-4.666265,1.4910558,-4.7238455,1.8102206,-4.8856616,2.1988103,-5.1443295,2.6707883,-5.4867363,3.2363274,-5.894649,3.9008608,-6.34559,4.6644177,-6.813994,5.5212383,-7.2725086,6.459696,-7.6934495,7.4625716,-8.050235,8.507617,-8.318772,9.568509,-8.478753,10.615932,-8.514696,11.618947,-8.41674,12.546471,-8.18112,13.368774,-7.810352,14.058947,-7.313001,14.594257,-6.703194,14.957313,-5.999759,15.136935,-5.225209,15.128754,-4.4044704,14.935452,-3.5634935,14.56662,-2.7279036,14.0383005,-1.9216266,13.372197,-1.165679,12.594572,-0.4771153,11.734962,0.13170718,10.824738,0.65363324,9.895572,1.086891,8.977916,1.4348998,8.0996475,1.7058353,7.2847853,1.911881,6.5525184,2.0682676,5.916479,2.1921537,5.3843656,2.3014057,4.957883,2.4133584,4.6330075,2.5436518,4.400588,2.7051997,4.247171,2.9073412,4.156061,3.1552541,4.1085243,3.4496622,4.08502,3.7868133,4.066459,4.158774,4.0353684,4.554027,3.9768653,4.9582686,3.8794432,5.355406,3.7355137,5.7287426,3.5416243,6.062102,3.2984002,6.341035,3.0102093,6.553859,2.6845613,6.692576
220,-49,-2.5991082,-8.047684,-2.121683,-7.870922,-1.6566298,-7.614861,-1.2152104,-7.2922473,-0.80660355,-6.9198985,-0.437035,-6.517856,-0.10913491,-6.108323,0.17847879,-5.714433,0.43130508,-5.358928,0.6587977,-5.0628276,0.873916,-4.844197,1.0923826,-4.7169995,1.331747,-4.690215,1.610271,-4.767221,1.9457113,-4.945439,2.3540688,-5.2163672,2.848399,-5.565918,3.4377577,-5.975081,4.126304,-6.4208593,4.9126973,-6.877454,5.7897763,-7.3176146,6.7445683,-7.7140493,7.758609,-8.040887,8.808601,-8.275031,9.867418,-8.397406,10.905221,-8.393924,11.890885,-8.256242,12.793469,-7.982165,13.583745,-7.5757017,14.235601,-7.046829,14.727417,-6.410869,15.043124,-5.6876426,15.173052,-4.90034,15.114438,-4.07424,14.871587,-3.235344,14.455674,-2.4089515,13.884193,-1.6183864,13.180095,-0.8837554,12.370652,-0.22101939,11.486119,0.35874763,10.558262,0.84976727,9.618809,1.251644,8.697982,1.5691584,7.823108,1.8117055,7.0174146,1.9925334,6.299097,2.127709,5.6806507,2.2349708,5.168558,2.3324943,4.763309,2.437659,4.4597254,2.5659003,4.2476068,2.7296822,4.1126347,2.9377322,4.037446,3.1944723,4.0028377,3.499773,3.989067,3.8490307,3.9770577,4.2334976,3.9495456,4.640938,3.892031,5.056447,3.7935266,5.4635463,3.6470199,5.8452883,3.4496632,6.1854815,3.2026513,6.469823,2.910843,6.686959,2.5821035,6.8293533
221,-49,-2.392463,-7.947952,-1.9277092,-7.7661743,-1.4766973,-7.5076017,-1.050195,-7.18552,-0.6567341,-6.8171453,-0.3017799,-6.4227223,0.012863953,-6.024447,0.28941652,-5.645207,0.5341664,-5.3072653,0.7572513,-5.0309386,0.972154,-4.8333845,1.1949165,-4.727518,1.4431641,-4.721162,1.7349751,-4.816482,2.087649,-5.0097456,2.5164688,-5.2913594,3.0335355,-5.6463127,3.6467586,-6.05489,4.3590026,-6.4936447,5.167553,-6.936634,6.0638685,-7.3567553,7.033648,-7.727208,8.057235,-8.022894,9.11035,-8.221774,10.165121,-8.306036,11.191275,-8.263027,12.157579,-8.085939,13.0333395,-7.774102,13.789883,-7.333027,14.401994,-6.7740364,14.849208,-6.1136284,15.116845,-5.3725076,15.196769,-4.5744724,15.08784,-3.745088,14.795997,-2.9102757,14.333962,-2.0949686,13.720654,-1.3217858,12.98021,-0.609896,12.140851,0.02592624,11.233478,0.57591593,10.290162,1.0356824,9.342629,1.4062439,8.4207735,1.6936983,7.5513144,1.908654,6.756608,2.0653636,6.0538054,2.1806803,5.4542313,2.2728722,4.963133,2.3603685,4.579777,2.46053,4.297822,2.5885067,4.1060495,2.756277,3.9892826,2.9718816,3.9295194,3.2389412,3.9071615,3.5564694,3.9022925,3.9189932,3.8958929,4.316946,3.8709407,4.737349,3.8133564,5.164733,3.7127023,5.582219,3.5625587,5.972658,3.3606973,6.3198433,3.1088855,6.609666,2.8124645,6.831114,2.479653,6.9771047
222,-49,-2.192918,-7.850587,-1.740605,-7.664876,-1.3032451,-7.404864,-0.8910975,-7.0843487,-0.51203996,-6.7209024,-0.17077918,-6.3349376,0.13169532,-5.9485974,0.39841682,-5.584489,0.63642895,-5.2643476,0.8565101,-5.0077624,1.0726154,-4.830968,1.3010474,-4.7458134,1.5594485,-4.758963,1.8656482,-4.871419,2.236434,-5.0782905,2.6863198,-5.368956,3.226412,-5.7275352,3.8634422,-6.1336737,4.598968,-6.563551,5.428903,-6.9911413,6.343336,-7.389599,7.32668,-7.732656,8.358141,-7.9960723,9.412508,-8.158905,10.461243,-8.204648,11.473724,-8.122115,12.418698,-7.9060144,13.265778,-7.5572295,13.986953,-7.0827093,14.557968,-6.4951015,14.959578,-5.8119745,15.178527,-5.054884,15.208256,-4.248146,15.049254,-3.4175098,14.709077,-2.5887733,14.201985,-1.7863797,13.548255,-1.0321943,12.773192,-0.34434763,11.905879,0.26358482,10.977769,0.78319395,10.021187,1.2115048,9.067764,1.5509201,8.146984,1.8088689,7.28488,1.9971207,6.502898,2.1309104,5.8170953,2.2278228,5.237572,2.3065813,4.768325,2.3857994,4.40738,2.4827487,4.1472597,2.6122525,3.9757357,2.7857282,3.8768115,3.0104983,3.8318818,3.2893429,3.8209999,3.6203926,3.824101,3.9972608,3.822268,4.409555,3.7987845,4.843598,3.740026,5.283353,3.6361024,5.7115545,3.4812315,6.110872,3.2738025,6.465116,3.0161664,6.760376,2.714143,6.986,2.3762891,7.1353936
223,-49,-2.000304,-7.756494,-1.5601109,-7.5678825,-1.1359288,-7.307445,-0.73749524,-6.9894586,-0.37202868,-6.6318135,-0.04348158,-6.2550535,0.24795651,-5.881226,0.50610775,-5.532614,0.73873687,-5.230408,0.9572163,-4.9934216,1.175923,-4.836961,1.4113609,-4.7717957,1.6811317,-4.8034554,2.0027523,-4.931764,2.3924456,-5.150738,2.8639088,-5.4487677,3.4272163,-5.8091674,4.0878935,-6.2110014,4.846183,-6.630154,5.6966314,-7.040601,6.6279793,-7.4158034,7.623399,-7.73013,8.661,-7.9602327,9.714707,-8.086323,10.755405,-8.093247,11.752194,-7.9712863,12.673882,-7.7166843,13.490486,-7.3318405,14.174731,-6.8251247,14.703381,-6.21044,15.058479,-5.506389,15.228234,-4.735281,15.207684,-3.9218714,14.998957,-3.0920162,14.6112175,-2.271284,14.0602255,-1.4835675,13.367586,-0.7498934,12.559683,-0.08731172,11.666406,0.4918655,10.719701,0.9806093,9.75204,1.3773686,8.7948885,1.6859417,7.8772435,1.9150532,7.0243897,2.0776114,6.256787,2.189772,5.5893435,2.2697911,5.030928,2.3367968,4.5842643,2.4095209,4.246139,2.5050826,4.0079336,2.6379015,3.8564403,2.8187883,3.7748764,3.0542939,3.7440803,3.3463259,3.7437737,3.6920838,3.7538276,4.0842915,3.7554598,4.511718,3.7322924,4.9599786,3.6711876,5.412487,3.5628474,5.8516154,3.4021297,6.259875,3.1880639,6.621119,2.9235775,6.9216595,2.614966,7.1512246,2.2711167,7.3037105
224,-49,-1.8144054,-7.666565,-1.3859245,-7.476032,-0.9743641,-7.216115,-0.5889298,-6.9015403,-0.2361774,-6.550484,0.08068906,-6.1835794,0.36226365,-5.8227406,0.613131,-5.4898896,0.8417392,-5.2056303,1.0600106,-4.987993,1.2826897,-4.851326,1.5264261,-4.805328,1.8087182,-4.85439,2.146719,-4.997204,2.5560305,-5.2267184,3.049486,-5.5303826,3.6360934,-5.8907666,4.3201528,-6.2864265,5.1005826,-6.693024,5.9705787,-7.0846143,6.917558,-7.4350424,7.9234805,-7.719361,8.965432,-7.915193,10.016548,-8.003956,11.047191,-7.9718556,12.026276,-7.810671,12.922763,-7.5181756,13.70715,-7.098257,14.352969,-6.56067,14.838085,-5.920522,15.145866,-5.1973796,15.266034,-4.4142256,15.195236,-3.5961738,14.9372425,-2.7690988,14.502812,-1.9582564,13.909173,-1.1869104,13.179203,-0.47517964,12.340306,0.16102384,11.423109,0.7106942,10.459961,1.1682085,9.483402,1.5334473,8.524651,1.8115959,7.612144,2.0126507,6.7703466,2.1506176,6.018683,2.2425249,5.370873,2.3072424,4.8345127,2.3642306,4.411039,2.432274,4.096007,2.5282733,3.8796735,2.6661866,3.7478652,2.8561506,3.6830618,3.1039085,3.6655796,3.4104536,3.6748724,3.7720466,3.6907773,4.180495,3.6947029,4.623737,3.6706405,5.0866804,3.6059794,5.552209,3.4920402,6.0023575,3.3243458,6.4195094,3.1025674,6.78758,2.8302138,7.0931296,2.5140493,7.326283,2.1632838,7.4814444
225,-49,-1.6349175,-7.581655,-1.2176597,-7.390115,-0.818091,-7.1315923,-0.44487458,-6.8212295,-0.103903204,-6.477459,0.2023602,-6.120961,0.4752752,-5.773479,0.7201609,-5.456543,0.9461107,-5.190138,1.1655507,-4.991487,1.3935392,-4.87397,1.6468155,-4.8462167,1.9427123,-4.9114904,2.297975,-5.067385,2.7275195,-5.30581,3.2432818,-5.613338,3.853169,-5.9718494,4.5602436,-6.3594728,5.362094,-6.751708,6.250568,-7.122767,7.211813,-7.4469523,8.226612,-7.700075,9.271083,-7.8607764,10.317633,-7.911707,11.336199,-7.8404827,12.295591,-7.640381,13.16499,-7.310696,13.915481,-6.8567696,14.5214615,-6.2897115,14.961958,-5.625762,15.221714,-4.885399,15.292004,-4.092186,15.171097,-3.2715113,14.864406,-2.4491937,14.384257,-1.6500684,13.749309,-0.89671564,12.983653,-0.20826522,12.115666,0.40054256,11.176616,0.9200655,10.199179,1.346101,9.215895,1.6799632,8.257636,1.9282231,7.352215,2.1021068,6.523199,2.2166798,5.7889385,2.289786,5.1619244,2.340848,4.648451,2.3895938,4.248651,2.4547892,3.9568455,2.5530446,3.7622032,2.6977973,3.6496248,2.898472,3.6008725,3.1599414,3.5957987,3.4822617,3.6136236,3.8607233,3.6342015,4.2862134,3.6391745,4.7458377,3.6129618,5.2238197,3.5435054,5.7025313,3.4227757,6.163685,3.2469656,6.589562,3.0164099,6.9641733,2.7351885,7.274347,2.4105306,7.5106297,2.0519633,7.667944
226,-49,-1.4614928,-7.502593,-1.054892,-7.3108897,-0.6666145,-7.054556,-0.30477393,-6.7491226,0.025400527,-6.4132347,0.32217675,-6.0675917,0.5876606,-5.7337313,0.827875,-5.432746,1.0525213,-5.1839905,1.274481,-5.003852,1.5090739,-4.9047365,1.773073,-4.894209,2.0835965,-4.9744277,2.4569037,-5.141899,2.9072022,-5.387558,3.4454815,-5.6971445,4.0785236,-6.051919,4.8081355,-6.4296417,5.6305823,-6.8057384,6.5363913,-7.154641,7.510444,-7.451189,8.532425,-7.672005,9.577532,-7.796799,10.617524,-7.809505,11.621993,-7.6991625,12.559714,-7.4605465,13.400201,-7.094461,14.115163,-6.607694,14.679966,-6.0126348,15.074849,-5.326618,15.285991,-4.570924,15.306222,-3.7696474,15.135457,-2.9483595,14.780741,-2.1327183,14.255942,-1.3471013,13.581102,-0.61328727,12.781491,0.050618898,11.886351,0.63113725,10.927537,1.119985,9.937977,1.5144111,8.950106,1.8171688,7.994388,2.0361722,7.097931,2.1838703,6.2833595,2.276332,5.567866,2.332163,4.9626803,2.3712702,4.4727864,2.4135795,4.097017,2.4777677,3.828471,2.5800931,3.6552284,2.7334087,3.5613048,2.9463677,3.5277843,3.2229383,3.5340984,3.5622044,3.5592947,3.9584727,3.5833018,4.4017034,3.5880463,4.8781815,3.55839,5.3714404,3.4828765,5.8633647,3.3541458,6.3353925,3.1690865,6.769713,2.928691,7.1504602,2.63763,7.4647655,2.3035855,7.703608,1.9363786,7.8624487
227,-49,-1.2937144,-7.430155,-0.8971343,-7.2390585,-0.51938474,-6.9856234,-0.1680243,-6.685743,0.15237941,-6.358238,0.44081405,-6.0237937,0.70011026,-5.703704,0.936965,-5.418604,1.1616453,-5.1871743,1.3874422,-5.0249643,1.6298858,-4.943404,1.9057244,-4.9489894,2.231803,-5.042793,2.6238606,-5.220289,3.0953338,-5.4714594,3.656236,-5.7812757,4.3121996,-6.1304393,5.0637665,-6.496419,5.9058857,-6.854633,6.8277807,-7.1798115,7.8131227,-7.4473963,8.840525,-7.634877,9.884348,-7.723089,10.915777,-7.697279,11.904122,-7.5479236,12.818233,-7.2713056,13.628008,-6.869714,14.305894,-6.351344,14.828267,-5.729821,15.176643,-5.0235,15.33867,-4.254407,15.308768,-3.44707,15.088504,-2.627159,14.68654,-1.8200958,14.11825,-1.0496969,13.4050255,-0.33688936,12.573224,0.30132174,11.652924,0.8527434,10.676464,1.3105015,9.676932,1.673301,8.686592,1.9453263,7.7354126,2.135825,6.849728,2.2584195,6.0511417,2.3301318,5.3556747,2.3702738,4.773259,2.399172,4.3075366,2.436876,3.956031,2.5019028,3.7106385,2.610093,3.5583792,2.7736526,3.4824083,3.0004075,3.4632003,3.2933955,3.4798021,3.6506894,3.5111547,4.0656133,3.5372856,4.5271745,3.5404522,5.020839,3.5060306,5.5294986,3.4231837,6.03456,3.2852454,6.5172024,3.0898173,6.959569,2.8385596,7.3459435,2.5367205,7.663776,2.1924317,7.90451,1.8158007,8.064151
228,-49,-1.131123,-7.365078,-0.74386126,-7.175276,-0.37581968,-6.9253607,-0.033996716,-6.631553,0.2776977,-6.3128324,0.55895853,-5.9898214,0.8133186,-5.6835446,1.0481175,-5.4141507,1.274146,-5.1996193,1.5050594,-5.0546565,1.7565418,-4.989701,2.0452666,-5.010202,2.3877513,-5.116174,2.799162,-5.3020663,3.2921252,-5.556984,3.8756435,-5.8651757,4.5541835,-6.206858,5.3270187,-6.5592732,6.1877866,-6.897906,7.1244364,-7.197862,8.119466,-7.435227,9.150481,-7.5884395,10.191069,-7.639498,11.211905,-7.574982,12.1821165,-7.3868284,13.070699,-7.0728188,13.848029,-6.636716,14.487352,-6.088055,14.966128,-5.4416695,15.267206,-4.716854,15.379724,-3.93632,15.299728,-3.124925,15.03043,-2.3083591,14.582086,-1.5117303,13.971563,-0.75819486,13.221524,-0.06777811,12.359374,0.54368347,11.415926,1.0653085,10.4239435,1.4916743,9.416581,1.8229438,8.425849,2.064718,7.481154,2.2275674,6.6079726,2.3262289,5.826847,2.3786392,5.1525617,2.4047377,4.5937214,2.4252007,4.1526217,2.4601364,3.8254874,2.5278382,3.6030223,2.6436615,3.4712129,2.819096,3.4124026,3.061107,3.4064898,3.3717444,3.4322011,3.7480564,3.4684048,4.1823554,3.4953036,4.662722,3.4955268,5.1738114,3.454998,5.6978726,3.3635368,6.2158804,3.2151976,6.7087646,3.0083017,7.158665,2.7451909,7.550043,2.4316814,7.8706994,2.076343,8.112553,1.6895673,8.2721815
229,-48,-0.97319794,-7.3080482,-0.5944944,-7.120141,-0.23529153,-6.874273,0.09797544,-6.5869665,0.4020494,-6.2773204,0.67731804,-5.9658704,0.92799294,-5.6733356,1.1620212,-5.4193444,1.3906817,-5.2211843,1.6279407,-5.0926776,1.889588,-5.043287,2.192167,-5.077423,2.551817,-5.194063,2.9830828,-5.386687,3.4977446,-5.643556,4.1037655,-5.948263,4.804428,-6.2806005,5.597734,-6.6176567,6.4760303,-6.9350586,7.4260173,-7.208346,8.429068,-7.414333,9.461837,-7.532443,10.497197,-7.545869,11.50541,-7.442569,12.455496,-7.2159395,13.3166685,-6.8652487,14.059871,-6.3957043,14.659221,-5.8181586,15.093322,-5.148574,15.346399,-4.407125,15.40913,-3.617113,15.279189,-2.8036585,14.961429,-1.9923805,14.467681,-1.2079799,13.816254,-0.47289827,13.031043,0.19382764,12.14043,0.7775714,11.175881,1.2688183,10.170501,1.6636003,9.157436,1.9635482,8.168359,2.1756701,7.232016,2.3118093,6.372988,2.3877935,5.610689,2.4224045,4.9586263,2.4361517,4.4240556,2.44999,4.0079165,2.4840112,3.7051373,2.5562088,3.5052478,2.6813862,3.3932436,2.8702726,3.3506927,3.1289127,3.3569689,3.4583437,3.3905346,3.8545687,3.4302332,4.308866,3.4565012,4.808399,3.45239,5.337025,3.4044015,5.876369,3.3030465,6.4069915,3.143128,6.909637,2.9236987,7.366448,2.6477792,7.7620997,2.3217604,8.084775,1.9546398,8.326895,1.5570675,8.48561
230,-48,-0.8193613,-7.259678,-0.44840544,-7.074177,-0.09713121,-6.832786,0.22859132,-6.5523043,0.5261515,-6.2519197,0.7966145,-5.952048,1.0448456,-5.6730757,1.2793677,-5.434096,1.5119003,-5.2516565,1.756678,-5.1387167,2.0295458,-5.103762,2.346863,-5.150177,2.7243428,-5.2759237,3.1758633,-5.47357,3.7123215,-5.730569,4.340618,-6.029923,5.06284,-6.3510695,5.8757195,-6.6710114,6.770329,-6.9655867,7.732158,-7.2108345,8.74149,-7.3843665,9.774101,-7.466627,10.80223,-7.44206,11.795784,-7.300002,12.723761,-7.0353184,13.555689,-6.648761,14.263148,-6.1469336,14.821186,-5.5419817,15.209631,-4.8509164,15.414109,-4.094733,15.426877,-3.2972188,15.247242,-2.483695,14.881687,-1.6796144,14.343602,-0.9091847,13.652684,-0.19407697,12.83401,0.4477443,11.91685,1.0028992,10.933278,1.4632926,9.91663,1.826409,8.899961,2.0953498,7.9145274,2.278516,6.988355,2.3889809,6.145042,2.443619,5.402828,2.4619908,4.773919,2.4651194,4.264199,2.4741654,3.8732378,2.5091245,3.5946763,2.5876155,3.4168942,2.7238238,3.323941,2.9276748,3.2966552,3.204242,3.313932,3.5535178,3.354021,3.9704359,3.395814,4.4452524,3.4200156,4.9641914,3.4101524,5.5103326,3.3533506,6.0647206,3.2408452,6.607526,3.0681903,7.1193247,2.835201,7.582318,2.54557,7.981419,2.2062614,8.305215,1.826692,8.54665,1.4177476,8.703469
231,-48,-0.669,-7.220538,-0.3049374,-7.037854,0.039352275,-6.8012705,0.35856488,-6.527833,0.6507286,-6.236786,0.91756934,-5.9484,1.1645806,-5.682701,1.4008249,-5.458216,1.6384251,-5.290761,1.8918325,-5.192405,2.1768987,-5.170673,2.5097494,-5.2279377,2.9056253,-5.361191,3.37769,-5.562098,3.9359326,-5.817388,4.5861645,-6.109523,5.329272,-6.417654,6.1607227,-6.7187696,7.0703373,-6.988986,8.042431,-7.2049108,9.056252,-7.344995,10.0867605,-7.3907695,11.105623,-7.3279457,12.082483,-7.147264,12.9864025,-6.845064,13.787293,-6.423546,14.45745,-5.890694,14.972929,-5.2598743,15.314817,-4.5490985,15.470207,-3.7800965,15.432941,-2.9770799,15.203967,-2.165463,14.7913885,-1.370455,14.210121,-0.6156963,13.481209,0.078004725,12.630833,0.6937963,11.689104,1.2196043,10.688583,1.6487621,9.662781,1.9802371,8.644579,2.218591,7.664727,2.3735883,6.750464,2.4595063,5.924343,2.4942017,5.2033873,2.4979615,4.5984497,2.4922376,4.1140265,2.4983222,3.748329,2.5360477,3.4937274,2.6225967,3.3374848,2.7714753,3.2627263,2.9917321,3.2496195,3.2874432,3.27663,3.657513,3.3218544,4.0957904,3.3642874,4.591507,3.3849657,5.129973,3.3679342,5.6935105,3.300972,6.262581,3.176072,6.817013,2.9895709,7.3372555,2.7420425,7.8055916,2.437861,8.207213,2.0845523,8.531143,1.6919358,8.770865,1.2711269,8.92474
232,-48,-0.5214659,-7.191111,-0.16340676,-7.011562,0.17486772,-6.7800126,0.48861894,-6.51373,0.77650523,-6.231992,1.0408957,-5.95489,1.2878847,-5.7020655,1.5270408,-5.4914646,1.7708462,-5.3381486,2.033927,-5.253312,2.3320858,-5.2435074,2.6811695,-5.3101296,3.0958946,-5.4492235,3.5886915,-5.651617,4.1685915,-5.903351,4.840307,-6.1864147,5.603514,-6.4797373,6.452433,-6.7603636,7.375654,-7.0047555,8.356355,-7.1901555,9.372823,-7.2959046,10.399242,-7.3046594,11.406792,-7.2034283,12.364939,-6.984375,13.242877,-6.6452947,14.010989,-6.189825,14.642353,-5.627293,15.114114,-4.9722104,15.408654,-4.2435436,15.514569,-3.4636672,15.427302,-2.6571524,15.149454,-1.8494009,14.690728,-1.0653008,14.067524,-0.3278527,13.302173,0.34308717,12.421912,0.93181556,11.457607,1.427618,10.442237,1.8252662,9.4093895,2.1252332,8.391692,2.333524,7.419315,2.4612377,6.5186124,2.523815,5.711066,2.5400367,5.012414,2.5308492,4.432152,2.5180643,3.9733753,2.523034,3.632918,2.565346,3.4019065,2.6616805,3.266514,2.8248003,3.208995,3.0628283,3.2088797,3.3787897,3.244289,3.7704973,3.2932212,4.230701,3.3348198,4.7475967,3.350498,5.3055854,3.3248677,5.8862534,3.246417,6.4695277,3.1079097,7.034918,2.9064987,7.562784,2.6435106,8.035528,2.3240085,8.438654,1.9560621,8.761643,1.549883,8.998557,1.116804,9.148365
233,-47,-0.37606588,-7.1718154,-0.023093529,-6.9956145,0.31015176,-6.769222,0.6194955,-6.510101,0.90421623,-6.237531,1.1673079,-5.971405,1.4154382,-5.730952,1.6586463,-5.53352,1.9097337,-5.393412,2.1834505,-5.3209343,2.495509,-5.321695,2.8614264,-5.3961253,3.2953625,-5.5393662,3.8089511,-5.741441,4.4102654,-5.9877667,5.1028957,-6.259921,5.8853135,-6.536683,6.7504964,-6.795215,7.685842,-7.0123944,8.673441,-7.1661544,9.690645,-7.236783,10.710958,-7.2080917,11.705146,-7.0684195,12.6425705,-6.8113527,13.4926405,-6.4361362,14.22629,-5.947818,14.817461,-5.357012,15.244415,-4.6793556,15.490914,-3.934664,15.547071,-3.1459,15.409952,-2.33787,15.0837965,-1.5359193,14.579891,-0.7645181,13.916068,-0.04593667,13.115916,0.60094637,12.207648,1.161671,11.222788,1.6268944,10.194661,1.9928792,9.15686,2.261575,8.14166,2.4404252,7.178562,2.5418324,6.293018,2.5823472,5.5053306,2.5816226,4.829942,2.5611923,4.2749424,2.5431564,3.8420124,2.548845,3.5266504,2.5975413,3.318744,2.705339,3.203418,2.8842037,3.162092,3.1412835,3.1737306,3.478523,3.2161436,3.8926063,3.2672908,4.375171,3.306539,4.9133964,3.3157337,5.490783,3.2800999,6.0882044,3.1888573,6.6850863,3.0355835,7.2606544,2.8182373,7.7952185,2.5389311,8.27134,2.2033994,8.674869,1.82026,8.995774,1.4001013,9.228708,0.95443994,9.373281
234,-47,-0.23208466,-7.1629996,0.11673677,-6.9902573,0.44594735,-6.769036,0.75193435,-6.516974,1.0345864,-6.25333,1.2975018,-5.997762,1.5478954,-5.7690783,1.7962406,-5.5840044,2.055614,-5.456075,2.3408494,-5.3947234,2.667519,-5.4046187,3.0507672,-5.4852586,3.5041497,-5.6309114,4.0384865,-5.830851,4.6608567,-6.0699253,5.373724,-6.329365,6.174352,-6.5878553,7.054504,-6.8227572,8.000408,-7.0114174,8.993113,-7.1325173,10.009108,-7.167341,11.021282,-7.100896,12.000055,-6.9228606,12.914764,-6.6282487,13.7351265,-6.217747,14.4326935,-5.6977787,14.982333,-5.080202,15.363504,-4.381705,15.561367,-3.6228917,15.567594,-2.827224,15.380876,-2.0196786,15.007084,-1.2254376,14.459057,-0.46847805,13.75603,0.2297269,12.9227705,0.8513605,11.988393,1.3832335,10.985033,1.8174229,9.946255,2.1516798,8.905559,2.389443,7.8948,2.5395696,6.9427476,2.6157293,6.073848,2.6355326,5.3072066,2.619441,4.655918,2.5895061,4.1266527,2.568039,3.7196784,2.576275,3.4291503,2.6331105,3.2437549,2.7539964,3.147606,2.9500391,3.1213393,3.2273622,3.1434045,3.5867932,3.1913717,4.0238733,3.2432265,4.5291295,3.2785978,5.0887046,3.2798276,5.6852407,3.2327943,6.2989182,3.127492,6.9086943,2.9583282,7.493552,2.724098,8.033794,2.4276884,8.512171,2.075509,8.914917,1.6767092,9.232527,1.2422342,9.460255,0.7837753,9.598371
235,-47,-0.08876853,-7.1649184,0.2568471,-6.99564,0.58301634,-6.7795014,0.88668525,-6.534292,1.1683403,-6.279219,1.4321653,-6.0336947,1.685892,-5.816071,1.9403948,-5.6424546,2.2089846,-5.5255995,2.5065317,-5.4740663,2.8484256,-5.4916096,3.249394,-5.576817,3.7223492,-5.7231216,4.2772737,-5.919109,4.9202275,-6.1491017,5.65254,-6.39405,6.4702797,-6.6326175,7.3640084,-6.8424172,8.318831,-7.0013385,9.3147955,-7.0888596,10.3276,-7.087305,11.329574,-6.982904,12.290883,-6.766697,13.180922,-6.4351244,13.969773,-5.990287,14.629703,-5.439956,15.136563,-4.7971826,15.471061,-4.079637,15.619794,-3.3086414,15.576019,-2.508074,15.340063,-1.7029972,14.919406,-0.91834337,14.32841,-0.17751704,13.587663,0.49887753,12.723044,1.0941449,11.764514,1.5964137,10.744704,1.9992052,9.697365,2.3017755,8.655815,2.509044,7.651395,2.6312544,6.712071,2.683305,5.861227,2.683811,5.116719,2.6539762,4.490257,2.6162953,3.9870849,2.5932198,3.6060526,2.605811,3.3399959,2.6725113,3.176413,2.8080497,3.0984497,3.0226138,3.0860314,3.3212779,3.1171453,3.7037187,3.169173,4.1643057,3.2201905,4.6924534,3.2501535,5.2732882,3.2419455,5.8886023,3.1821437,6.517916,3.0615535,7.1397624,2.875438,7.732923,2.6234343,8.27772,2.3092124,8.757151,1.9398488,9.157857,1.525011,9.470892,1.075985,9.692148,0.6046119,9.82255
236,-46,0.054632973,-7.1777506,0.39798924,-7.011834,0.7221013,-6.800585,1.0244696,-6.5619125,1.3061672,-6.3149586,1.5719422,-6.0788593,1.8300157,-5.871502,2.091625,-5.7083483,2.3702772,-5.6013827,2.6808372,-5.558302,3.0384638,-5.5819526,3.4574306,-5.6700535,3.949973,-5.815247,4.525204,-6.0054564,5.1881514,-6.2245603,5.9390087,-6.4532857,6.772656,-6.670337,7.6784863,-6.85365,8.640512,-6.981705,9.637839,-7.0348425,10.645431,-6.9964404,11.6351385,-6.8540034,12.576949,-6.5999365,13.440383,-6.232094,14.195987,-5.753978,14.816796,-5.174662,15.279715,-4.508344,15.56675,-3.773589,15.665976,-2.992384,15.572245,-2.1889222,15.287509,-1.3882895,14.820863,-0.61506397,14.188133,0.10799435,13.41122,0.7612119,12.517057,1.3290913,11.536361,1.8011006,10.502179,2.1722414,9.448359,2.4432635,8.40795,2.6205714,7.4117055,2.7157621,6.486718,2.7449126,5.6552553,2.7276,4.933866,2.6856873,4.3328567,2.6420484,3.856022,2.6191843,3.5008032,2.6379104,3.2587268,2.7161365,3.1161604,2.8678248,3.0553184,3.1021857,3.0554645,3.4231906,3.094188,3.829348,3.148743,4.313831,3.1973565,4.864938,3.2203834,5.466817,3.2012851,6.100418,3.127384,6.7446437,2.9903295,7.3776264,2.7862582,7.977997,2.5156717,8.526139,2.183014,9.005342,1.7960277,9.402697,1.3648711,9.709828,0.9011528,9.923296,0.41685173,10.044689
237,-46,0.19889566,-7.201593,0.5409313,-7.038835,0.8639519,-6.8321733,1.1660087,-6.5996246,1.4487474,-6.360234,1.7174598,-6.1328473,1.9808277,-5.9348674,2.2504153,-5.7811046,2.5398886,-5.6827765,2.864061,-5.6467166,3.237823,-5.674896,3.674953,-5.7641873,4.186979,-5.90648,4.7821164,-6.0891128,5.4643555,-6.295555,6.23275,-6.5063763,7.081006,-6.70039,7.9973755,-6.85591,8.964823,-6.952071,9.961566,-6.970106,10.961899,-6.8945274,11.937272,-6.714094,12.857562,-6.422591,13.692498,-6.0192814,14.413175,-5.5090423,14.993458,-4.9022055,15.411367,-4.214042,15.650249,-3.4639874,15.699693,-2.6745698,15.5561495,-1.8702445,15.223216,-1.0759916,14.71154,-0.315995,14.03841,0.38771912,13.226962,1.0164882,12.305111,1.556026,11.30425,1.9972144,10.257779,2.336535,9.199544,2.5762632,8.162236,2.7242382,7.175952,2.7933898,6.266839,2.8009336,5.455976,2.767317,4.7585874,2.7150226,4.1835375,2.6672091,3.7331717,2.6463647,3.4035325,2.672983,3.1848526,2.7643585,3.0624106,2.9336214,3.017547,3.18896,3.0289066,3.5332017,3.0737462,3.9636493,3.1292691,4.4722996,3.1739082,5.0463314,3.1884663,5.6689115,3.1570504,6.320189,3.0677695,6.978482,2.9131343,7.6215663,2.6901858,8.227959,2.4002802,8.778165,2.0486512,9.255787,1.6436833,9.64841,1.1960279,9.948265,0.7175931,10.152588,0.22045563,10.263664
238,-46,0.3447971,-7.2364526,0.6864338,-7.076542,1.0093019,-6.8740654,1.3119968,-6.647121,1.5967261,-6.4146447,1.8693025,-6.1951656,2.1388395,-6.0055914,2.4171953,-5.8600774,2.7181525,-5.7690663,3.0564353,-5.7385507,3.4466252,-5.7696443,3.9019675,-5.8584085,4.4332533,-5.9960313,5.047785,-6.169293,5.748499,-6.361337,6.533317,-6.5526314,7.3947887,-6.722157,8.320058,-6.8486743,9.291083,-6.9120173,10.285254,-6.894372,11.276266,-6.7813807,12.235232,-6.563106,13.132005,-6.2347097,13.936607,-5.796851,14.620739,-5.255742,15.159169,-4.622928,15.531092,-3.9147127,15.721241,-3.1512823,15.720738,-2.355672,15.527651,-1.5524834,15.147185,-0.7665501,14.591552,-0.021538792,13.879429,0.66131896,13.035134,1.2644209,12.087498,1.7747791,11.068512,2.184685,10.011842,2.492138,8.951221,2.7008998,7.918935,2.8202615,6.94433,2.864435,6.0525346,2.8517094,5.2634115,2.8033707,4.5907965,2.7424152,4.0421147,2.6922343,3.6182377,2.6752007,3.3138225,2.7114077,3.1178594,2.8174896,3.0145607,3.0056732,2.984451,3.2830818,3.0056157,3.65135,3.0550394,4.106563,3.1099472,4.639529,3.1490457,5.236322,3.153633,5.879138,3.10851,6.547367,3.002606,7.2187743,2.8293378,7.870826,2.5866525,8.481967,2.2767935,9.032875,1.9057539,9.507507,1.482564,9.893971,1.0183326,10.1851425,0.5252432,10.378945,0.015465569,10.4783745
239,-45,0.49311307,-7.282244,0.83524644,-7.124767,1.1588647,-6.925974,1.4631033,-6.7040253,1.7507144,-6.4777174,2.0280135,-6.265258,2.3045163,-6.083041,2.5923395,-5.944561,2.9053452,-5.8594937,3.258128,-5.833001,3.6649232,-5.8653684,4.138409,-5.951876,4.688619,-6.0830555,5.32191,-6.245195,6.040172,-6.4211526,6.840199,-6.591364,7.7134094,-6.7350426,8.645862,-6.8314385,9.618569,-6.8611507,10.608149,-6.8073425,11.587756,-6.6568427,12.528256,-6.4010086,13.399551,-6.0363812,14.172028,-5.564994,14.818067,-4.994364,15.313414,-4.337201,15.638481,-3.610757,15.779424,-2.8359437,15.728915,-2.036174,15.486652,-1.2361454,15.059446,-0.46041512,14.46101,0.2679045,13.71138,0.92846066,12.835994,1.5047837,11.864523,1.9851924,10.829467,2.3634517,9.764666,2.6390653,8.703685,2.8173096,7.678287,2.908865,6.717007,2.9291937,5.8439,2.8976145,5.0775533,2.83616,4.4303865,2.7682886,3.9083586,2.717526,3.5108812,2.70607,3.2312415,2.7535381,3.057213,2.8758233,2.9719925,3.0841913,2.9553378,3.3846464,2.9848464,3.7776198,3.037302,4.2579556,3.0900009,4.815266,3.1219857,5.4345317,3.1151197,6.0970135,3.054939,6.781353,2.9312394,7.4648113,2.7383592,8.1246,2.47518,8.7391405,2.144807,9.289319,1.7540148,9.759492,1.3124479,10.138331,0.8316686,10.419378,0.324113,10.601278,-0.19800271,10.687741
240,-45,0.6446113,-7.3388004,0.98810285,-7.183244,1.3133299,-6.987535,1.6199615,-6.769874,1.9112834,-6.5489097,2.1940882,-6.342498,2.4782674,-6.166518,2.7761648,-6.0338025,3.1016803,-5.9532585,3.4692447,-5.929239,3.8927078,-5.9612193,4.3841543,-6.043747,4.952821,-6.1667337,5.604137,-6.316032,6.3389153,-6.4742727,7.1528406,-6.621919,8.036219,-6.7384706,8.974078,-6.8037376,9.94652,-6.799117,10.929453,-6.7088027,11.895581,-6.5208063,12.815575,-6.227814,13.659461,-5.827729,14.398084,-5.323943,15.004563,-4.725234,15.455679,-4.0454216,15.733113,-3.3026576,15.824482,-2.5184565,15.724033,-1.7165747,15.433071,-0.9216873,14.960005,-0.15803851,14.32002,0.5519353,13.534448,1.1888149,12.629787,1.737307,11.636454,2.1871114,10.587395,2.533457,9.516531,2.7773783,8.457173,2.9256244,7.440484,2.9902642,6.494114,2.9879563,5.640984,2.9389815,4.898344,2.866061,4.2771974,2.7930334,3.781998,2.743475,3.4107268,2.7393339,3.1553152,2.799673,3.0023546,2.9395826,2.934069,3.16931,2.9295127,3.4937027,2.965864,3.9119532,3.0197623,4.417652,3.0686533,4.999216,3.091979,5.640545,3.0722122,6.3219833,2.9956791,7.0214877,2.8530695,7.7158513,2.639676,8.382063,2.3553164,8.998578,2.0039837,9.546533,1.5932006,10.010734,1.1332247,10.380446,0.63603294,10.649914,0.114285834,10.8185215,-0.4197607,10.890689
241,-44,0.8000439,-7.4058585,1.1457117,-7.2516155,1.4733536,-7.0582967,1.7831671,-6.844135,2.0789545,-6.6275992,2.3679695,-6.4261975,2.6604455,-6.255271,2.9689226,-6.126995,3.3073037,-6.049515,3.689817,-6.0263896,4.1298947,-6.0563188,4.638998,-6.1331487,5.2255588,-6.2462234,5.894032,-6.381006,6.644189,-6.5199623,7.47061,-6.643643,8.362518,-6.731894,9.303941,-6.7651277,10.27413,-6.7255907,11.248357,-6.5985317,12.198915,-6.373193,13.096379,-6.043565,13.910981,-5.608916,14.614082,-5.0739636,15.179616,-4.448706,15.585452,-3.7480154,15.814596,-2.9908626,15.85614,-2.199329,15.705918,-1.397386,15.366856,-0.60963404,14.84891,0.14012301,14.168716,0.83015555,13.348842,1.4420576,12.416758,1.9617752,11.4035845,2.380394,10.342605,2.6946583,9.267743,2.9071152,8.2119465,3.0259917,7.205729,3.0646884,6.275772,3.0410156,5.4437995,2.9761572,4.725724,2.893451,4.1310563,2.8170304,3.6627705,2.7704484,3.3174064,2.7753236,3.0855706,2.850093,2.9527094,3.0089693,2.9001455,3.261142,2.9062817,3.6102533,2.9479344,4.054235,3.001682,4.5854187,3.045169,5.1910214,3.0582998,5.853887,3.0242233,6.553482,2.930097,7.267099,2.7675424,7.9711084,2.5328188,8.642343,2.2267044,9.259339,1.8540498,9.803526,1.4231417,10.260203,0.94481564,10.619275,0.43145382,10.875696,-0.1040837,11.029615,-0.64954954,11.086185
242,-44,0.9601417,-7.4830766,1.3087521,-7.3294415,1.6395549,-7.1377344,1.9532686,-6.9261947,2.2542014,-6.713109,2.55004,-6.5156054,2.8513403,-6.3484974,3.1707985,-6.223289,3.5222895,-6.14738,3.9198058,-6.12356,4.376328,-6.1497736,4.9026666,-6.219207,5.506422,-6.3206835,6.191098,-6.439332,6.9554,-6.5575128,7.7928247,-6.655915,8.6915455,-6.714786,9.634638,-6.7151985,10.600554,-6.640286,11.563984,-6.476389,12.496905,-6.213967,13.369856,-5.848349,14.15335,-5.380143,14.819335,-4.8153586,15.342625,-4.165169,15.702238,-3.4454405,15.882537,-2.6759038,15.874114,-1.8790841,15.67441,-1.0791322,15.287938,-0.30045828,14.726209,0.43361014,14.007231,1.1021674,13.154753,1.6878675,12.197174,2.177935,11.166199,2.5649047,10.095377,2.8470173,9.01854,3.028346,7.968228,3.118556,6.9741817,3.1323588,6.0620656,3.0886557,5.252368,3.0094686,4.55958,2.9186735,3.9917479,2.8406258,3.550346,2.7987761,3.23049,2.814326,3.021496,2.9050195,2.9077046,3.0841322,2.8695822,3.359739,2.8849492,3.734248,2.9303343,4.204302,2.9823115,4.7609644,3.0188096,5.390275,3.0202525,6.0740304,2.9705176,6.790867,2.857624,7.5174417,2.6741593,8.229769,2.4173808,8.904559,2.0890157,9.52048,1.6947985,10.059303,1.2437406,10.506878,0.7472499,10.853765,0.21806999,11.095673,-0.33077055,11.233522,-0.887041,11.273207
243,-44,1.1256064,-7.5700192,1.4778657,-7.4161997,1.8125076,-7.225243,2.1307645,-7.0153756,2.4374359,-6.8046875,2.7406225,-6.609918,3.0511706,-6.445339,3.381906,-6.3217926,3.7466416,-6.2459474,4.1590977,-6.2198315,4.631777,-6.240675,5.174815,-6.3010435,5.7949734,-6.3892817,6.494775,-6.490244,7.2718887,-6.586234,8.118744,-6.6581383,9.022499,-6.6866636,9.965318,-6.653583,10.924915,-6.5429587,11.875465,-6.342237,12.7886915,-6.043141,13.635185,-5.6423035,14.385801,-5.1416564,15.013152,-4.548471,15.493001,-3.8750489,15.805552,-3.1381834,15.936557,-2.3582764,15.878154,-1.5582676,15.629364,-0.76235247,15.196303,0.0052996017,14.591963,0.72196037,13.835709,1.3675743,12.952406,1.9259301,11.971283,2.3855836,10.924574,2.7405152,9.845993,2.990503,8.769216,3.1411257,7.726234,3.2034698,6.745994,3.1934993,5.853073,3.131161,5.066653,3.039241,4.3997993,2.942073,3.8590589,2.864162,3.444419,2.8287728,3.1495724,2.8566082,2.9625802,2.9646494,2.8667402,3.165181,2.8417192,3.4651127,2.8648255,3.865589,2.9123526,4.3619394,2.9609516,4.943959,2.988896,5.596527,2.9771903,6.3004293,2.9104836,7.033476,2.77772,7.771766,2.5724785,8.490993,2.2930124,9.167799,1.9420213,9.78103,1.5260934,10.31288,1.0549686,10.749746,0.54058844,11.082909,-0.0039511127,11.308844,-0.56548226,11.429255,-1.1318431,11.450803
244,-43,1.2971036,-7.666162,1.6536506,-7.511284,1.9927341,-7.3201375,2.3160944,-7.110927,2.6290083,-6.901524,2.9399679,-6.7082715,3.2600865,-6.5448995,3.6022873,-6.421587,3.9802854,-6.344277,4.407502,-6.3142715,4.895934,-6.3281116,5.455021,-6.3777804,6.090666,-6.451201,6.804428,-6.532989,7.592933,-6.60546,8.447576,-6.6497536,9.354525,-6.647079,10.295089,-6.579957,11.246304,-6.4334135,12.18189,-6.1960335,13.073395,-5.860776,13.891526,-5.4256024,14.60757,-4.8937426,15.19486,-4.273686,15.630159,-3.5788052,15.8949175,-2.82676,15.97631,-2.0385642,15.868021,-1.2374415,15.570668,-0.44759813,15.091927,0.30715105,14.446264,1.0047096,13.654326,1.6259832,12.742029,2.1559353,11.739364,2.5844822,10.679002,2.907107,9.594742,3.1250975,8.519992,3.2455354,7.486171,3.2808876,6.521314,3.2483401,5.648851,3.1688104,4.886631,3.0657823,4.246255,2.9639814,3.7327557,2.8879597,3.3446362,2.8607235,3.0742073,2.902404,2.9083092,3.0291476,2.829243,3.252194,2.8159306,3.5772407,2.845231,4.004134,2.8932955,4.5268903,2.9369118,5.134042,2.9547617,5.8093038,2.9284937,6.532475,2.8435872,7.2806163,2.6899269,8.029285,2.462112,8.753911,2.1594257,9.431135,1.7855233,10.040037,1.3478602,10.563249,0.85686344,10.987797,0.32499954,11.305688,-0.23433362,11.514207,-0.8078625,11.615862,-1.3835031,11.618062
245,-43,1.475259,-7.7709117,1.8366579,-7.6140227,2.1807046,-7.421681,2.5096412,-7.2120485,2.8292043,-7.0027623,3.1482644,-6.8097734,3.4781675,-6.6462483,3.8319068,-6.5217195,4.2230754,-6.4414234,4.664758,-6.405944,5.168425,-6.4111767,5.7427974,-6.4485583,6.3929186,-6.5056314,7.1193724,-6.566849,7.9177675,-6.6145706,8.778476,-6.630242,9.686735,-6.595632,10.623031,-6.4940453,11.563788,-6.3115044,12.48234,-6.037736,13.350128,-5.66698,14.138055,-5.1984777,14.817902,-4.636738,15.363785,-3.9914255,15.753537,-3.276934,15.969884,-2.511717,16.001463,-1.7173111,15.843498,-0.91718656,15.498209,-0.13543212,14.974815,0.6045425,14.289203,1.2813908,13.463246,1.8770007,12.523847,2.3775756,11.50168,2.7744427,10.429756,3.064566,9.341883,3.2507803,8.271121,3.3416345,7.2482214,3.350963,6.300246,3.297096,5.449432,3.2018738,4.712237,3.0894005,4.0987782,2.9846992,3.612571,2.9123063,3.25064,2.894873,3.0039492,2.9519026,2.858153,3.0986342,2.7946117,3.3452044,2.79157,3.6960547,2.8255072,4.1497083,2.8724976,4.6988654,2.9095397,5.3307853,2.9157908,6.0280643,2.873597,6.76955,2.7693093,7.531564,2.5938091,8.289197,2.3427362,9.01766,2.0163999,9.693651,1.6194255,10.2965355,1.1600959,10.8094425,0.64953154,11.220053,0.10067634,11.521137,-0.47278056,11.710821,-1.0574934,11.792429,-1.6415104,11.77412
246,-42,1.6606474,-7.883583,2.0273807,-7.723661,2.376824,-7.5290527,2.7117145,-7.317864,3.0382395,-7.1074953,3.365617,-6.9134717,3.705412,-6.748422,4.070654,-6.6212215,4.4747815,-6.5364165,4.9305243,-6.4939065,5.448792,-6.488961,6.037582,-6.5125256,6.701061,-6.55181,7.4388547,-6.5911317,8.245556,-6.61297,9.110557,-6.5991244,10.018188,-6.5319633,10.948185,-6.395619,11.876404,-6.1771317,12.775869,-5.867404,13.617993,-5.4619136,14.373933,-4.9612026,15.016031,-4.371016,15.519272,-3.7021554,15.862585,-2.9699664,16.030022,-2.1936316,16.011692,-1.3951455,15.8044,-0.5981008,15.411926,0.17357087,14.845012,0.8969732,14.120906,1.5515373,13.2626705,2.1202383,12.298117,2.5905545,11.25851,2.9552379,10.17713,3.212789,9.087698,3.3675473,8.022852,3.4295282,7.012571,3.4138582,6.082909,3.3399947,5.2548356,3.2306159,4.5433955,3.1103723,3.9572003,3.0045211,3.4982362,2.937476,3.162073,2.931471,2.938349,3.0052888,2.8115911,3.173207,2.7622633,3.4441986,2.768013,3.8214347,2.8050077,4.302092,2.849313,4.8775287,2.8782074,5.5337605,2.8713923,6.2522693,2.811972,7.010992,2.687212,7.785565,2.4890163,8.550667,2.2140844,9.281351,1.8637722,9.954413,1.4436558,10.549567,0.9628588,11.05048,0.43314233,11.445538,-0.13208203,11.728323,-0.71889067,11.897786,-1.3138998,11.958093,-1.9053001,11.918161
247,-42,1.8537921,-8.003424,2.226254,-7.8393826,2.5814342,-7.641384,2.9225597,-7.427465,3.2562518,-7.2147665,3.592062,-7.018397,3.9417427,-6.850432,4.3183393,-6.719111,4.7351007,-6.6282887,5.20438,-6.577218,5.73651,-6.560579,6.338742,-6.5688534,7.0143714,-6.588968,7.762058,-6.605177,8.575414,-6.6001062,9.44288,-6.5559683,10.347919,-6.4557695,11.269566,-6.2845054,12.183182,-6.0302587,13.061543,-5.6851044,13.876094,-5.2457886,14.598327,-4.714102,15.201232,-4.0970063,15.6606865,-3.4063807,15.956783,-2.6584687,16.07493,-1.8731087,16.00674,-1.0726597,15.75057,-0.28079793,15.311774,0.47882682,14.70256,1.18388,13.941528,1.8146838,13.052829,2.3553147,12.065106,2.794581,11.010156,3.1267023,9.921426,3.3516862,8.832477,3.4754055,7.775406,3.5092833,6.779404,3.469741,5.8694057,3.377261,5.06509,3.2553096,4.380035,3.129,3.8213372,3.0237248,3.389468,2.9637208,3.078557,2.970711,2.8769507,3.062693,2.7680953,3.2529218,2.7316265,3.5491605,2.744653,3.9532585,2.783106,4.4610276,2.823121,5.062508,2.8423324,5.742477,2.8210323,6.4813247,2.7431374,7.256116,2.5968838,8.041866,2.375227,8.812874,2.0759506,9.5441,1.7014455,10.212504,1.2582477,10.798193,0.75627345,11.285422,0.20792952,11.663329,-0.3729596,11.926322,-0.9722483,12.07422,-1.5765517,12.112033,-2.174254,12.049437
248,-41,2.0551574,-8.129602,2.433648,-7.9603004,2.7948072,-7.7577415,3.142346,-7.5398774,3.483305,-7.3235803,3.8275535,-7.12354,4.1870036,-6.9512706,4.5746884,-6.814379,5.0036507,-6.716066,5.4858327,-6.6549454,6.030975,-6.6251454,6.6455765,-6.616735,7.3320565,-6.6164007,8.0881195,-6.6083674,8.90642,-6.5754776,9.774469,-6.500388,10.674929,-6.3667955,11.586169,-6.16058,12.483126,-5.870893,13.338398,-5.490989,14.123533,-5.0188637,14.8104315,-4.4575467,15.372774,-3.8151681,15.787407,-3.1046383,16.03563,-2.3430338,16.104235,-1.5507736,15.986339,-0.75050974,15.681875,0.034101114,15.197728,0.7797502,14.547561,1.4647549,13.751227,2.0703716,12.833936,2.5818543,11.825087,2.9893754,10.756904,3.288636,9.662938,3.481176,8.576471,3.5743618,7.5290265,3.5810177,6.5488787,3.518779,5.6598234,3.4091194,4.880175,3.2762032,4.2220473,3.1455402,3.6909919,3.042575,3.2859747,2.991276,2.9997127,3.0127861,2.8192933,3.1242373,2.7271388,3.3378031,2.702125,3.6600032,2.7208898,4.091335,2.759202,4.6262355,2.7933362,5.2534137,2.8013458,5.9564233,2.7641945,6.7146173,2.6666615,7.504228,2.497983,8.299684,2.2521977,9.074973,1.9281836,9.805021,1.5293766,10.467004,1.0632539,11.041477,0.54052037,11.513354,-0.025819413,11.87253,-0.62155,12.114286,-1.2323527,12.239325,-1.8448712,12.253498,-2.4477327,12.16726
249,-41,2.2651274,-8.261224,2.6498487,-8.085477,3.0171275,-7.877152,3.371152,-7.654103,3.7193718,-7.432925,4.07195,-7.2278757,4.4409413,-7.049918,4.83934,-6.906038,5.2799563,-6.7987914,5.7743006,-6.726181,6.331508,-6.681825,6.957311,-6.6554103,7.653255,-6.633434,8.41611,-6.600146,9.237584,-6.5386415,10.104308,-6.432074,10.998173,-6.2648606,11.896957,-6.0238013,12.775227,-5.699125,13.6054735,-5.2852764,14.35942,-4.7814813,15.009432,-4.191983,15.52995,-3.5260396,15.898848,-2.7975378,16.098656,-2.0243185,16.117588,-1.227309,15.950283,-0.4293735,15.5982275,0.34593263,15.0698185,1.0757205,14.380122,1.739032,13.550213,2.318122,12.606274,2.7994726,11.578376,3.1746526,10.499094,3.4408638,9.401982,3.6011736,8.319985,3.664433,7.2839456,3.6448207,6.321171,3.5611393,5.454253,3.4357882,4.7001076,3.293557,4.0693445,3.160263,3.565978,3.0613263,3.187474,3.020361,2.925163,3.0578516,2.764929,3.1900058,2.6882176,3.427855,2.6732123,3.7766306,2.696153,4.235456,2.7327242,4.7973905,2.7594073,5.449809,2.7547495,6.175074,2.7004395,6.951524,2.58217,7.7546015,2.3902228,8.558219,2.1197407,9.33611,1.7707083,10.063223,1.3476036,10.717007,0.8588312,11.2785225,0.31586015,11.733375,-0.26773712,12.072274,-0.87739164,12.291391,-1.4986504,12.392331,-2.118242,12.3818,-2.7250307,12.271017
250,-40,2.4840422,-8.397341,2.8750918,-8.213923,3.2485247,-7.998595,3.608999,-7.769101,3.9643638,-7.5417542,4.325055,-7.330367,4.7032485,-7.145357,5.111877,-6.993096,5.5634913,-6.8755136,6.069156,-6.790036,6.6373816,-6.7297945,7.2731295,-6.6841435,7.977074,-6.639437,8.745071,-6.579984,9.567906,-6.4891925,10.431365,-6.350749,11.316615,-6.149821,12.200911,-5.8741584,13.058497,-5.515077,13.861832,-5.0682154,14.582883,-4.533996,15.194548,-3.917866,15.67209,-3.2301588,15.994446,-2.4856791,16.14543,-1.7029654,16.11469,-0.9033758,15.898396,-0.1099151,15.499561,0.65406686,14.928088,1.3661555,14.200386,2.0062013,13.338703,2.5574987,12.370108,3.0078228,11.325272,3.3501637,10.237042,3.5832338,9.138871,3.7116344,8.063289,3.7456603,7.0403776,3.7008138,6.096429,3.597006,5.2527657,3.4575002,4.5248585,3.3076236,3.9218066,3.1734242,3.4460778,3.080218,3.0936568,3.0511758,2.8545182,3.1060505,2.7133958,3.2600636,2.650821,3.523052,2.644348,3.898922,2.6698883,4.3853974,2.703114,4.974147,2.720803,5.651242,2.7020535,6.397876,2.629342,7.191401,2.4893248,8.006525,2.2733605,8.816698,1.977714,9.595461,1.6034828,10.3178425,1.1561944,10.961636,0.6451527,11.508462,0.0825785,11.944643,-0.5174365,12.261755,-1.1399964,12.456874,-1.7705673,12.53254,-2.3959875,12.496327,-3.0054123,12.360185
251,-40,2.712147,-8.536941,3.1095166,-8.344598,3.48903,-8.121015,3.8558104,-7.8838115,4.2180924,-7.6490054,4.586569,-7.4299645,4.973517,-7.236564,5.3917813,-7.07457,5.8536353,-6.945307,6.3696775,-6.845647,6.9477825,-6.768275,7.592141,-6.7022514,8.302563,-6.6338234,9.073991,-6.5474253,9.896335,-6.4268003,10.754566,-6.256211,11.629189,-6.0216136,12.496973,-5.71172,13.331928,-5.3189487,14.106531,-4.84011,14.793065,-4.276846,15.365027,-3.6357307,15.798552,-2.9281385,16.073685,-2.1697326,16.175558,-1.3796784,16.095276,-0.57968926,15.830526,0.20718548,15.385865,0.95783556,14.772632,1.6504418,14.008557,2.2657042,13.116959,2.7880492,12.125753,3.2065504,11.066126,3.515659,9.971088,3.7156115,8.873938,3.8125095,7.806677,3.818087,6.798584,3.7491193,5.8748293,3.6265707,5.055428,3.4744751,4.354407,3.3186493,3.7793114,3.185276,3.3310804,3.0994756,3.0042248,3.0839033,2.7874095,3.1575048,2.6642609,3.3344536,2.6144602,3.6233475,2.6149998,4.0267196,2.6415548,4.5408936,2.669861,5.156148,2.6770449,5.8572507,2.642834,6.6242485,2.5505471,7.433578,2.3878477,8.259267,2.1472003,9.07433,1.8260266,9.852197,1.4265418,10.568036,0.95529443,11.200038,0.42248848,11.730438,-0.158964,12.146335,-0.7744569,12.440192,-1.4088324,12.610037,-2.0474918,12.659327,-2.6774201,12.596501,-3.2881298,12.434267
252,-40,2.949617,-8.678962,3.353188,-8.47642,3.738597,-8.243319,4.1114306,-7.9971457,4.480291,-7.7536025,4.856118,-7.525621,5.2512627,-7.322527,5.6784644,-7.149494,6.1497016,-7.007266,6.6750855,-6.892186,7.261848,-6.7965274,7.913406,-6.7090955,8.62871,-6.616075,9.401824,-6.5020633,10.221793,-6.3511853,11.072827,-6.1483164,11.934817,-5.8802295,12.784103,-5.5366125,13.594525,-5.1109943,14.338654,-4.6013556,14.989139,-4.0105104,15.52014,-3.3461442,15.908713,-2.6206167,16.136078,-1.8503866,16.18869,-1.0551738,16.059126,-0.2569695,15.746598,0.52120465,15.257164,1.256579,14.6035795,1.9279807,13.804828,2.5170362,12.885268,3.0093431,11.87355,3.3953254,10.801294,3.670911,9.701605,3.8378608,8.607512,3.9037714,7.550447,3.8817787,6.55877,3.7898738,5.656509,3.650019,4.8623204,3.4869561,4.188739,3.3268945,3.641751,3.1960664,3.2207675,3.1193159,2.918872,3.1187124,2.7234507,3.2123194,2.6170774,3.4132001,2.578649,3.7286646,2.584675,4.159857,2.610657,4.7016716,2.6324713,5.3430023,2.627677,6.06734,2.5766904,6.853627,2.4637277,7.677411,2.2775013,8.512085,2.0116186,9.330328,1.6646605,10.105496,1.2399635,10.812971,0.7450927,11.431392,0.19111976,11.943659,-0.4083675,12.3376875,-1.038304,12.606879,-1.6832995,12.750215,-2.3287463,12.772093,-2.961825,12.681826,-3.5724158,12.492856
253,-40,3.1965332,-8.822306,3.6060762,-8.608287,3.997086,-8.364409,4.3756056,-8.108009,4.7506013,-7.8544827,5.133234,-7.6163,5.5359154,-7.402257,5.9712586,-7.2169423,6.450924,-7.060534,6.9845276,-6.9288797,7.5786467,-6.813871,8.235926,-6.7040997,8.954471,-6.5857387,9.727479,-6.443566,10.543173,-6.2621512,11.385047,-6.0270095,12.232411,-5.725744,13.061263,-5.349048,13.845314,-4.891552,14.557291,-4.3524027,15.170291,-3.7355413,15.659195,-3.049747,16.002022,-2.3082983,16.181187,-1.5283871,16.18452,-0.73021674,16.006071,0.06402279,15.646557,0.83140886,15.113527,1.5496128,14.421112,2.198156,13.589482,2.7596695,12.643958,3.220945,11.613865,3.5738163,10.531161,3.8156948,9.428963,3.94986,8.339962,3.9854054,7.2949085,3.9368052,6.321197,3.8232312,5.441653,3.6675625,4.67352,3.4951804,4.027819,3.3325968,3.5089965,3.2060256,3.1149323,3.1399503,2.8373077,3.1557627,2.6622798,3.2705874,2.5714257,3.4963098,2.5429292,3.838914,2.5528917,4.2981334,2.5767162,4.8674245,2.5904922,5.5343,2.5722914,6.281003,2.5032756,7.08541,2.3686144,7.9222198,2.1581147,8.764258,1.8665453,9.583925,1.4936539,10.354566,1.0438945,11.051836,0.5258461,11.654894,-0.04859022,12.147346,-0.6651687,12.51799,-1.3084232,12.761162,-1.9627638,12.876835,-2.6136293,12.870356,-3.248444,12.751898,-3.8574693,12.535646
254,-39,3.452897,-8.965834,3.8680663,-8.739055,4.264271,-8.483152,4.648002,-8.215299,5.0285773,-7.9505634,5.4173684,-7.700971,5.8268256,-7.4747763,6.269417,-7.2760024,6.756468,-7.1042795,7.297087,-6.954985,7.8971915,-6.819667,8.558656,-6.68674,9.27875,-6.542397,10.049839,-6.37166,10.859353,-6.159559,11.690101,-5.892279,12.520889,-5.558289,13.327405,-5.1492853,14.083312,-4.661002,14.761559,-4.093731,15.335751,-3.4525309,15.781524,-2.747205,16.077932,-1.9919077,16.208612,-1.2044945,16.162786,-0.4055793,15.935975,0.3825271,15.530404,1.1370873,14.955071,1.8362658,14.2254305,2.4603703,13.362802,2.9930794,12.393379,3.422445,11.347079,3.741718,10.256135,3.9498162,9.153567,4.0515337,8.071636,4.0574136,7.040363,3.9832554,6.086099,3.8493414,5.230399,3.6794035,4.4890795,3.499381,3.8716247,3.336013,3.3809242,3.2153993,3.0133572,3.1615791,2.759233,3.1951997,2.603526,3.3323698,2.5268853,3.5837584,2.5068493,3.953984,2.5191803,4.4413323,2.5392706,5.0378313,2.5435026,5.729628,2.510516,6.4977326,2.422287,7.3189926,2.2649887,8.16733,2.0295553,9.015061,1.7119397,9.834348,1.3130742,10.598616,0.8385238,11.283853,0.29785132,11.869784,-0.29623017,12.340785,-0.9288719,12.686558,-1.5842324,12.902423,-2.24658,12.989357,-2.9014335,12.953662,-3.536495,12.806368,-4.1424704,12.562387
255,-39,3.7186363,-9.108391,4.138975,-8.867583,4.539856,-8.598429,4.9282165,-8.317923,5.3137155,-8.040804,5.707915,-7.778638,6.1232924,-7.5391545,6.5721464,-7.325813,7.0654597,-7.137726,7.611817,-6.969824,8.216472,-6.813343,8.880535,-6.656558,9.600464,-6.485721,10.367795,-6.286143,11.169212,-6.043335,11.986895,-5.744192,12.799186,-5.3780584,13.581532,-4.9376445,14.307607,-4.419785,14.950645,-3.8258858,15.484794,-3.1621084,15.8865385,-2.4392192,16.135979,-1.6721929,16.218023,-0.87948304,16.123291,-0.0820385,15.848776,0.69778645,15.398199,1.437525,14.781961,2.1158853,14.016808,2.7140503,13.125118,3.2167842,12.133921,3.613466,11.073627,3.8987648,9.976639,4.0731134,8.875818,4.142821,7.8029194,4.119839,6.7871237,4.0212483,5.853709,3.8683848,5.022907,3.6857746,4.3090706,3.4998233,3.7201228,3.3374043,3.257407,3.224428,2.915827,3.1844058,2.6843526,3.2371647,2.5468357,3.3977394,2.4830549,3.6755302,2.4699733,4.073752,2.4831042,4.5892425,2.497898,5.2125793,2.491106,5.9285607,2.4420075,6.717012,2.3334577,7.553797,2.1526673,8.412098,1.8917303,9.263781,1.5478151,10.08087,1.1230414,10.836906,0.6240777,11.50828,0.061439805,12.075349,-0.5513696,12.523309,-1.1989566,12.842792,-1.8651316,13.030135,-2.5340776,13.08732,-3.1914318,13.021639,-3.825214,12.844979,-4.426627,12.572923
256,-38,3.993572,-9.248783,4.41851,-8.992701,4.823438,-8.709096,5.215741,-8.414783,5.6054015,-8.124152,6.004166,-7.8483176,6.4245143,-7.594477,6.8785653,-7.365548,7.3769383,-7.1601386,7.92769,-6.9727645,8.535407,-6.7943788,9.200444,-6.613158,9.918454,-6.415449,10.680184,-6.1868773,11.471611,-5.9134836,12.274314,-5.582885,13.066239,-5.1853223,13.822643,-4.7145214,14.517282,-4.1684074,15.123716,-3.5494838,15.616726,-2.8649638,15.973664,-2.126542,16.175734,-1.3499494,16.209127,-0.55416626,16.065876,0.23959695,15.74445,1.0090201,15.250029,1.731975,14.594404,2.387809,13.795532,2.9586182,12.876817,3.4303226,11.866002,3.7936354,10.793938,4.04469,9.693116,4.185434,8.596139,4.223664,7.534177,4.172724,6.535513,4.0509133,5.6242833,3.8805704,4.8193398,3.6869173,4.1335425,3.4967532,3.5732682,3.337018,3.1383102,3.2333353,2.8221216,3.2086146,2.6123745,3.2817845,2.4918532,3.4667463,2.4395363,3.7715852,2.4318898,4.1980863,2.4442456,4.741612,2.4522004,5.391315,2.4329467,6.130666,2.3664687,6.938323,2.2365522,7.789213,2.0315025,8.655857,1.7446051,9.509734,1.374248,10.322769,0.9237402,11.068715,0.40083858,11.724414,-0.18300319,12.270917,-0.8135389,12.694282,-1.4748541,12.986117,-2.1504762,13.143801,-2.8245432,13.170354,-3.482863,13.07401,-4.1138206,12.867513,-4.709136,12.567135
257,-38,4.2774305,-9.385823,4.706284,-9.113249,5.1145277,-8.814045,5.509979,-8.504815,5.902946,-8.199609,6.3053393,-7.9090776,6.7296247,-7.639892,7.187729,-7.3944464,7.689893,-7.170857,8.243637,-6.963253,8.852884,-6.762343,9.517236,-6.5562305,10.231558,-6.3314033,10.985854,-6.0738215,11.765405,-5.770096,12.551258,-5.408585,13.321002,-4.980435,14.049778,-4.480391,14.711458,-3.907452,15.280023,-3.2652063,15.730911,-2.561851,16.042398,-1.8099824,16.196825,-1.0260173,16.181692,-0.22939476,15.990452,0.5584901,15.62304,1.3154278,15.086074,2.0196967,14.392669,2.6513712,13.561967,3.193502,12.6183,3.6332214,11.590086,3.9625967,10.508503,4.1792555,9.406052,4.286651,8.314995,4.2940445,7.265824,4.2161427,6.285875,4.072405,5.3980613,3.8860967,4.619849,3.6830711,3.9625697,3.4904437,3.4310422,3.335126,3.02352,3.242364,2.7320318,3.2343917,2.543017,3.3291776,2.4382389,3.5394278,2.3959525,3.8718686,2.3922033,4.326832,2.4022205,4.8981986,2.401818,5.573697,2.3687046,6.335498,2.2836423,7.1611347,2.1313949,8.024654,1.9014109,8.8979645,1.5881941,9.752233,1.191361,10.559348,0.715401,11.2933445,0.16914254,11.93159,-0.4350416,12.455868,-1.0822104,12.853146,-1.7559547,13.116044,-2.4395812,13.243012,-3.1172366,13.238107,-3.774944,13.110525,-4.4015093,12.873843,-4.989179,12.545005
