timestamp,rssi,sc0_re,sc0_im,sc1_re,sc1_im,sc2_re,sc2_im,sc3_re,sc3_im,sc4_re,sc4_im,sc5_re,sc5_im,sc6_re,sc6_im,sc7_re,sc7_im,sc8_re,sc8_im,sc9_re,sc9_im,sc10_re,sc10_im,sc11_re,sc11_im,sc12_re,sc12_im,sc13_re,sc13_im,sc14_re,sc14_im,sc15_re,sc15_im,sc16_re,sc16_im,sc17_re,sc17_im,sc18_re,sc18_im,sc19_re,sc19_im,sc20_re,sc20_im,sc21_re,sc21_im,sc22_re,sc22_im,sc23_re,sc23_im,sc24_re,sc24_im,sc25_re,sc25_im,sc26_re,sc26_im,sc27_re,sc27_im,sc28_re,sc28_im,sc29_re,sc29_im,sc30_re,sc30_im,sc31_re,sc31_im,sc32_re,sc32_im,sc33_re,sc33_im,sc34_re,sc34_im,sc35_re,sc35_im,sc36_re,sc36_im,sc37_re,sc37_im,sc38_re,sc38_im,sc39_re,sc39_im,sc40_re,sc40_im,sc41_re,sc41_im,sc42_re,sc42_im,sc43_re,sc43_im,sc44_re,sc44_im,sc45_re,sc45_im,sc46_re,sc46_im,sc47_re,sc47_im,sc48_re,sc48_im,sc49_re,sc49_im,sc50_re,sc50_im,sc51_re,sc51_im,sc52_re,sc52_im,sc53_re,sc53_im,sc54_re,sc54_im,sc55_re,sc55_im,sc56_re,sc56_im,sc57_re,sc57_im,sc58_re,sc58_im,sc59_re,sc59_im,sc60_re,sc60_im,sc61_re,sc61_im,sc62_re,sc62_im,sc63_re,sc63_im
2954971,-64,0,0,40.96,5.12,40.96,5.12,40.96,0,38.4,-2.56,33.27,0,25.6,-10.24,23.03,-12.8,12.79,-10.24,7.67,-12.8,-2.57,-10.25,-10.25,-7.69,-10.25,-5.13,-15.37,-2.57,-20.49,-0.01,-17.93,5.11,-25.6,7.67,-30.72,15.35,-23.04,12.79,-23.04,15.35,-23.04,15.35,-15.36,10.23,-12.8,12.79,-2.56,7.67,2.56,5.12,10.24,2.56,12.8,2.56,0,0,0,0,0,0,0,0,0,0,0,0,0,0,0,0,0,0,0,0,0,0,40.96,10.24,46.08,10.24,43.52,10.24,40.96,15.36,38.4,17.92,25.6,17.92,17.92,17.92,7.68,17.92,-2.56,15.35,-15.36,12.79,-23.04,10.23,-33.28,7.67,-38.4,5.11,-46.08,-0.01,-46.09,-2.57,-46.09,-5.13,-46.09,-5.13,-40.97,-0.01,-35.85,-0.01,-28.17,-0.01,-15.37,-0.01,-5.13,5.11,0,2.56,10.24,7.68,23.04,10.24,28.16,10.24
2954986,-78,0,0,17.92,12.8,17.92,5.12,23.04,0,28.16,-10.24,33.27,-25.6,33.27,-25.6,33.27,-40.96,28.15,-46.08,33.27,-51.2,25.59,-56.32,23.03,-51.2,17.91,-61.44,17.91,-46.08,20.47,-46.08,15.35,-38.4,12.79,-23.04,10.23,-17.92,7.67,-7.68,-0.01,7.67,-12.8,15.35,-15.36,17.91,-28.16,28.15,-28.16,28.15,-38.4,25.59,-38.4,23.03,-43.52,10.23,0,0,0,0,0,0,0,0,0,0,0,0,0,0,0,0,0,0,0,0,0,0,-23.04,-17.93,-20.49,-28.17,-15.37,-35.85,-7.69,-51.21,-0.01,-48.65,7.67,-51.2,15.35,-46.08,20.47,-46.08,17.91,-33.28,15.35,-25.6,10.23,-17.92,10.23,-12.8,-0.01,-5.13,-0.01,5.11,-10.24,7.67,-17.92,15.35,-20.48,17.91,-20.48,25.59,-23.04,30.71,-20.48,35.83,-23.04,35.83,-17.92,40.95,-15.36,35.83,-7.68,35.83,-2.56,38.39,2.56,25.6
2955002,-78,0,0,17.92,12.8,17.92,5.12,23.04,0,28.16,-10.24,33.27,-25.6,33.27,-25.6,33.27,-40.96,28.15,-46.08,33.27,-51.2,25.59,-56.32,23.03,-51.2,17.91,-61.44,17.91,-46.08,20.47,-46.08,15.35,-38.4,12.79,-23.04,10.23,-17.92,7.67,-7.68,-0.01,7.67,-12.8,15.35,-15.36,17.91,-28.16,28.15,-28.16,28.15,-38.4,25.59,-38.4,23.03,-43.52,10.23,0,0,0,0,0,0,0,0,0,0,0,0,0,0,0,0,0,0,0,0,0,0,-23.04,-17.93,-20.49,-28.17,-15.37,-35.85,-7.69,-51.21,-0.01,-48.65,7.67,-51.2,15.35,-46.08,20.47,-46.08,17.91,-33.28,15.35,-25.6,10.23,-17.92,10.23,-12.8,-0.01,-5.13,-0.01,5.11,-10.24,7.67,-17.92,15.35,-20.48,17.91,-20.48,25.59,-23.04,30.71,-20.48,35.83,-23.04,35.83,-17.92,40.95,-15.36,35.83,-7.68,35.83,-2.56,38.39,2.56,25.6
2955006,-80,0,0,28.16,5.12,30.72,-2.56,25.59,-2.56,33.27,-7.68,35.83,-10.24,38.39,-15.36,38.39,-17.92,35.83,-15.36,35.83,-17.92,35.83,-15.36,33.27,-12.8,28.15,-15.36,20.47,-15.36,15.35,-7.68,10.23,-15.36,2.55,-15.36,-0.01,-15.37,-7.69,-15.37,-10.25,-25.61,-10.25,-40.97,-2.57,-38.41,5.11,-40.96,15.35,-46.08,20.47,-46.08,25.59,-35.84,30.71,-25.6,2.55,0,0,0,0,0,0,0,0,0,0,0,0,0,0,0,0,0,0,0,0,0,-5.12,10.23,2.56,12.8,2.56,10.24,5.12,12.8,10.24,20.48,7.68,15.36,10.24,23.04,7.68,23.04,7.68,28.16,5.12,30.72,7.68,25.6,12.8,28.16,7.68,28.16,12.8,25.6,10.24,25.6,15.36,25.6,15.36,25.6,17.92,23.04,17.92,25.6,28.16,20.48,25.6,25.6,30.72,23.04,33.28,23.04,28.16,20.48,30.72,17.92,28.16,10.24
2955073,-64,0,0,35.84,23.04,35.84,20.48,35.84,15.36,33.28,12.8,30.72,7.68,25.6,2.56,20.48,-2.56,15.35,-5.12,7.67,-7.68,-0.01,-5.13,-5.13,-5.13,-10.25,-0.01,-15.37,2.55,-20.48,7.67,-23.04,12.79,-23.04,15.35,-20.48,17.91,-17.92,20.47,-15.36,20.47,-12.8,15.35,-7.68,15.35,-5.12,10.23,0,2.56,5.12,-2.56,12.79,-7.68,15.35,-12.8,2.55,0,0,0,0,0,0,0,0,0,0,0,0,0,0,0,0,0,0,0,0,0,-15.36,40.95,-15.36,40.95,-17.92,40.95,-20.48,40.95,-20.48,35.83,-20.48,30.71,-20.48,20.47,-20.48,12.79,-20.48,2.55,-23.04,-7.69,-17.93,-17.93,-20.49,-25.61,-20.49,-33.29,-20.49,-38.41,-23.05,-40.97,-23.05,-43.53,-20.49,-40.97,-17.93,-38.41,-15.37,-30.73,-12.81,-23.05,-5.13,-12.81,-0.01,-5.13,7.67,2.56,10.24,10.24,17.92,17.92,25.6,20.48
2955088,-76,0,0,2.56,-5.12,23.03,-7.68,5.11,-23.04,-15.37,-10.25,7.67,-20.48,-10.25,-30.73,-15.37,-20.49,-30.73,-33.29,-28.17,-17.93,-30.73,-10.25,-30.73,-28.17,-12.81,-12.81,-23.05,-17.93,-23.05,-20.49,-25.61,-7.69,-20.49,-0.01,-10.25,-0.01,-5.13,2.55,2.56,-7.68,15.35,10.24,17.92,20.48,15.36,10.24,15.36,10.24,15.36,5.12,12.8,25.6,10.24,20.48,0,0,0,0,0,0,0,0,0,0,0,0,0,0,0,0,0,0,0,0,0,0,-28.16,-23.05,-7.69,-25.61,-12.81,-30.73,-15.37,-33.29,5.11,-38.4,17.91,-43.52,-0.01,-20.49,-7.69,-20.49,15.35,-25.6,10.23,-20.48,-0.01,-5.13,-5.13,-12.81,-0.01,5.11,12.8,0,10.24,15.36,-5.12,17.91,-10.24,5.11,2.56,20.48,0,12.8,0,25.6,2.56,20.48,15.36,23.04,10.24,17.92,17.92,23.04,2.56,15.36,10.24,10.24
2955160,-80,0,0,-12.8,30.71,-10.24,33.27,-10.24,33.27,2.56,33.28,0,35.84,2.56,35.84,2.56,33.28,2.56,35.84,0,38.4,0,38.4,10.24,30.72,2.56,25.6,0,17.92,0,12.8,2.56,10.24,12.8,5.12,17.92,-2.56,28.15,-2.56,30.71,0,33.28,0,40.96,12.8,35.84,17.92,33.28,23.04,25.6,28.16,25.6,33.28,5.12,28.16,0,0,0,0,0,0,0,0,0,0,0,0,0,0,0,0,0,0,0,0,0,0,-17.92,2.55,-15.36,7.67,-15.36,5.11,-17.92,2.55,-23.04,2.55,-20.48,7.67,-25.6,5.11,-25.6,7.67,-25.6,7.67,-30.72,2.55,-33.28,5.11,-33.28,5.11,-38.4,7.67,-33.28,7.67,-28.16,10.23,-33.28,12.79,-30.72,12.79,-28.16,17.91,-25.6,10.23,-30.72,20.47,-33.28,23.03,-33.28,25.59,-30.72,23.03,-28.16,25.59,-23.04,25.59,-20.48,33.27
2955293,-78,0,0,-12.8,17.91,-5.12,20.47,0,23.04,12.8,23.04,23.04,20.48,28.16,15.36,33.28,12.8,40.96,12.8,43.52,5.12,53.76,10.24,56.32,10.24,53.76,10.24,53.76,5.12,38.4,2.56,35.84,5.12,25.6,2.56,12.8,5.12,0,10.24,-5.12,12.79,-15.36,5.11,-23.04,-2.57,-20.49,-10.25,-25.61,-17.93,-30.73,-25.61,-30.73,-25.61,-20.49,-25.61,2.55,0,0,0,0,0,0,0,0,0,0,0,0,0,0,0,0,0,0,0,0,0,10.24,-28.16,25.59,-23.04,35.83,-12.8,40.95,-7.68,46.07,0,43.52,2.56,38.4,7.68,40.96,10.24,33.28,7.68,23.04,5.12,15.36,2.56,10.24,0,0,-2.56,-2.57,-2.57,-7.69,-7.69,-10.25,-5.13,-17.93,-15.37,-23.05,-15.37,-28.17,-17.93,-33.29,-15.37,-33.29,-12.81,-35.85,-10.25,-33.29,-0.01,-28.17,-2.57,-28.17,7.67,-30.72,12.79
2955396,-78,0,0,10.24,12.8,20.48,0,20.48,-7.68,23.03,-12.8,23.03,-23.04,25.59,-35.84,20.47,-40.96,20.47,-48.64,17.91,-53.76,15.35,-58.88,10.23,-58.88,10.23,-53.76,7.67,-58.88,12.79,-48.64,12.79,-40.96,10.23,-33.28,10.23,-12.8,10.23,-7.68,10.23,7.68,5.12,15.36,-10.24,23.03,-12.8,33.27,-15.36,33.27,-28.16,35.83,-33.28,33.27,-33.28,25.59,0,0,0,0,0,0,0,0,0,0,0,0,0,0,0,0,0,0,0,0,0,0,-15.36,-28.17,-5.13,-35.85,2.55,-40.96,12.79,-43.52,15.35,-46.08,20.47,-43.52,23.03,-38.4,25.59,-33.28,25.59,-25.6,20.47,-23.04,17.91,-12.8,5.11,-10.24,2.55,-5.12,-5.13,-0.01,-10.25,5.11,-17.92,12.79,-23.04,17.91,-30.72,23.03,-28.16,25.59,-25.6,33.27,-23.04,35.83,-17.92,35.83,-15.36,38.39,-12.8,35.83,-10.24,40.95,5.12,28.16
2955498,-79,0,0,10.24,-17.92,5.11,-20.48,-2.57,-20.49,-15.37,-23.05,-25.61,-17.93,-38.41,-20.49,-46.09,-12.81,-51.21,-10.25,-61.45,-7.69,-61.45,-2.57,-58.89,2.55,-61.44,5.11,-58.88,-2.57,-48.65,-0.01,-43.53,2.55,-33.28,-5.13,-17.93,-5.13,-5.13,-2.57,10.23,-10.24,25.59,-5.12,28.15,0,35.84,2.56,35.84,7.68,46.08,15.36,25.6,20.48,30.72,28.16,0,0,0,0,0,0,0,0,0,0,0,0,0,0,0,0,0,0,0,0,0,0,-30.72,20.47,-38.4,5.11,-46.08,-0.01,-51.21,-0.01,-43.53,-17.93,-48.65,-17.93,-46.09,-17.93,-35.85,-20.49,-30.73,-15.37,-17.93,-17.93,-15.37,-10.25,-7.69,-2.57,-2.57,7.67,-2.56,12.79,7.68,10.24,12.8,15.36,17.92,23.04,25.6,20.48,28.16,17.92,30.72,23.04,35.84,10.24,38.4,12.8,35.84,2.56,35.84,2.56,33.28,0,23.04,-2.56
2955750,-82,0,0,-38.4,12.79,-33.28,5.11,-30.72,-0.01,-28.17,5.11,-23.04,20.47,-30.72,10.23,-25.6,12.79,-12.8,20.47,2.56,20.48,2.56,25.6,2.56,35.84,-7.68,38.39,15.36,35.84,-2.56,43.51,-5.12,51.19,-7.68,43.51,-17.92,43.51,-23.04,25.59,-17.92,20.47,-20.48,15.35,-7.68,7.67,-2.56,10.23,15.36,10.24,20.48,7.68,15.36,15.36,17.92,25.6,0,0,0,0,0,0,0,0,0,0,0,0,0,0,0,0,0,0,0,0,0,0,-17.92,-5.13,-17.93,-5.13,-15.37,-7.69,-17.93,-7.69,-15.37,-7.69,-15.37,-2.57,-15.37,-12.81,-10.25,-12.81,-7.69,-15.37,-20.49,-7.69,-23.05,-20.49,-20.49,-15.37,-25.61,-15.37,-23.05,-17.93,-25.61,-7.69,-23.05,-7.69,-23.05,-5.13,-33.29,-7.69,-28.17,-12.81,-25.61,-10.25,-30.73,-15.37,-35.85,2.55,-38.4,2.55,-53.76,2.55,-40.96,5.11,-46.08,12.79
2956010,-79,0,0,12.8,-20.48,10.23,-20.48,-2.57,-17.93,-15.37,-17.93,-23.05,-17.93,-30.73,-20.49,-38.41,-15.37,-46.09,-15.37,-48.65,-15.37,-56.33,-10.25,-53.77,-7.69,-56.33,-10.25,-53.77,-10.25,-46.09,-12.81,-43.53,-7.69,-25.61,-7.69,-20.49,-7.69,-5.13,-7.69,5.11,-2.56,17.91,-2.56,23.03,2.56,25.6,7.68,28.16,15.36,28.16,17.92,30.72,25.6,23.04,30.72,0,0,0,0,0,0,0,0,0,0,0,0,0,0,0,0,0,0,0,0,0,0,-28.16,12.79,-40.96,10.23,-43.52,-0.01,-35.85,-10.25,-43.53,-17.93,-43.53,-15.37,-35.85,-20.49,-30.73,-20.49,-25.61,-20.49,-15.37,-12.81,-12.81,-12.81,-7.69,-2.57,-7.69,2.55,-2.56,5.11,5.12,10.24,10.24,15.36,12.8,17.92,17.92,15.36,20.48,17.92,28.16,17.92,30.72,15.36,30.72,15.36,33.28,7.68,30.72,7.68,35.84,0,28.16,-7.68
2956112,-79,0,0,-10.24,-17.93,-20.49,-12.81,-20.49,-2.57,-25.61,7.67,-33.28,20.47,-30.72,20.47,-33.28,35.83,-35.84,43.51,-30.72,48.63,-28.16,51.19,-30.72,53.75,-33.28,51.19,-30.72,46.07,-23.04,40.95,-25.6,33.27,-17.92,25.59,-12.8,15.35,-7.68,5.11,-5.12,-7.69,5.11,-17.92,15.35,-20.48,17.91,-23.04,28.15,-25.6,33.27,-23.04,38.39,-17.92,40.95,-10.24,2.55,0,0,0,0,0,0,0,0,0,0,0,0,0,0,0,0,0,0,0,0,0,12.8,30.72,0,38.4,-5.12,43.51,-15.36,43.51,-17.92,43.51,-28.16,40.95,-28.16,35.83,-33.28,23.03,-23.04,25.59,-20.48,23.03,-10.24,10.23,-5.12,15.35,0,5.12,5.12,-2.56,17.91,-7.68,20.47,-7.68,20.47,-12.8,25.59,-17.92,23.03,-17.92,28.15,-28.16,23.03,-33.28,23.03,-35.84,23.03,-38.4,12.79,-33.28,12.79,-30.72,5.11,-30.72
2956184,-81,0,0,-25.6,-43.53,-20.49,-30.73,-12.81,-33.29,-12.81,-30.73,-12.81,-17.93,-17.93,-17.93,-15.37,-10.25,-23.05,-5.13,-20.49,-2.57,-25.61,2.55,-28.16,15.35,-38.4,17.91,-46.08,10.23,-48.64,10.23,-53.76,5.11,-48.64,7.67,-51.2,-12.81,-35.85,-20.49,-30.73,-15.37,-20.49,-7.69,-10.25,-7.69,-5.13,7.67,-10.24,12.79,-7.68,28.15,-17.92,28.15,-28.16,35.83,0,0,0,0,0,0,0,0,0,0,0,0,0,0,0,0,0,0,0,0,0,0,-2.56,-12.81,-2.57,-17.93,2.55,-17.92,7.67,-28.16,7.67,-20.48,12.79,-25.6,15.35,-23.04,15.35,-25.6,10.23,-30.72,10.23,-28.16,15.35,-28.16,10.23,-30.72,7.67,-30.72,12.79,-35.84,5.11,-35.84,5.11,-40.96,5.11,-33.28,7.67,-33.28,-2.57,-38.41,-7.69,-35.85,-10.25,-40.97,-10.25,-33.29,-15.37,-40.97,-7.69,-33.29,-17.93,-40.97,-17.93,-33.29
2956420,-79,0,0,15.36,-10.24,20.47,-12.8,10.23,-30.72,7.67,-30.72,-2.57,-30.73,-10.25,-35.85,-17.93,-38.41,-25.61,-43.53,-35.85,-43.53,-33.29,-43.53,-38.41,-43.53,-35.85,-40.97,-35.85,-40.97,-25.61,-33.29,-23.05,-30.73,-15.37,-30.73,-10.25,-20.49,-0.01,-7.69,2.55,-7.68,7.67,10.24,7.68,23.04,12.8,23.04,7.68,33.28,0,35.84,-2.56,38.39,-12.8,40.95,0,0,0,0,0,0,0,0,0,0,0,0,0,0,0,0,0,0,0,0,0,0,-33.28,12.79,-33.28,5.11,-43.52,-7.69,-38.41,-12.81,-38.41,-23.05,-33.29,-25.61,-28.17,-20.49,-23.05,-23.05,-17.93,-23.05,-15.37,-15.37,-5.13,-10.25,-5.13,-0.01,-5.13,5.11,-2.56,12.79,2.56,7.68,7.68,12.8,10.24,20.48,10.24,23.04,15.36,25.6,17.92,28.16,20.48,33.28,23.04,23.04,23.04,17.92,28.16,15.36,30.72,10.24,28.16,2.56
2956422,-79,0,0,15.36,-10.24,20.47,-12.8,10.23,-30.72,7.67,-30.72,-2.57,-30.73,-10.25,-35.85,-17.93,-38.41,-25.61,-43.53,-35.85,-43.53,-33.29,-43.53,-38.41,-43.53,-35.85,-40.97,-35.85,-40.97,-25.61,-33.29,-23.05,-30.73,-15.37,-30.73,-10.25,-20.49,-0.01,-7.69,2.55,-7.68,7.67,10.24,7.68,23.04,12.8,23.04,7.68,33.28,0,35.84,-2.56,38.39,-12.8,40.95,0,0,0,0,0,0,0,0,0,0,0,0,0,0,0,0,0,0,0,0,0,0,-33.28,12.79,-33.28,5.11,-43.52,-7.69,-38.41,-12.81,-38.41,-23.05,-33.29,-25.61,-28.17,-20.49,-23.05,-23.05,-17.93,-23.05,-15.37,-15.37,-5.13,-10.25,-5.13,-0.01,-5.13,5.11,-2.56,12.79,2.56,7.68,7.68,12.8,10.24,20.48,10.24,23.04,15.36,25.6,17.92,28.16,20.48,33.28,23.04,23.04,23.04,17.92,28.16,15.36,30.72,10.24,28.16,2.56
2956572,-82,0,0,10.24,2.56,2.56,0,5.12,2.56,2.56,2.56,5.12,2.56,2.56,-2.56,5.11,0,2.56,-2.56,5.11,-2.56,2.55,-2.56,7.67,-5.12,5.11,-5.12,7.67,-7.68,7.67,-7.68,7.67,-5.12,7.67,-5.12,7.67,-5.12,7.67,-5.12,7.67,-2.56,5.11,-2.56,5.11,-2.56,2.55,-2.56,-0.01,-0.01,-2.57,-5.13,-0.01,-5.13,2.55,-7.68,2.55,0,0,0,0,0,0,0,0,0,0,0,0,0,0,0,0,0,0,0,0,0,0,-2.56,2.55,7.68,-2.56,2.55,0,2.56,-5.12,7.67,0,5.12,2.56,2.56,-2.56,7.67,0,2.56,2.56,5.12,0,2.56,0,2.56,0,2.56,2.56,2.56,2.56,2.56,5.12,2.56,0,5.12,2.56,2.56,0,2.56,2.56,0,5.12,2.56,2.56,5.12,5.12,2.56,5.12,2.56,5.12,2.56,7.68,2.56
2956576,-79,0,0,-17.92,-17.93,-12.81,-12.81,-23.05,-7.69,-28.17,15.35,-30.72,20.47,-30.72,33.27,-38.4,35.83,-33.28,40.95,-30.72,53.75,-25.6,56.31,-30.72,61.43,-30.72,63.99,-20.48,61.43,-23.04,56.31,-15.36,38.39,-25.6,28.15,-12.8,25.59,-7.68,2.55,-12.8,5.11,-5.12,-12.81,-0.01,-23.05,15.35,-30.72,23.03,-30.72,38.39,-25.6,35.83,-30.72,40.95,-17.92,2.55,0,0,0,0,0,0,0,0,0,0,0,0,0,0,0,0,0,0,0,0,0,7.68,30.72,-7.68,46.07,-12.8,43.51,-20.48,40.95,-30.72,40.95,-33.28,35.83,-30.72,30.71,-33.28,30.71,-28.16,23.03,-25.6,20.47,-17.92,17.91,-7.68,10.23,0,2.56,5.12,-2.56,17.91,-10.24,23.03,-5.12,23.03,-10.24,23.03,-17.92,28.15,-28.16,28.15,-30.72,33.27,-35.84,25.59,-33.28,23.03,-33.28,12.79,-30.72,7.67,-35.84,5.11,-38.4
2956606,-82,0,0,-46.08,12.79,-51.2,20.47,-38.4,25.59,-38.4,23.03,-25.6,20.47,-30.72,17.91,-17.92,17.91,-12.8,28.15,0,25.6,5.12,28.16,0,43.52,7.68,43.52,0,64,0,56.32,-2.56,56.31,-12.8,53.75,-23.04,48.63,-23.04,43.51,-25.6,35.83,-10.24,30.71,-10.24,7.67,5.12,12.8,15.36,2.56,25.6,12.8,33.28,23.04,23.04,38.4,0,0,0,0,0,0,0,0,0,0,0,0,0,0,0,0,0,0,0,0,0,0,-23.04,-2.57,-25.61,-2.57,-20.49,-10.25,-25.61,-7.69,-28.17,-15.37,-25.61,-10.25,-28.17,-15.37,-28.17,-7.69,-23.05,-10.25,-23.05,-10.25,-28.17,-7.69,-30.73,-15.37,-30.73,-10.25,-30.73,-10.25,-35.85,-2.57,-35.85,-2.57,-30.73,-0.01,-35.85,-0.01,-35.85,2.55,-40.96,5.11,-35.84,10.23,-38.4,7.67,-43.52,12.79,-51.2,5.11,-46.08,10.23,-46.08,12.79
2956647,-80,0,0,-12.8,51.19,-10.24,48.63,-10.24,38.39,-12.8,40.95,-5.12,33.27,0,28.16,5.12,23.04,7.68,17.92,15.36,20.48,28.16,23.04,25.6,15.36,38.4,25.6,30.72,25.6,35.84,35.84,30.72,40.96,33.28,40.96,17.92,38.4,10.24,40.96,10.24,33.28,7.68,23.04,2.56,12.8,7.68,2.56,12.8,-5.12,30.71,-7.68,35.83,-2.56,40.95,10.24,0,0,0,0,0,0,0,0,0,0,0,0,0,0,0,0,0,0,0,0,0,0,-5.12,17.91,-10.24,23.03,-12.8,20.47,-10.24,15.35,-20.48,17.91,-23.04,17.91,-25.6,17.91,-20.48,15.35,-25.6,20.47,-28.16,17.91,-28.16,20.47,-25.6,17.91,-23.04,17.91,-28.16,25.59,-20.48,25.59,-23.04,25.59,-17.92,30.71,-25.6,30.71,-23.04,35.83,-17.92,30.71,-20.48,33.27,-12.8,38.39,-15.36,43.51,-12.8,43.51,-7.68,43.51,-7.68,46.07
2956652,-80,0,0,-12.8,51.19,-10.24,48.63,-10.24,38.39,-12.8,40.95,-5.12,33.27,0,28.16,5.12,23.04,7.68,17.92,15.36,20.48,28.16,23.04,25.6,15.36,38.4,25.6,30.72,25.6,35.84,35.84,30.72,40.96,33.28,40.96,17.92,38.4,10.24,40.96,10.24,33.28,7.68,23.04,2.56,12.8,7.68,2.56,12.8,-5.12,30.71,-7.68,35.83,-2.56,40.95,10.24,0,0,0,0,0,0,0,0,0,0,0,0,0,0,0,0,0,0,0,0,0,0,-5.12,17.91,-10.24,23.03,-12.8,20.47,-10.24,15.35,-20.48,17.91,-23.04,17.91,-25.6,17.91,-20.48,15.35,-25.6,20.47,-28.16,17.91,-28.16,20.47,-25.6,17.91,-23.04,17.91,-28.16,25.59,-20.48,25.59,-23.04,25.59,-17.92,30.71,-25.6,30.71,-23.04,35.83,-17.92,30.71,-20.48,33.27,-12.8,38.39,-15.36,43.51,-12.8,43.51,-7.68,43.51,-7.68,46.07
2956728,-78,0,0,-5.12,28.15,5.12,17.92,12.8,10.24,28.16,0,30.72,-2.56,40.95,-7.68,46.07,-17.92,48.63,-20.48,51.19,-28.16,53.75,-30.72,51.19,-30.72,48.63,-30.72,46.07,-28.16,40.95,-25.6,35.83,-17.92,25.59,-12.8,23.03,-7.68,12.79,-2.56,2.55,7.68,-12.8,12.79,-23.04,10.23,-25.6,12.79,-35.84,5.11,-40.96,2.55,-43.52,-7.69,-30.73,-15.37,2.55,0,0,0,0,0,0,0,0,0,0,0,0,0,0,0,0,0,0,0,0,0,-2.56,-30.73,7.67,-35.84,12.79,-40.96,20.47,-40.96,28.15,-33.28,38.39,-35.84,35.83,-28.16,33.27,-23.04,28.15,-17.92,25.59,-15.36,12.79,-10.24,5.11,-10.24,2.55,-2.56,-7.69,-5.13,-10.25,-0.01,-15.37,2.55,-30.72,7.67,-30.72,7.67,-30.72,15.35,-30.72,17.91,-35.84,17.91,-35.84,23.03,-35.84,30.71,-28.16,30.71,-17.92,30.71,-17.92,28.15
2956800,-81,0,0,43.52,-12.8,40.95,-15.36,40.95,-23.04,40.95,-15.36,35.83,-15.36,28.15,-17.92,17.91,-17.92,15.35,-20.48,5.11,-25.6,5.11,-23.04,-2.57,-33.29,-0.01,-40.97,-5.13,-51.21,-2.57,-51.21,10.23,-53.76,12.79,-48.64,12.79,-40.96,28.15,-38.4,20.47,-23.04,17.91,-20.48,7.67,-12.8,5.11,-5.12,-10.25,-2.57,-17.93,-10.25,-20.49,-17.93,-20.49,-33.29,2.55,0,0,0,0,0,0,0,0,0,0,0,0,0,0,0,0,0,0,0,0,0,17.92,0,23.04,0,17.92,7.68,23.04,7.68,20.48,10.24,30.72,7.68,23.04,0,23.04,15.36,23.04,12.8,28.16,12.8,25.6,10.24,30.72,15.36,30.72,10.24,33.28,10.24,30.72,7.68,35.84,2.56,33.28,5.12,35.84,5.12,38.4,2.56,35.84,0,38.4,-7.68,38.39,-5.12,43.51,-10.24,43.51,-7.68,43.51,-10.24,46.07,-12.8
2956805,-67,0,0,-25.6,-15.37,-20.49,-10.25,-25.61,-0.01,-15.37,2.55,-15.36,17.91,-12.8,17.91,-12.8,25.59,-7.68,30.71,-2.56,28.15,0,28.16,5.12,23.04,7.68,20.48,7.68,23.04,15.36,7.68,12.8,5.12,15.36,0,15.36,-2.56,15.35,-7.68,12.79,-10.24,10.23,-12.8,7.67,-17.92,7.67,-17.92,5.11,-20.48,5.11,-20.48,2.55,-17.92,2.55,-15.36,2.55,0,0,0,0,0,0,0,0,0,0,0,0,0,0,0,0,0,0,0,0,0,2.56,-33.28,10.23,-25.6,17.91,-15.36,23.03,-5.12,20.47,5.12,20.48,20.48,20.48,28.16,20.48,35.84,17.92,40.96,15.36,43.52,12.8,46.08,7.68,40.96,5.12,35.84,2.56,25.6,-2.56,17.91,-5.12,5.11,-7.68,-5.13,-10.25,-12.81,-12.81,-25.61,-12.81,-33.29,-15.37,-38.41,-15.37,-46.09,-17.93,-43.53,-25.61,-48.65,-23.05,-33.29,-25.61,-40.97
2956834,-66,0,0,-30.72,-23.05,-28.17,-20.49,-17.93,2.55,-25.6,-0.01,-15.37,15.35,-10.24,20.47,-12.8,33.27,-7.68,30.71,-2.56,30.71,2.56,33.28,5.12,23.04,15.36,20.48,10.24,17.92,12.8,10.24,10.24,2.56,17.92,2.56,12.8,-5.12,15.35,-10.24,12.79,-15.36,10.23,-12.8,7.67,-20.48,5.11,-20.48,2.55,-23.04,2.55,-23.04,2.55,-20.48,-0.01,-15.37,2.55,0,0,0,0,0,0,0,0,0,0,0,0,0,0,0,0,0,0,0,0,0,7.68,-38.4,12.79,-25.6,17.91,-15.36,20.47,-2.56,25.59,7.68,23.04,20.48,23.04,33.28,17.92,40.96,17.92,43.52,15.36,48.64,12.8,48.64,7.68,46.08,5.12,38.4,0,28.16,-5.12,17.91,-5.12,7.67,-10.24,-2.57,-10.25,-20.49,-15.37,-23.05,-15.37,-35.85,-23.05,-38.41,-23.05,-46.09,-28.17,-51.21,-23.05,-51.21,-30.73,-48.65,-28.17,-38.41
2956853,-67,0,0,15.36,-35.84,7.67,-33.28,-0.01,-25.61,-7.69,-20.49,-15.37,-15.37,-23.05,-7.69,-28.17,-5.13,-28.17,-0.01,-30.73,2.55,-30.72,7.67,-25.6,12.79,-23.04,12.79,-17.92,17.91,-12.8,17.91,-7.68,17.91,-2.56,17.91,2.56,15.36,5.12,12.8,10.24,7.68,12.8,7.68,15.36,5.12,17.92,2.56,17.92,2.56,20.48,2.56,17.92,2.56,15.36,2.56,0,0,0,0,0,0,0,0,0,0,0,0,0,0,0,0,0,0,0,0,0,0,33.28,-12.8,28.15,-2.56,20.47,7.68,7.68,15.36,-2.56,25.59,-10.24,30.71,-20.48,35.83,-28.16,38.39,-35.84,35.83,-38.4,35.83,-40.96,30.71,-40.96,25.59,-35.84,20.47,-28.16,12.79,-17.92,5.11,-7.68,-0.01,5.11,-10.24,12.79,-17.92,23.03,-23.04,30.71,-28.16,35.83,-33.28,43.51,-33.28,43.51,-38.4,43.51,-38.4,38.39,-40.96,33.27,-38.4
2956872,-67,0,0,15.36,-35.84,7.67,-33.28,-0.01,-25.61,-7.69,-20.49,-15.37,-15.37,-23.05,-7.69,-28.17,-5.13,-28.17,-0.01,-30.73,2.55,-30.72,7.67,-25.6,12.79,-23.04,12.79,-17.92,17.91,-12.8,17.91,-7.68,17.91,-2.56,17.91,2.56,15.36,5.12,12.8,10.24,7.68,12.8,7.68,15.36,5.12,17.92,2.56,17.92,2.56,20.48,2.56,17.92,2.56,15.36,2.56,0,0,0,0,0,0,0,0,0,0,0,0,0,0,0,0,0,0,0,0,0,0,33.28,-12.8,28.15,-2.56,20.47,7.68,7.68,15.36,-2.56,25.59,-10.24,30.71,-20.48,35.83,-28.16,38.39,-35.84,35.83,-38.4,35.83,-40.96,30.71,-40.96,25.59,-35.84,20.47,-28.16,12.79,-17.92,5.11,-7.68,-0.01,5.11,-10.24,12.79,-17.92,23.03,-23.04,30.71,-28.16,35.83,-33.28,43.51,-33.28,43.51,-38.4,43.51,-38.4,38.39,-40.96,33.27,-38.4
2956916,-65,0,0,43.52,-15.36,33.27,-20.48,20.47,-17.92,7.67,-15.36,-5.13,-15.37,-15.37,-12.81,-23.05,-12.81,-28.17,-12.81,-33.29,-10.25,-35.85,-7.69,-38.41,-5.13,-33.29,-2.57,-33.29,-0.01,-28.17,-0.01,-23.05,2.55,-17.92,2.55,-15.36,5.11,-5.12,5.11,0,2.56,7.68,5.12,12.8,5.12,15.36,7.68,17.92,10.24,17.92,10.24,17.92,10.24,15.36,12.8,0,0,0,0,0,0,0,0,0,0,0,0,0,0,0,0,0,0,0,0,0,0,28.16,-2.56,20.47,5.12,5.12,12.8,-5.12,20.47,-20.48,25.59,-30.72,28.15,-40.96,28.15,-51.2,28.15,-56.32,25.59,-58.88,25.59,-58.88,20.47,-53.76,17.91,-46.08,12.79,-35.84,10.23,-23.04,7.67,-10.24,5.11,2.56,0,15.36,-5.12,30.71,-5.12,43.51,-7.68,53.75,-10.24,61.43,-10.24,66.55,-12.8,71.67,-12.8,69.11,-15.36,63.99,-15.36
2957077,-64,0,0,5.12,-40.96,2.55,-30.72,-7.69,-17.93,-15.37,-10.25,-20.49,-0.01,-30.73,5.11,-38.4,10.23,-43.52,15.35,-40.96,23.03,-40.96,23.03,-33.28,20.47,-30.72,25.59,-28.16,25.59,-17.92,28.15,-15.36,23.03,-7.68,20.47,0,12.8,0,12.8,7.68,5.12,15.36,2.56,17.92,2.56,23.04,0,23.04,0,17.92,-2.56,23.03,-7.68,23.03,-2.56,2.55,0,0,0,0,0,0,0,0,0,0,0,0,0,0,0,0,0,0,0,0,0,20.48,-23.04,20.47,-10.24,17.91,0,12.8,12.8,5.12,23.04,0,33.28,-7.68,40.95,-12.8,43.51,-17.92,46.07,-23.04,46.07,-23.04,43.51,-23.04,35.83,-23.04,28.15,-17.92,17.91,-12.8,7.67,-5.12,-2.57,2.55,-17.92,10.23,-28.16,15.35,-35.84,20.47,-43.52,25.59,-51.2,30.71,-56.32,30.71,-58.88,33.27,-58.88,28.15,-58.88,23.03,-51.2
2957082,-64,0,0,-30.72,28.15,-15.36,25.59,-2.56,20.47,10.24,20.48,20.48,15.36,28.16,10.24,38.4,10.24,40.96,10.24,43.52,7.68,40.96,2.56,40.96,2.56,38.4,-2.56,40.95,-7.68,30.71,-7.68,23.03,-10.24,17.91,-10.24,12.79,-12.8,2.55,-15.36,-5.13,-15.37,-10.25,-10.25,-12.81,-10.25,-17.93,-12.81,-20.49,-17.93,-23.05,-12.81,-20.49,-10.25,-12.81,-12.81,2.55,0,0,0,0,0,0,0,0,0,0,0,0,0,0,0,0,0,0,0,0,0,-30.72,10.23,-23.04,2.55,-15.36,-7.69,-2.57,-15.37,7.67,-25.6,15.35,-30.72,23.03,-33.28,30.71,-35.84,38.39,-33.28,40.95,-30.72,40.95,-25.6,38.39,-20.48,33.27,-12.8,23.03,-7.68,15.35,-2.56,2.55,5.12,-10.24,15.35,-20.48,20.47,-30.72,23.03,-40.96,30.71,-48.64,33.27,-56.32,33.27,-56.32,33.27,-58.88,33.27,-56.32,35.83,-48.64,33.27
2957111,-81,0,0,38.4,2.56,46.08,7.68,40.96,0,35.84,2.56,28.16,-5.12,28.15,2.56,25.6,-2.56,25.59,-7.68,23.03,-17.92,17.91,-23.04,20.47,-28.16,20.47,-35.84,23.03,-35.84,30.71,-40.96,33.27,-40.96,40.95,-33.28,46.07,-25.6,38.39,-17.92,33.27,-12.8,25.59,-5.12,15.35,-7.68,5.11,-12.8,-0.01,-15.37,-0.01,-25.61,-2.57,-38.41,-0.01,-38.41,2.55,0,0,0,0,0,0,0,0,0,0,0,0,0,0,0,0,0,0,0,0,0,20.48,5.12,17.92,12.8,17.92,17.92,15.36,20.48,17.92,15.36,15.36,25.6,17.92,20.48,15.36,20.48,15.36,30.72,7.68,23.04,12.8,20.48,15.36,23.04,17.92,20.48,20.48,17.92,23.04,17.92,23.04,28.16,28.16,23.04,28.16,23.04,30.72,23.04,33.28,17.92,33.28,12.8,38.4,10.24,43.52,10.24,33.28,12.8,43.52,12.8,38.4,10.24
2957130,-65,0,0,-40.96,-2.57,-28.17,7.67,-20.48,15.35,-7.68,23.03,-2.56,30.71,5.12,30.72,12.8,38.4,15.36,38.4,20.48,38.4,23.04,35.84,25.6,30.72,23.04,25.6,25.6,20.48,23.04,15.36,20.48,10.24,17.92,5.12,15.36,-2.56,12.79,-7.68,7.67,-12.8,5.11,-15.36,-0.01,-17.93,-0.01,-20.49,-0.01,-23.05,-2.57,-23.05,-2.57,-23.05,-2.57,-20.49,2.55,0,0,0,0,0,0,0,0,0,0,0,0,0,0,0,0,0,0,0,0,0,-30.72,-12.81,-15.37,-15.37,-2.57,-15.37,10.23,-17.92,25.59,-12.8,35.83,-7.68,40.95,-2.56,48.63,2.56,48.64,7.68,48.64,10.24,46.08,15.36,40.96,15.36,30.72,15.36,20.48,12.8,7.68,7.68,-2.56,7.67,-15.36,2.55,-25.6,-2.57,-38.41,-7.69,-46.09,-12.81,-53.77,-15.37,-58.89,-23.05,-61.45,-20.49,-61.45,-23.05,-61.45,-17.93,-53.77,-15.37
2957159,-79,0,0,5.12,-20.48,2.55,-20.48,-17.93,-15.37,-23.05,-10.25,-30.73,-7.69,-38.41,-2.57,-46.09,2.55,-53.76,10.23,-58.88,10.23,-61.44,17.91,-58.88,20.47,-56.32,17.91,-53.76,23.03,-48.64,15.35,-43.52,12.79,-30.72,5.11,-20.48,-0.01,-12.81,-2.57,7.67,-12.8,15.35,-10.24,28.15,-7.68,33.27,-10.24,40.95,-2.56,40.95,5.12,40.96,10.24,35.84,17.92,0,0,0,0,0,0,0,0,0,0,0,0,0,0,0,0,0,0,0,0,0,0,-20.48,25.59,-25.6,25.59,-35.84,23.03,-43.52,15.35,-48.64,12.79,-46.08,10.23,-46.08,2.55,-43.52,-0.01,-28.17,-2.57,-28.17,2.55,-20.48,2.55,-10.24,2.55,-10.24,2.55,0,2.56,7.68,10.24,15.36,5.12,23.04,5.12,30.72,5.12,33.28,7.68,35.84,-5.12,40.95,-2.56,40.95,-5.12,33.27,-10.24,35.83,-17.92,30.71,-23.04,25.59,-15.36
2957092,-64,0,0,-30.72,28.15,-15.36,25.59,-2.56,20.47,10.24,20.48,20.48,15.36,28.16,10.24,38.4,10.24,40.96,10.24,43.52,7.68,40.96,2.56,40.96,2.56,38.4,-2.56,40.95,-7.68,30.71,-7.68,23.03,-10.24,17.91,-10.24,12.79,-12.8,2.55,-15.36,-5.13,-15.37,-10.25,-10.25,-12.81,-10.25,-17.93,-12.81,-20.49,-17.93,-23.05,-12.81,-20.49,-10.25,-12.81,-12.81,2.55,0,0,0,0,0,0,0,0,0,0,0,0,0,0,0,0,0,0,0,0,0,-30.72,10.23,-23.04,2.55,-15.36,-7.69,-2.57,-15.37,7.67,-25.6,15.35,-30.72,23.03,-33.28,30.71,-35.84,38.39,-33.28,40.95,-30.72,40.95,-25.6,38.39,-20.48,33.27,-12.8,23.03,-7.68,15.35,-2.56,2.55,5.12,-10.24,15.35,-20.48,20.47,-30.72,23.03,-40.96,30.71,-48.64,33.27,-56.32,33.27,-56.32,33.27,-58.88,33.27,-56.32,35.83,-48.64,33.27
2957223,-64,0,0,20.48,-40.96,15.35,-35.84,2.55,-30.72,-7.69,-23.05,-17.93,-20.49,-25.61,-17.93,-33.29,-17.93,-35.85,-17.93,-38.41,-15.37,-38.41,-12.81,-38.41,-10.25,-35.85,-7.69,-33.29,-7.69,-30.73,-2.57,-25.61,-0.01,-23.05,5.11,-17.92,7.67,-12.8,10.23,-10.24,15.35,-5.12,17.91,-2.56,23.03,-2.56,23.03,0,25.6,0,25.6,-2.56,28.15,-5.12,25.59,0,0,0,0,0,0,0,0,0,0,0,0,0,0,0,0,0,0,0,0,0,0,-17.92,-12.81,-5.13,-12.81,5.11,-7.68,15.35,0,20.48,7.68,25.6,15.36,28.16,25.6,28.16,33.28,25.6,38.4,20.48,43.52,17.92,43.52,12.8,40.96,7.68,33.28,5.12,25.6,2.56,15.36,2.56,5.12,2.56,-10.24,7.67,-20.48,12.79,-33.28,17.91,-43.52,23.03,-51.2,28.15,-56.32,30.71,-58.88,35.83,-61.44,35.83,-58.88,35.83,-53.76
2957326,-63,0,0,20.48,-12.8,12.79,-17.92,5.11,-17.92,-0.01,-15.37,-5.13,-17.93,-12.81,-20.49,-15.37,-20.49,-17.93,-20.49,-20.49,-23.05,-17.93,-23.05,-20.49,-17.93,-17.93,-17.93,-15.37,-12.81,-15.37,-7.69,-12.81,-5.13,-10.25,-2.57,-10.25,7.67,-7.68,12.79,-5.12,15.35,0,15.36,-5.12,23.03,-2.56,23.03,-2.56,25.59,-2.56,25.59,-2.56,23.03,-2.56,17.91,0,0,0,0,0,0,0,0,0,0,0,0,0,0,0,0,0,0,0,0,0,0,7.68,-15.36,10.23,-2.56,12.79,7.68,7.68,15.36,5.12,25.6,2.56,23.04,-5.12,30.71,-10.24,28.15,-15.36,30.71,-15.36,30.71,-20.48,30.71,-17.92,25.59,-15.36,15.35,-10.24,12.79,2.56,2.56,7.68,-7.68,12.79,-10.24,28.15,-12.8,30.71,-12.8,33.27,-15.36,35.83,-12.8,43.51,-15.36,43.51,-15.36,51.19,-15.36,48.63,-15.36,38.39,-10.24
2957330,-63,0,0,-30.72,5.11,-23.04,10.23,-12.8,15.35,-5.12,20.47,2.56,25.6,7.68,28.16,10.24,33.28,12.8,33.28,15.36,33.28,12.8,30.72,12.8,33.28,17.92,17.92,12.8,23.04,20.48,12.8,12.8,10.24,10.24,2.56,7.68,-2.56,10.23,-7.68,10.23,-15.36,7.67,-17.92,7.67,-23.04,10.23,-25.6,7.67,-25.6,7.67,-25.6,7.67,-25.6,7.67,-23.04,2.55,0,0,0,0,0,0,0,0,0,0,0,0,0,0,0,0,0,0,0,0,0,-15.36,7.67,-12.8,-0.01,-5.13,-10.25,-0.01,-17.93,7.67,-28.16,15.35,-30.72,23.03,-30.72,28.15,-30.72,30.71,-28.16,33.27,-25.6,33.27,-20.48,28.15,-15.36,20.47,-10.24,10.23,-7.68,2.55,-2.56,-7.69,-0.01,-17.93,2.55,-30.72,2.55,-38.4,2.55,-46.08,2.55,-53.76,-0.01,-53.77,-2.57,-53.77,-2.57,-53.77,-2.57,-51.21,-2.57,-43.53,-2.57
2957359,-64,0,0,-15.36,-25.61,-12.81,-15.37,-15.37,-5.13,-17.93,5.11,-23.04,15.35,-25.6,20.47,-28.16,25.59,-30.72,25.59,-25.6,28.15,-28.16,30.71,-23.04,28.15,-12.8,23.03,-17.92,35.83,-2.56,5.11,-2.56,17.91,0,10.24,5.12,7.68,10.24,5.12,15.36,0,17.92,-2.56,23.03,-2.56,28.15,-5.12,28.15,-5.12,28.15,-5.12,25.59,-5.12,23.03,-2.56,2.55,0,0,0,0,0,0,0,0,0,0,0,0,0,0,0,0,0,0,0,0,0,-10.24,-10.25,-0.01,-10.25,10.23,-12.8,20.47,-7.68,28.15,-2.56,33.27,2.56,35.84,10.24,35.84,15.36,33.28,20.48,30.72,20.48,28.16,20.48,20.48,17.92,15.36,15.36,7.68,7.68,2.56,0,-2.56,-7.69,-5.13,-15.37,-10.25,-28.17,-12.81,-33.29,-12.81,-43.53,-15.37,-48.65,-12.81,-53.77,-12.81,-53.77,-12.81,-53.77,-12.81,-51.21,-12.81,-43.53
2957413,-80,0,0,20.48,35.84,20.48,46.08,23.04,35.84,20.48,38.4,12.8,28.16,23.04,12.8,23.04,12.8,28.16,7.68,30.72,7.68,33.28,5.12,43.52,2.56,43.52,-7.68,53.75,-12.8,56.31,-5.12,56.31,2.56,48.64,12.8,46.08,12.8,43.52,15.36,28.16,17.92,17.92,15.36,15.36,5.12,7.68,-5.12,15.35,-15.36,20.47,-25.6,30.71,-23.04,46.07,-20.48,2.55,0,0,0,0,0,0,0,0,0,0,0,0,0,0,0,0,0,0,0,0,0,0,17.92,-2.56,23.03,2.56,20.48,-2.56,33.27,-5.12,28.15,-10.24,30.71,-12.8,40.95,-7.68,30.71,-17.92,38.39,-12.8,30.71,-10.24,33.27,-10.24,38.39,-2.56,33.27,-5.12,30.71,0,33.28,0,35.84,0,43.52,5.12,46.08,5.12,43.52,10.24,43.52,10.24,43.52,12.8,43.52,7.68,43.52,20.48,40.96,15.36,46.08,17.92,43.52
2957428,-65,0,0,-15.36,30.71,-5.12,20.47,5.12,7.68,12.8,-5.12,17.91,-15.36,17.91,-23.04,20.47,-30.72,17.91,-33.28,12.79,-38.4,10.23,-35.84,5.11,-38.4,-0.01,-30.73,-2.57,-25.61,-5.13,-20.49,-5.13,-12.81,-5.13,-5.13,-2.57,-0.01,2.55,2.56,5.12,7.68,10.24,10.24,10.24,12.8,17.92,15.36,17.92,15.36,20.48,12.8,17.92,10.24,17.92,10.24,0,0,0,0,0,0,0,0,0,0,0,0,0,0,0,0,0,0,0,0,0,0,-5.12,-33.29,5.11,-28.16,12.79,-23.04,23.03,-15.36,30.71,-7.68,38.39,-2.56,43.51,0,43.52,5.12,46.08,7.68,46.08,10.24,43.52,10.24,33.28,10.24,28.16,12.8,17.92,12.8,7.68,12.8,-5.12,15.35,-15.36,20.47,-28.16,23.03,-35.84,28.15,-40.96,35.83,-48.64,38.39,-51.2,43.51,-53.76,46.07,-51.2,48.63,-43.52,48.63,-35.84,43.51
2957447,-79,0,0,-15.36,-12.81,-20.49,-2.57,-10.25,5.11,-15.36,17.91,-12.8,28.15,-7.68,35.83,-5.12,46.07,-5.12,53.75,2.56,56.32,2.56,58.88,5.12,58.88,5.12,56.32,2.56,46.08,0,46.08,0,43.52,0,25.6,-10.24,20.47,-10.24,12.79,-7.68,-0.01,-10.25,-12.81,-7.69,-12.81,-0.01,-25.61,10.23,-30.72,15.35,-33.28,20.47,-33.28,23.03,-30.72,2.55,0,0,0,0,0,0,0,0,0,0,0,0,0,0,0,0,0,0,0,0,0,25.6,20.48,20.48,33.28,12.8,40.96,7.68,38.4,0,43.52,-5.12,46.07,-10.24,46.07,-7.68,40.95,-2.56,28.15,-10.24,30.71,0,15.36,-2.56,10.23,-2.56,7.67,5.12,-2.56,10.23,-10.24,10.23,-10.24,10.23,-25.6,7.67,-25.6,7.67,-25.6,7.67,-40.96,7.67,-35.84,-2.57,-35.85,-2.57,-40.97,-5.13,-35.85,-10.25,-33.29,-15.37,-23.05
2957515,-80,0,0,40.96,-15.36,48.63,-20.48,46.07,-20.48,40.95,-15.36,33.27,-20.48,25.59,-20.48,20.47,-28.16,15.35,-23.04,10.23,-28.16,12.79,-30.72,5.11,-40.96,7.67,-43.52,12.79,-48.64,15.35,-56.32,23.03,-51.2,23.03,-46.08,28.15,-30.72,30.71,-33.28,25.59,-25.6,17.91,-15.36,12.79,-10.24,7.67,-10.24,-5.13,-15.37,-10.25,-25.61,-10.25,-38.41,-5.13,-46.09,2.55,0,0,0,0,0,0,0,0,0,0,0,0,0,0,0,0,0,0,0,0,0,17.92,-7.68,23.03,-15.36,25.59,-12.8,28.15,-5.12,33.27,7.68,28.16,0,35.84,2.56,30.72,2.56,30.72,12.8,23.04,10.24,28.16,2.56,30.72,2.56,30.72,-2.56,35.83,-5.12,35.83,0,38.4,-5.12,38.39,-2.56,43.51,-2.56,43.51,-7.68,43.51,-7.68,46.07,-7.68,46.07,-10.24,46.07,-15.36,46.07,-12.8,46.07,-15.36,40.95,-20.48
2957531,-65,0,0,10.24,-10.24,5.11,-10.24,-5.13,-0.01,-12.81,5.11,-20.48,10.23,-25.6,15.35,-25.6,23.03,-25.6,25.59,-23.04,28.15,-15.36,30.71,-10.24,30.71,-5.12,25.59,-2.56,23.03,2.56,12.8,2.56,10.24,2.56,2.56,2.56,-5.12,-0.01,-5.13,-2.57,-10.25,-5.13,-15.37,-10.25,-15.37,-12.81,-17.93,-12.81,-15.37,-15.37,-15.37,-12.81,-12.81,-12.81,-10.25,2.55,0,0,0,0,0,0,0,0,0,0,0,0,0,0,0,0,0,0,0,0,0,-28.16,15.35,-25.6,7.67,-23.04,-0.01,-17.93,-7.69,-15.37,-17.93,-15.37,-23.05,-12.81,-28.17,-12.81,-33.29,-10.25,-35.85,-10.25,-35.85,-7.69,-35.85,-2.57,-30.73,-0.01,-25.61,7.67,-23.04,10.23,-17.92,17.91,-10.24,25.59,-7.68,35.83,-5.12,40.95,-2.56,48.63,0,48.64,-2.56,56.31,-2.56,53.75,-5.12,51.19,-7.68,46.07,-10.24,35.83,-10.24
2957549,-78,0,0,-20.48,7.67,-10.24,23.03,0,15.36,10.24,23.04,20.48,25.6,30.72,17.92,40.96,20.48,46.08,17.92,43.52,12.8,51.2,12.8,56.32,7.68,51.2,12.8,46.08,10.24,40.96,10.24,30.72,7.68,28.16,10.24,20.48,12.8,7.68,12.8,-5.12,7.67,-12.8,7.67,-25.6,-5.13,-25.61,-10.25,-23.05,-15.37,-23.05,-23.05,-17.93,-23.05,-15.37,-35.85,2.55,0,0,0,0,0,0,0,0,0,0,0,0,0,0,0,0,0,0,0,0,0,28.16,-20.48,40.95,-7.68,38.39,-10.24,48.63,-7.68,33.27,0,35.84,12.8,33.28,17.92,23.04,17.92,17.92,12.8,23.04,10.24,10.24,10.24,7.68,5.12,-2.56,-0.01,7.67,-7.68,-2.57,-10.25,-12.81,-15.37,-23.05,-10.25,-23.05,-25.61,-30.73,-20.49,-23.05,-15.37,-33.29,-20.49,-30.73,-10.25,-30.73,-0.01,-28.17,5.11,-28.16,-0.01,-25.61,12.79
2957577,-64,0,0,12.8,-5.12,5.11,-12.8,-5.13,-12.81,-15.37,-15.37,-25.61,-17.93,-30.73,-15.37,-33.29,-17.93,-35.85,-15.37,-33.29,-10.25,-33.29,-7.69,-28.17,-2.57,-23.05,-0.01,-17.93,2.55,-12.8,5.11,-7.68,5.11,0,2.56,5.12,2.56,10.24,0,15.36,-2.56,20.47,-5.12,25.59,-7.68,25.59,-7.68,25.59,-7.68,23.03,-10.24,20.47,-10.24,17.91,-10.24,2.55,0,0,0,0,0,0,0,0,0,0,0,0,0,0,0,0,0,0,0,0,0,-17.92,17.91,-20.48,10.23,-23.04,2.55,-25.6,-5.13,-23.05,-12.81,-23.05,-20.49,-23.05,-25.61,-20.49,-28.17,-17.93,-28.17,-12.81,-28.17,-10.25,-25.61,-5.13,-20.49,2.55,-17.92,7.67,-10.24,12.79,-2.56,20.47,5.12,28.16,10.24,33.28,15.36,40.96,20.48,43.52,23.04,48.64,25.6,48.64,25.6,48.64,23.04,46.08,17.92,40.96,12.8,30.72,7.68
2957735,-64,0,0,-28.16,-5.13,-20.49,7.67,-20.48,17.91,-20.48,25.59,-15.36,35.83,-15.36,40.95,-12.8,43.51,-12.8,46.07,-10.24,43.51,-7.68,40.95,-2.56,35.83,2.56,28.16,5.12,25.6,10.24,20.48,12.8,15.36,15.36,10.24,17.92,2.56,17.92,0,17.92,-7.68,23.03,-10.24,23.03,-15.36,25.59,-17.92,23.03,-20.48,23.03,-20.48,20.47,-20.48,17.91,-20.48,2.55,0,0,0,0,0,0,0,0,0,0,0,0,0,0,0,0,0,0,0,0,0,-17.92,-12.81,-5.13,-15.37,5.11,-20.48,15.35,-20.48,28.15,-17.92,33.27,-12.8,38.39,-5.12,40.95,-2.56,40.95,5.12,38.4,7.68,30.72,10.24,23.04,10.24,12.8,10.24,0,5.12,-7.68,2.55,-17.92,-5.13,-25.61,-12.81,-30.73,-20.49,-38.41,-25.61,-40.97,-33.29,-46.09,-35.85,-43.53,-40.97,-40.97,-40.97,-40.97,-38.41,-38.41,-33.29,-33.29,-25.61
2957823,-80,0,0,-10.24,46.07,-17.92,38.39,-7.68,43.51,-2.56,35.83,-5.12,35.83,0,25.6,2.56,28.16,5.12,20.48,20.48,20.48,20.48,25.6,25.6,28.16,30.72,23.04,46.08,28.16,30.72,30.72,33.28,38.4,30.72,40.96,20.48,38.4,15.36,33.28,7.68,28.16,7.68,15.36,5.12,10.24,10.24,7.68,17.92,-5.12,25.59,0,33.28,5.12,38.4,15.36,0,0,0,0,0,0,0,0,0,0,0,0,0,0,0,0,0,0,0,0,0,0,-5.12,20.47,-10.24,30.71,-5.12,20.47,-17.92,30.71,-20.48,28.15,-28.16,23.03,-28.16,20.47,-30.72,25.59,-30.72,17.91,-25.6,17.91,-28.16,17.91,-25.6,28.15,-20.48,20.47,-17.92,25.59,-15.36,25.59,-17.92,35.83,-25.6,33.27,-17.92,38.39,-23.04,38.39,-15.36,35.83,-23.04,43.51,-15.36,38.39,-15.36,43.51,-15.36,43.51,-5.12,38.39,-5.12,46.07
2957828,-64,0,0,-17.92,23.03,-5.12,23.03,7.68,20.48,17.92,20.48,25.6,20.48,33.28,20.48,40.96,20.48,40.96,17.92,40.96,15.36,38.4,10.24,35.84,5.12,30.72,2.56,25.6,-5.12,23.03,-7.68,17.91,-12.8,12.79,-15.36,7.67,-17.92,-0.01,-15.37,-5.13,-17.93,-10.25,-17.93,-15.37,-17.93,-15.37,-17.93,-17.93,-17.93,-17.93,-17.93,-17.93,-15.37,-15.37,-12.81,2.55,0,0,0,0,0,0,0,0,0,0,0,0,0,0,0,0,0,0,0,0,0,-25.6,5.11,-20.48,-2.57,-12.81,-12.81,-5.13,-20.49,5.11,-30.72,12.79,-33.28,17.91,-33.28,25.59,-33.28,30.71,-30.72,33.27,-28.16,30.71,-23.04,28.15,-15.36,23.03,-7.68,12.79,0,2.56,5.12,-7.68,12.79,-20.48,17.91,-30.72,25.59,-38.4,25.59,-46.08,28.15,-53.76,30.71,-58.88,28.15,-56.32,28.15,-56.32,28.15,-51.2,28.15,-40.96,25.59
2957856,-64,0,0,23.04,12.8,17.92,-2.56,20.47,-15.36,17.91,-25.6,15.35,-35.84,12.79,-40.96,12.79,-43.52,12.79,-46.08,10.23,-43.52,5.11,-40.96,2.55,-38.4,-2.57,-30.73,-7.69,-25.61,-10.25,-20.49,-10.25,-12.81,-15.37,-7.69,-15.37,-0.01,-17.93,2.55,-17.92,7.67,-20.48,12.79,-20.48,17.91,-20.48,20.47,-17.92,20.47,-17.92,23.03,-15.36,23.03,-12.8,20.47,0,0,0,0,0,0,0,0,0,0,0,0,0,0,0,0,0,0,0,0,0,0,12.8,20.48,2.56,17.92,-7.68,17.91,-20.48,12.79,-28.16,7.67,-35.84,2.55,-35.84,-5.13,-35.85,-10.25,-35.85,-17.93,-33.29,-20.49,-28.17,-20.49,-20.49,-20.49,-12.81,-15.37,-2.57,-10.25,5.11,-5.12,15.35,2.56,20.48,12.8,28.16,20.48,33.28,28.16,38.4,35.84,38.4,43.52,40.96,46.08,38.4,46.08,38.4,46.08,35.84,38.4,30.72,33.28
2957875,-64,0,0,17.92,20.48,17.92,5.12,17.92,-5.12,28.15,-17.92,25.59,-25.6,28.15,-33.28,28.15,-38.4,28.15,-38.4,25.59,-38.4,20.47,-38.4,12.79,-35.84,7.67,-30.72,2.55,-28.16,-0.01,-20.49,-7.69,-15.37,-12.81,-10.25,-15.37,-5.13,-17.93,-0.01,-20.49,2.55,-23.04,7.67,-23.04,12.79,-23.04,15.35,-23.04,17.91,-20.48,17.91,-17.92,17.91,-15.36,15.35,0,0,0,0,0,0,0,0,0,0,0,0,0,0,0,0,0,0,0,0,0,0,-7.68,25.59,-12.8,20.47,-20.48,10.23,-23.04,-0.01,-25.61,-10.25,-25.61,-17.93,-25.61,-28.17,-23.05,-33.29,-17.93,-35.85,-12.81,-35.85,-10.25,-33.29,-2.57,-30.73,2.55,-23.04,5.11,-12.8,7.67,-2.56,10.23,10.24,10.24,20.48,12.8,33.28,15.36,40.96,15.36,48.64,12.8,53.76,12.8,58.88,10.24,58.88,10.24,56.32,12.8,51.2,12.8,40.96
2957904,-79,0,0,17.92,-10.24,12.79,-15.36,2.55,-23.04,-5.13,-23.05,-20.49,-25.61,-25.61,-33.29,-30.73,-28.17,-38.41,-23.05,-46.09,-23.05,-51.21,-20.49,-56.33,-23.05,-51.21,-17.93,-46.09,-15.37,-46.09,-20.49,-33.29,-17.93,-25.61,-15.37,-15.37,-10.25,-7.69,-5.13,7.67,-5.12,17.91,0,20.48,5.12,25.6,12.8,25.6,20.48,20.48,25.6,20.48,25.6,17.92,33.28,0,0,0,0,0,0,0,0,0,0,0,0,0,0,0,0,0,0,0,0,0,0,-28.16,15.35,-30.72,7.67,-43.52,2.55,-38.4,-10.25,-38.41,-15.37,-38.41,-20.49,-33.29,-25.61,-23.05,-20.49,-20.49,-17.93,-15.37,-20.49,-10.25,-10.25,-5.13,-2.57,-5.13,5.11,-5.12,7.67,0,10.24,10.24,17.92,10.24,17.92,17.92,20.48,20.48,25.6,25.6,23.04,23.04,17.92,30.72,23.04,25.6,15.36,30.72,7.68,33.28,2.56,25.6,5.12
2957902,-64,0,0,17.92,20.48,17.92,5.12,17.92,-5.12,28.15,-17.92,25.59,-25.6,28.15,-33.28,28.15,-38.4,28.15,-38.4,25.59,-38.4,20.47,-38.4,12.79,-35.84,7.67,-30.72,2.55,-28.16,-0.01,-20.49,-7.69,-15.37,-12.81,-10.25,-15.37,-5.13,-17.93,-0.01,-20.49,2.55,-23.04,7.67,-23.04,12.79,-23.04,15.35,-23.04,17.91,-20.48,17.91,-17.92,17.91,-15.36,15.35,0,0,0,0,0,0,0,0,0,0,0,0,0,0,0,0,0,0,0,0,0,0,-7.68,25.59,-12.8,20.47,-20.48,10.23,-23.04,-0.01,-25.61,-10.25,-25.61,-17.93,-25.61,-28.17,-23.05,-33.29,-17.93,-35.85,-12.81,-35.85,-10.25,-33.29,-2.57,-30.73,2.55,-23.04,5.11,-12.8,7.67,-2.56,10.23,10.24,10.24,20.48,12.8,33.28,15.36,40.96,15.36,48.64,12.8,53.76,12.8,58.88,10.24,58.88,10.24,56.32,12.8,51.2,12.8,40.96
2957925,-81,0,0,35.84,28.16,38.4,23.04,40.96,25.6,33.28,15.36,33.28,7.68,28.16,7.68,28.16,5.12,17.92,-7.68,25.59,-12.8,25.59,-20.48,35.83,-23.04,35.83,-28.16,38.39,-35.84,48.63,-30.72,51.19,-28.16,51.19,-20.48,46.07,-15.36,38.39,-5.12,35.83,-5.12,25.59,2.56,15.36,0,5.12,-7.68,2.55,-17.92,5.11,-28.16,15.35,-40.96,23.03,-40.96,2.55,0,0,0,0,0,0,0,0,0,0,0,0,0,0,0,0,0,0,0,0,0,12.8,10.24,12.8,20.48,12.8,20.48,12.8,28.16,10.24,30.72,10.24,28.16,7.68,33.28,5.12,33.28,10.24,28.16,10.24,33.28,7.68,35.84,2.56,38.4,7.68,30.72,15.36,30.72,20.48,28.16,15.36,30.72,20.48,30.72,15.36,33.28,28.16,30.72,23.04,28.16,30.72,30.72,30.72,30.72,33.28,28.16,40.96,30.72,35.84,28.16,40.96,30.72
2957971,-64,0,0,-15.36,-7.69,-17.93,2.55,-20.48,15.35,-20.48,23.03,-25.6,33.27,-17.92,38.39,-20.48,43.51,-17.92,43.51,-15.36,40.95,-10.24,35.83,-5.12,30.71,2.56,23.04,7.68,20.48,7.68,10.24,7.68,5.12,12.8,0,12.8,-10.24,15.35,-12.8,12.79,-23.04,7.67,-20.48,2.55,-25.6,5.11,-25.6,-2.57,-23.05,-2.57,-17.93,-5.13,-15.37,-2.57,-12.81,2.55,0,0,0,0,0,0,0,0,0,0,0,0,0,0,0,0,0,0,0,0,0,28.16,2.56,20.48,15.36,17.92,20.48,7.68,25.6,2.56,30.72,-5.12,35.83,-12.8,35.83,-20.48,35.83,-23.04,33.27,-25.6,30.71,-20.48,23.03,-20.48,17.91,-20.48,5.11,-12.8,-2.57,-7.69,-7.69,-2.57,-25.61,-0.01,-33.29,7.67,-46.08,5.11,-51.2,10.23,-53.76,7.67,-58.88,12.79,-61.44,10.23,-56.32,2.55,-56.32,2.55,-43.52,-0.01,-33.29
2958000,-79,0,0,-23.04,2.55,-15.36,7.67,-15.36,15.35,-10.24,28.15,0,28.16,7.68,38.4,15.36,40.96,28.16,48.64,30.72,46.08,38.4,46.08,40.96,46.08,40.96,38.4,40.96,46.08,33.28,33.28,33.28,38.4,20.48,25.6,7.68,20.48,0,12.8,0,2.56,-12.8,-7.69,-20.49,-10.25,-17.93,-28.17,-15.37,-23.05,-12.81,-33.29,-5.13,-35.85,5.11,-43.52,2.55,0,0,0,0,0,0,0,0,0,0,0,0,0,0,0,0,0,0,0,0,0,30.72,5.12,25.6,17.92,25.6,30.72,23.04,38.4,15.36,40.96,10.24,35.84,7.68,40.96,2.56,30.72,2.56,30.72,-5.12,28.15,-2.56,20.47,0,7.68,-5.12,5.11,7.68,-7.68,5.11,-12.8,7.67,-20.48,-2.57,-23.05,-5.13,-23.05,-5.13,-35.85,-2.57,-35.85,-12.81,-35.85,-17.93,-38.41,-20.49,-25.61,-25.61,-25.61,-23.05,-20.49,-23.05,-15.37
2958027,-80,0,0,7.68,48.64,12.8,40.96,7.68,35.84,12.8,25.6,5.12,30.72,10.24,17.92,10.24,15.36,17.92,12.8,23.04,12.8,28.16,2.56,28.16,5.12,40.96,2.56,48.64,12.8,46.08,7.68,46.08,7.68,46.08,20.48,33.28,17.92,28.16,33.28,23.04,23.04,12.8,17.92,10.24,10.24,12.8,-5.12,17.91,0,20.48,-17.92,38.39,-15.36,40.95,-15.36,2.55,0,0,0,0,0,0,0,0,0,0,0,0,0,0,0,0,0,0,0,0,0,2.56,12.8,5.12,17.92,-5.12,23.03,-7.68,33.27,-15.36,30.71,-15.36,33.27,-15.36,25.59,-15.36,28.15,-15.36,28.15,-12.8,25.59,-15.36,30.71,-7.68,28.15,-7.68,28.15,-10.24,30.71,-10.24,33.27,-5.12,28.15,-2.56,35.83,-10.24,38.39,0,35.84,-2.56,40.95,2.56,38.4,10.24,35.84,-5.12,43.51,10.24,40.96,5.12,48.64,7.68,48.64
2958145,-65,0,0,17.92,-15.36,10.23,-17.92,-0.01,-17.93,-7.69,-17.93,-15.37,-17.93,-20.49,-20.49,-25.61,-20.49,-25.61,-20.49,-25.61,-15.37,-23.05,-12.81,-20.49,-7.69,-17.93,-2.57,-15.37,2.55,-12.8,7.67,-10.24,15.35,-7.68,15.35,-2.56,20.47,0,20.48,5.12,20.48,5.12,23.04,10.24,20.48,10.24,20.48,10.24,20.48,10.24,17.92,10.24,12.8,7.68,10.24,0,0,0,0,0,0,0,0,0,0,0,0,0,0,0,0,0,0,0,0,0,0,23.04,-5.12,17.91,2.56,10.24,12.8,2.56,17.92,-7.68,28.15,-17.92,30.71,-25.6,30.71,-30.72,30.71,-35.84,28.15,-35.84,23.03,-33.28,20.47,-30.72,12.79,-25.6,7.67,-15.36,5.11,-7.68,-0.01,12.79,0,17.92,-2.56,35.83,-10.24,35.83,-12.8,43.51,-12.8,51.19,-12.8,53.75,-12.8,53.75,-10.24,53.75,-10.24,46.07,-12.8,40.95,-10.24
2958248,-65,0,0,-15.36,-20.49,-12.81,-7.69,-12.81,5.11,-15.36,15.35,-15.36,25.59,-12.8,33.27,-10.24,38.39,-7.68,38.39,-5.12,38.39,0,30.72,2.56,28.16,7.68,20.48,10.24,12.8,12.8,7.68,15.36,0,15.36,-7.68,17.91,-15.36,17.91,-20.48,12.79,-23.04,10.23,-28.16,7.67,-28.16,2.55,-30.72,-0.01,-28.17,-2.57,-25.61,-2.57,-20.49,-7.69,-17.93,2.55,0,0,0,0,0,0,0,0,0,0,0,0,0,0,0,0,0,0,0,0,0,23.04,-25.6,25.59,-12.8,25.59,2.56,20.48,15.36,15.36,28.16,10.24,38.4,5.12,43.52,2.56,48.64,-5.12,51.19,-7.68,53.75,-10.24,51.19,-10.24,43.51,-12.8,33.27,-10.24,17.91,-7.68,7.67,-7.68,-2.57,-5.13,-17.93,-2.57,-28.17,-2.57,-38.41,-2.57,-48.65,-5.13,-56.33,-2.57,-58.89,-2.57,-61.45,-5.13,-58.89,-7.69,-53.77,-10.25,-46.09
2958252,-65,0,0,-15.36,-20.49,-12.81,-7.69,-12.81,5.11,-15.36,15.35,-15.36,25.59,-12.8,33.27,-10.24,38.39,-7.68,38.39,-5.12,38.39,0,30.72,2.56,28.16,7.68,20.48,10.24,12.8,12.8,7.68,15.36,0,15.36,-7.68,17.91,-15.36,17.91,-20.48,12.79,-23.04,10.23,-28.16,7.67,-28.16,2.55,-30.72,-0.01,-28.17,-2.57,-25.61,-2.57,-20.49,-7.69,-17.93,2.55,0,0,0,0,0,0,0,0,0,0,0,0,0,0,0,0,0,0,0,0,0,23.04,-25.6,25.59,-12.8,25.59,2.56,20.48,15.36,15.36,28.16,10.24,38.4,5.12,43.52,2.56,48.64,-5.12,51.19,-7.68,53.75,-10.24,51.19,-10.24,43.51,-12.8,33.27,-10.24,17.91,-7.68,7.67,-7.68,-2.57,-5.13,-17.93,-2.57,-28.17,-2.57,-38.41,-2.57,-48.65,-5.13,-56.33,-2.57,-58.89,-2.57,-61.45,-5.13,-58.89,-7.69,-53.77,-10.25,-46.09
2958264,-80,0,0,15.36,-7.68,5.11,-15.36,-0.01,-15.37,-7.69,-15.37,-20.49,-30.73,-12.81,-17.93,-35.85,-28.17,-43.53,-25.61,-56.33,-23.05,-56.33,-25.61,-58.89,-12.81,-53.77,-17.93,-53.77,-25.61,-48.65,-17.93,-33.29,-20.49,-23.05,-17.93,-20.49,-10.25,-5.13,-7.69,7.67,-7.68,12.79,-7.68,20.47,5.12,25.6,2.56,23.04,10.24,23.04,15.36,20.48,20.48,17.92,30.72,0,0,0,0,0,0,0,0,0,0,0,0,0,0,0,0,0,0,0,0,0,0,-38.4,10.23,-30.72,2.55,-38.4,-17.93,-17.93,-28.17,-51.21,-20.49,-23.05,-30.73,-25.61,-33.29,-23.05,-35.85,-17.93,-23.05,-10.25,-15.37,-7.69,-12.81,-5.13,-2.57,2.55,7.68,-23.04,2.55,0,7.68,5.12,12.8,15.36,20.48,7.68,20.48,7.68,25.6,28.16,17.92,25.6,25.6,28.16,15.36,33.28,17.92,35.84,0,30.72,2.56,17.92,-5.12
2958335,-79,0,0,43.52,12.8,38.4,7.68,43.52,10.24,35.84,0,38.4,12.8,30.72,-2.56,33.27,-7.68,30.71,-7.68,30.71,-17.92,28.15,-23.04,30.71,-30.72,30.71,-30.72,38.39,-46.08,43.51,-38.4,48.63,-30.72,46.07,-28.16,51.19,-25.6,43.51,-5.12,33.27,-10.24,25.59,-5.12,17.91,-12.8,10.23,-15.36,5.11,-23.04,12.79,-30.72,17.91,-43.52,25.59,-43.52,2.55,0,0,0,0,0,0,0,0,0,0,0,0,0,0,0,0,0,0,0,0,0,17.92,5.12,20.48,12.8,23.04,15.36,20.48,17.92,20.48,23.04,17.92,28.16,10.24,23.04,15.36,28.16,10.24,33.28,17.92,30.72,15.36,30.72,23.04,20.48,15.36,25.6,20.48,30.72,25.6,20.48,28.16,17.92,30.72,25.6,35.84,28.16,35.84,25.6,38.4,23.04,38.4,20.48,38.4,25.6,30.72,23.04,43.52,17.92,38.4,15.36,40.96,17.92
2958350,-65,0,0,-35.84,20.47,-17.92,20.47,-5.12,20.47,7.68,15.36,15.36,12.8,23.04,12.8,30.72,7.68,30.72,2.56,30.72,-2.56,30.71,-7.68,25.59,-10.24,20.47,-15.36,12.79,-17.92,7.67,-20.48,2.55,-20.48,-5.13,-17.93,-10.25,-17.93,-12.81,-15.37,-17.93,-12.81,-17.93,-7.69,-17.93,-2.57,-17.93,2.55,-20.48,5.11,-17.92,7.67,-15.36,10.23,-12.8,12.79,0,0,0,0,0,0,0,0,0,0,0,0,0,0,0,0,0,0,0,0,0,0,-35.84,-23.05,-17.93,-25.61,-5.13,-23.05,10.23,-25.6,25.59,-23.04,38.39,-17.92,48.63,-15.36,53.75,-10.24,56.31,-5.12,61.43,-2.56,58.87,2.56,51.2,5.12,40.96,5.12,30.72,5.12,17.92,5.12,5.12,5.12,-10.24,10.23,-23.04,10.23,-35.84,10.23,-46.08,12.79,-56.32,12.79,-61.44,12.79,-64,17.91,-64,17.91,-61.44,23.03,-51.2,20.47
2958452,-65,0,0,-15.36,40.95,-5.12,33.27,2.56,25.6,15.36,17.92,23.04,15.36,28.16,10.24,33.28,5.12,33.28,2.56,33.28,-2.56,33.27,-7.68,30.71,-12.8,23.03,-17.92,17.91,-23.04,12.79,-25.6,7.67,-30.72,-0.01,-28.17,-2.57,-28.17,-7.69,-28.17,-12.81,-25.61,-12.81,-23.05,-15.37,-20.49,-15.37,-15.37,-15.37,-10.25,-17.93,-7.69,-17.93,-5.13,-15.37,-0.01,2.55,0,0,0,0,0,0,0,0,0,0,0,0,0,0,0,0,0,0,0,0,0,-30.72,20.47,-28.16,5.11,-25.6,-7.69,-17.93,-20.49,-10.25,-33.29,-0.01,-43.53,7.67,-51.2,15.35,-53.76,23.03,-53.76,28.15,-51.2,30.71,-46.08,30.71,-38.4,28.15,-28.16,20.47,-17.92,12.79,-7.68,2.55,2.56,-7.68,15.35,-17.92,25.59,-25.6,30.71,-33.28,38.39,-40.96,43.51,-43.52,48.63,-46.08,48.63,-46.08,51.19,-40.96,48.63,-33.28,43.51
2958468,-80,0,0,15.36,23.04,17.92,5.12,25.6,7.68,20.48,-7.68,28.15,-17.92,28.15,-33.28,28.15,-40.96,30.71,-46.08,30.71,-53.76,25.59,-64,25.59,-61.44,25.59,-66.56,23.03,-51.2,17.91,-43.52,17.91,-46.08,12.79,-33.28,7.67,-23.04,15.35,-7.68,12.79,2.56,5.12,17.92,-5.12,30.71,-5.12,35.83,-12.8,30.71,-20.48,28.15,-20.48,33.27,-30.72,28.15,0,0,0,0,0,0,0,0,0,0,0,0,0,0,0,0,0,0,0,0,0,0,-2.56,-30.73,12.79,-51.2,25.59,-35.84,20.47,-33.28,33.27,-35.84,51.19,-25.6,46.07,-23.04,40.95,-12.8,38.39,-12.8,20.47,-2.56,17.91,-7.68,10.23,-5.12,10.23,-10.24,2.55,-7.68,-7.69,-2.57,-23.05,-5.13,-23.05,2.55,-30.72,12.79,-28.16,20.47,-38.4,25.59,-33.28,28.15,-25.6,20.47,-23.04,38.39,-17.92,35.83,-2.56,43.51,-7.68,46.07
2958472,-80,0,0,15.36,23.04,17.92,5.12,25.6,7.68,20.48,-7.68,28.15,-17.92,28.15,-33.28,28.15,-40.96,30.71,-46.08,30.71,-53.76,25.59,-64,25.59,-61.44,25.59,-66.56,23.03,-51.2,17.91,-43.52,17.91,-46.08,12.79,-33.28,7.67,-23.04,15.35,-7.68,12.79,2.56,5.12,17.92,-5.12,30.71,-5.12,35.83,-12.8,30.71,-20.48,28.15,-20.48,33.27,-30.72,28.15,0,0,0,0,0,0,0,0,0,0,0,0,0,0,0,0,0,0,0,0,0,0,-2.56,-30.73,12.79,-51.2,25.59,-35.84,20.47,-33.28,33.27,-35.84,51.19,-25.6,46.07,-23.04,40.95,-12.8,38.39,-12.8,20.47,-2.56,17.91,-7.68,10.23,-5.12,10.23,-10.24,2.55,-7.68,-7.69,-2.57,-23.05,-5.13,-23.05,2.55,-30.72,12.79,-28.16,20.47,-38.4,25.59,-33.28,28.15,-25.6,20.47,-23.04,38.39,-17.92,35.83,-2.56,43.51,-7.68,46.07
2958539,-80,0,0,-48.64,-0.01,-43.53,-7.69,-43.53,-2.57,-35.85,-2.57,-25.61,5.11,-33.28,5.11,-25.6,10.23,-28.16,20.47,-20.48,23.03,-17.92,28.15,-23.04,30.71,-23.04,40.95,-28.16,40.95,-33.28,40.95,-35.84,43.51,-38.4,30.71,-40.96,35.83,-30.72,17.91,-25.6,15.35,-17.92,10.23,-7.68,17.91,-7.68,12.79,-2.56,17.91,5.12,25.6,-2.56,35.83,-10.24,48.63,0,0,0,0,0,0,0,0,0,0,0,0,0,0,0,0,0,0,0,0,0,0,-23.04,-0.01,-20.49,-10.25,-25.61,-12.81,-20.49,-17.93,-15.37,-17.93,-20.49,-17.93,-17.93,-25.61,-17.93,-20.49,-15.37,-28.17,-15.37,-23.05,-15.37,-17.93,-15.37,-23.05,-20.49,-20.49,-17.93,-23.05,-25.61,-23.05,-23.05,-20.49,-25.61,-12.81,-35.85,-17.93,-40.97,-15.37,-38.41,-17.93,-46.09,-12.81,-46.09,-10.25,-38.41,-10.25,-40.97,-10.25,-51.21,-10.25,-46.09,-10.25
2958642,-80,0,0,-35.84,48.63,-30.72,38.39,-28.16,30.71,-20.48,38.39,-10.24,38.39,-7.68,28.15,-7.68,25.59,0,28.16,7.68,35.84,7.68,38.4,12.8,35.84,15.36,43.52,17.92,43.52,15.36,48.64,7.68,61.44,2.56,53.76,-5.12,51.19,-7.68,46.07,-7.68,35.83,0,25.6,0,20.48,5.12,15.36,12.8,12.8,28.16,17.92,28.16,25.6,25.6,43.52,0,0,0,0,0,0,0,0,0,0,0,0,0,0,0,0,0,0,0,0,0,0,-17.92,25.59,-23.04,17.91,-25.6,20.47,-28.16,23.03,-33.28,17.91,-35.84,15.35,-35.84,12.79,-35.84,10.23,-35.84,15.35,-33.28,10.23,-33.28,10.23,-30.72,12.79,-35.84,5.11,-28.16,12.79,-38.4,25.59,-35.84,23.03,-33.28,25.59,-35.84,35.83,-35.84,28.15,-35.84,30.71,-40.96,30.71,-40.96,33.27,-38.4,40.95,-30.72,38.39,-38.4,35.83,-30.72,43.51
2958744,-80,0,0,-38.4,15.35,-35.84,20.47,-38.4,20.47,-28.16,20.47,-28.16,23.03,-25.6,17.91,-20.48,20.47,-17.92,23.03,-5.12,30.71,-2.56,33.27,-7.68,43.51,-5.12,46.07,-2.56,51.19,-12.8,48.63,-15.36,51.19,-17.92,51.19,-28.16,46.07,-25.6,33.27,-17.92,28.15,-12.8,23.03,-10.24,7.67,2.56,7.68,10.24,20.48,15.36,25.6,12.8,33.28,2.56,40.96,0,0,0,0,0,0,0,0,0,0,0,0,0,0,0,0,0,0,0,0,0,0,-17.92,7.67,-25.6,7.67,-28.16,10.23,-28.16,2.55,-30.72,-2.57,-28.17,-2.57,-30.73,-2.57,-28.17,-5.13,-28.17,-10.25,-23.05,-7.69,-25.61,-7.69,-28.17,-5.13,-30.73,-2.57,-33.29,-0.01,-33.29,2.55,-40.96,7.67,-38.4,5.11,-38.4,5.11,-43.52,-0.01,-38.41,10.23,-40.96,10.23,-46.08,7.67,-40.96,15.35,-43.52,10.23,-38.4,15.35,-40.96,20.47
2958775,-79,0,0,-5.12,28.15,5.12,20.48,12.8,10.24,17.92,12.8,28.16,10.24,30.72,-2.56,40.95,0,48.64,-5.12,53.75,-17.92,61.43,-12.8,56.31,-12.8,53.75,-12.8,48.63,-15.36,48.63,-2.56,40.95,-10.24,28.15,-7.68,25.59,2.56,10.24,10.24,-5.12,5.11,-15.36,10.23,-23.04,5.11,-28.16,-0.01,-30.73,-7.69,-33.29,-12.81,-28.17,-20.49,-25.61,-17.93,2.55,0,0,0,0,0,0,0,0,0,0,0,0,0,0,0,0,0,0,0,0,0,12.8,-35.84,28.15,-25.6,17.91,-28.16,30.71,-20.48,43.51,-15.36,48.63,-12.8,33.27,-10.24,30.71,-15.36,25.59,-12.8,28.15,-17.92,12.79,-7.68,17.91,-10.24,2.55,-7.68,-12.81,-7.69,-10.25,-10.25,-15.37,-2.57,-15.37,2.55,-25.6,-7.69,-33.29,-0.01,-40.97,-0.01,-30.73,2.55,-43.52,7.67,-40.96,12.79,-28.16,12.79,-25.6,7.67,-17.92,15.35
2959051,-79,0,0,38.4,7.68,48.64,-2.56,35.83,0,33.28,-2.56,33.27,-2.56,35.83,-5.12,28.15,-10.24,23.03,-17.92,25.59,-23.04,25.59,-30.72,20.47,-30.72,30.71,-30.72,25.59,-38.4,38.39,-40.96,40.95,-30.72,38.39,-30.72,43.51,-17.92,33.27,-12.8,30.71,-12.8,23.03,-10.24,15.35,-12.8,7.67,-15.36,5.11,-20.48,7.67,-33.28,7.67,-40.96,20.47,-46.08,2.55,0,0,0,0,0,0,0,0,0,0,0,0,0,0,0,0,0,0,0,0,0,15.36,-2.56,23.03,-2.56,25.59,10.24,17.92,10.24,20.48,17.92,17.92,15.36,20.48,15.36,23.04,20.48,23.04,17.92,17.92,17.92,12.8,15.36,20.48,17.92,17.92,15.36,25.6,15.36,28.16,12.8,35.84,17.92,23.04,15.36,30.72,15.36,35.84,10.24,38.4,12.8,33.28,10.24,35.84,2.56,40.96,12.8,33.28,5.12,40.96,10.24,43.52,7.68
2959154,-80,0,0,-40.96,7.67,-40.96,7.67,-40.96,7.67,-38.4,7.67,-30.72,10.23,-33.28,10.23,-25.6,15.35,-20.48,20.47,-17.92,25.59,-15.36,35.83,-15.36,35.83,-20.48,40.95,-25.6,35.83,-25.6,40.95,-33.28,35.83,-33.28,35.83,-35.84,25.59,-33.28,23.03,-28.16,15.35,-20.48,10.23,-15.36,5.11,-5.12,12.79,-2.56,20.47,-2.56,30.71,-10.24,38.39,-15.36,43.51,0,0,0,0,0,0,0,0,0,0,0,0,0,0,0,0,0,0,0,0,0,0,-20.48,12.79,-23.04,2.55,-20.48,5.11,-25.6,-0.01,-30.73,-5.13,-25.61,-5.13,-20.49,-7.69,-28.17,-5.13,-20.49,-7.69,-28.17,-12.81,-25.61,-10.25,-28.17,-7.69,-25.61,-2.57,-28.17,-7.69,-30.73,-0.01,-30.73,-5.13,-35.85,-5.13,-35.85,-0.01,-43.53,-0.01,-35.85,2.55,-40.96,2.55,-43.52,-0.01,-33.29,2.55,-43.52,5.11,-48.64,7.67,-43.52,12.79
2959256,-79,0,0,38.4,-17.92,38.39,-15.36,35.83,-17.92,38.39,-17.92,25.59,-17.92,25.59,-17.92,17.91,-20.48,12.79,-25.6,10.23,-30.72,2.55,-35.84,2.55,-38.4,5.11,-43.52,10.23,-53.76,12.79,-56.32,17.91,-48.64,23.03,-43.52,20.47,-35.84,33.27,-35.84,23.03,-20.48,10.23,-20.48,7.67,-15.36,-2.57,-12.81,-5.13,-20.49,-7.69,-25.61,-10.25,-35.85,-2.57,-43.53,2.55,0,0,0,0,0,0,0,0,0,0,0,0,0,0,0,0,0,0,0,0,0,17.92,-12.8,25.59,-5.12,30.71,-5.12,35.83,0,28.16,0,33.28,0,28.16,7.68,28.16,7.68,23.04,2.56,30.72,7.68,25.6,7.68,30.72,5.12,30.72,7.68,30.72,2.56,30.72,-5.12,40.95,2.56,35.84,-7.68,38.39,-7.68,38.39,-7.68,43.51,-10.24,43.51,-10.24,43.51,-12.8,43.51,-12.8,46.07,-12.8,46.07,-12.8,43.51,-23.04
2959287,-79,0,0,23.04,10.24,20.48,-5.12,17.91,-15.36,10.23,-28.16,2.55,-35.84,-7.69,-40.97,-5.13,-51.21,-12.81,-53.77,-20.49,-53.77,-20.49,-58.89,-28.17,-53.77,-30.73,-53.77,-30.73,-51.21,-23.05,-40.97,-17.93,-40.97,-2.57,-33.29,-2.57,-23.05,7.67,-12.8,7.67,-5.12,10.23,10.24,12.8,17.92,15.36,28.16,12.8,33.28,5.12,38.4,-7.68,40.95,-7.68,40.95,0,0,0,0,0,0,0,0,0,0,0,0,0,0,0,0,0,0,0,0,0,0,-25.6,-23.05,-20.49,-33.29,-10.25,-43.53,-7.69,-46.09,2.55,-43.52,5.11,-46.08,7.67,-48.64,12.79,-33.28,17.91,-28.16,7.67,-23.04,2.55,-15.36,2.55,-10.24,-2.57,2.55,-7.68,2.55,-5.12,12.79,-10.24,20.47,-15.36,28.15,-10.24,33.27,0,28.16,0,40.96,-2.56,40.95,-2.56,38.39,10.24,30.72,7.68,30.72,15.36,30.72,15.36,23.04
2959492,-79,0,0,-7.68,23.03,0,15.36,7.68,12.8,17.92,5.12,25.6,0,25.6,0,35.84,-10.24,43.51,-12.8,43.51,-20.48,46.07,-25.6,46.07,-28.16,48.63,-30.72,38.39,-25.6,40.95,-25.6,30.71,-12.8,25.59,-12.8,20.47,-5.12,12.79,0,0,5.12,-5.12,10.23,-17.92,15.35,-23.04,17.91,-28.16,12.79,-33.28,12.79,-30.72,5.11,-38.4,-2.57,2.55,0,0,0,0,0,0,0,0,0,0,0,0,0,0,0,0,0,0,0,0,0,12.8,-25.6,25.59,-25.6,28.15,-15.36,33.27,-10.24,40.95,-10.24,38.39,-2.56,35.83,2.56,28.16,5.12,28.16,10.24,20.48,0,17.92,0,5.12,0,2.56,-2.56,2.55,-5.12,-5.13,-0.01,-10.25,-0.01,-23.05,-5.13,-28.17,-2.57,-25.61,-0.01,-28.17,-0.01,-30.73,7.67,-33.28,5.11,-28.16,7.67,-25.6,17.91,-23.04,17.91,-15.36,20.47
2959644,-79,0,0,2.56,30.72,12.8,30.72,10.24,33.28,23.04,33.28,15.36,38.4,17.92,30.72,23.04,30.72,17.92,38.4,20.48,35.84,15.36,28.16,23.04,23.04,12.8,23.04,17.92,10.24,15.36,10.24,20.48,5.12,17.92,-7.68,33.27,-10.24,35.83,-15.36,38.39,-12.8,48.63,-10.24,43.51,-10.24,51.19,7.68,40.96,12.8,35.84,17.92,25.6,25.6,20.48,28.16,0,0,0,0,0,0,0,0,0,0,0,0,0,0,0,0,0,0,0,0,0,0,-17.92,5.11,-12.8,7.67,-15.36,7.67,-15.36,10.23,-17.92,15.35,-12.8,15.35,-20.48,15.35,-23.04,17.91,-23.04,23.03,-25.6,15.35,-30.72,17.91,-28.16,23.03,-28.16,23.03,-30.72,23.03,-33.28,23.03,-28.16,17.91,-23.04,25.59,-23.04,28.15,-23.04,25.59,-23.04,28.15,-17.92,35.83,-15.36,28.15,-10.24,30.71,-7.68,28.15,-7.68,40.95,-5.12,33.27
2959666,-80,0,0,2.56,30.72,5.12,25.6,10.24,33.28,7.68,35.84,20.48,30.72,12.8,38.4,15.36,33.28,20.48,30.72,20.48,35.84,15.36,30.72,12.8,25.6,12.8,23.04,12.8,12.8,15.36,7.68,20.48,2.56,20.48,-5.12,28.15,-5.12,35.83,-10.24,43.51,-10.24,46.07,-2.56,48.63,2.56,43.52,7.68,43.52,15.36,38.4,17.92,33.28,20.48,15.36,20.48,0,0,0,0,0,0,0,0,0,0,0,0,0,0,0,0,0,0,0,0,0,0,-15.36,7.67,-15.36,2.55,-10.24,7.67,-12.8,7.67,-17.92,10.23,-17.92,10.23,-23.04,10.23,-25.6,17.91,-30.72,12.79,-28.16,12.79,-28.16,20.47,-33.28,20.47,-35.84,15.35,-30.72,17.91,-33.28,15.35,-30.72,20.47,-25.6,15.35,-30.72,23.03,-28.16,28.15,-15.36,25.59,-15.36,25.59,-17.92,33.27,-20.48,28.15,-7.68,33.27,-12.8,33.27,-7.68,33.27
2959799,-80,0,0,-12.8,-15.37,-12.81,-0.01,-10.25,12.79,-12.8,20.47,-12.8,28.15,-7.68,40.95,-5.12,43.51,5.12,48.64,7.68,56.32,7.68,56.32,10.24,56.32,7.68,56.32,15.36,48.64,12.8,48.64,12.8,38.4,5.12,28.16,-2.56,23.03,-7.68,15.35,-12.8,5.11,-20.48,-5.13,-12.81,-15.37,-12.81,-23.05,-7.69,-35.85,-7.69,-35.85,-0.01,-35.85,7.67,-38.4,2.55,0,0,0,0,0,0,0,0,0,0,0,0,0,0,0,0,0,0,0,0,0,7.68,28.16,-5.12,43.51,-15.36,40.95,-23.04,43.51,-30.72,43.51,-28.16,33.27,-30.72,30.71,-28.16,30.71,-28.16,20.47,-23.04,23.03,-10.24,17.91,-15.36,10.23,-5.12,7.67,7.68,-2.56,7.67,0,12.8,-5.12,15.35,-15.36,15.35,-20.48,25.59,-23.04,15.35,-28.16,12.79,-38.4,12.79,-38.4,7.67,-40.96,2.55,-43.52,-2.57,-33.29,-12.81,-25.61
2959802,-80,0,0,-12.8,-15.37,-12.81,-0.01,-10.25,12.79,-12.8,20.47,-12.8,28.15,-7.68,40.95,-5.12,43.51,5.12,48.64,7.68,56.32,7.68,56.32,10.24,56.32,7.68,56.32,15.36,48.64,12.8,48.64,12.8,38.4,5.12,28.16,-2.56,23.03,-7.68,15.35,-12.8,5.11,-20.48,-5.13,-12.81,-15.37,-12.81,-23.05,-7.69,-35.85,-7.69,-35.85,-0.01,-35.85,7.67,-38.4,2.55,0,0,0,0,0,0,0,0,0,0,0,0,0,0,0,0,0,0,0,0,0,7.68,28.16,-5.12,43.51,-15.36,40.95,-23.04,43.51,-30.72,43.51,-28.16,33.27,-30.72,30.71,-28.16,30.71,-28.16,20.47,-23.04,23.03,-10.24,17.91,-15.36,10.23,-5.12,7.67,7.68,-2.56,7.67,0,12.8,-5.12,15.35,-15.36,15.35,-20.48,25.59,-23.04,15.35,-28.16,12.79,-38.4,12.79,-38.4,7.67,-40.96,2.55,-43.52,-2.57,-33.29,-12.81,-25.61
2959871,-80,0,0,7.68,33.28,10.24,33.28,15.36,28.16,20.48,30.72,17.92,28.16,25.6,23.04,23.04,30.72,25.6,30.72,28.16,25.6,17.92,23.04,17.92,23.04,20.48,20.48,17.92,10.24,17.92,5.12,15.36,2.56,15.36,-10.24,30.71,-15.36,35.83,-7.68,38.39,-7.68,48.63,-12.8,48.63,-7.68,51.19,2.56,46.08,12.8,35.84,20.48,25.6,20.48,25.6,20.48,0,0,0,0,0,0,0,0,0,0,0,0,0,0,0,0,0,0,0,0,0,0,-15.36,7.67,-15.36,10.23,-12.8,12.79,-7.68,10.23,-7.68,12.79,-12.8,20.47,-12.8,20.47,-10.24,23.03,-17.92,25.59,-17.92,25.59,-20.48,28.15,-23.04,28.15,-23.04,28.15,-23.04,30.71,-20.48,28.15,-20.48,25.59,-20.48,28.15,-23.04,28.15,-17.92,28.15,-10.24,30.71,-10.24,33.27,-7.68,35.83,-10.24,28.15,-5.12,28.15,-2.56,33.27,10.24,35.84
2959901,-80,0,0,-23.04,5.11,-10.24,15.35,-7.68,15.35,5.12,20.48,12.8,30.72,25.6,20.48,33.28,25.6,38.4,25.6,40.96,28.16,48.64,23.04,53.76,23.04,51.2,15.36,46.08,15.36,43.52,15.36,40.96,12.8,28.16,12.8,15.36,10.24,5.12,12.8,-10.24,10.23,-20.48,10.23,-25.6,5.11,-33.28,-5.13,-30.73,-10.25,-35.85,-15.37,-30.73,-15.37,-20.49,-25.61,2.55,0,0,0,0,0,0,0,0,0,0,0,0,0,0,0,0,0,0,0,0,0,28.16,10.24,28.16,20.48,30.72,30.72,20.48,43.52,15.36,40.96,12.8,33.28,7.68,38.4,5.12,38.4,2.56,33.28,2.56,25.6,2.56,15.36,2.56,15.36,0,0,5.12,-7.68,5.11,-10.24,5.11,-17.92,-7.69,-25.61,-5.13,-23.05,-12.81,-33.29,-7.69,-30.73,-23.05,-30.73,-25.61,-25.61,-25.61,-23.05,-30.73,-20.49,-23.05,-15.37,-20.49,-5.13
2960005,-79,0,0,-17.92,10.23,-15.36,23.03,-2.56,20.47,7.68,23.04,20.48,23.04,25.6,25.6,38.4,25.6,38.4,23.04,46.08,28.16,48.64,23.04,53.76,20.48,53.76,20.48,46.08,17.92,43.52,15.36,38.4,12.8,23.04,12.8,15.36,12.8,5.12,12.8,-10.24,7.67,-17.92,-0.01,-25.61,-0.01,-23.05,-15.37,-28.17,-20.49,-25.61,-25.61,-23.05,-33.29,-12.81,-35.85,2.55,0,0,0,0,0,0,0,0,0,0,0,0,0,0,0,0,0,0,0,0,0,28.16,-12.8,38.39,0,38.4,2.56,35.84,10.24,40.96,17.92,35.84,25.6,33.28,25.6,25.6,28.16,25.6,17.92,15.36,15.36,15.36,10.24,7.68,5.12,5.12,0,0,-5.12,-2.57,-12.81,-10.25,-12.81,-7.69,-20.49,-15.37,-25.61,-23.05,-23.05,-23.05,-28.17,-28.17,-20.49,-30.73,-20.49,-33.29,-23.05,-30.73,-12.81,-35.85,-7.69,-33.29,2.55
2960106,-79,0,0,-7.68,25.59,0,17.92,12.8,7.68,20.48,5.12,25.6,-2.56,38.39,-5.12,40.95,-10.24,46.07,-15.36,51.19,-17.92,53.75,-28.16,53.75,-33.28,51.19,-28.16,48.63,-28.16,48.63,-23.04,33.27,-20.48,25.59,-15.36,20.47,-7.68,5.11,0,-2.56,7.67,-15.36,15.35,-20.48,15.35,-25.6,12.79,-35.84,7.67,-33.28,10.23,-38.4,-0.01,-38.41,-10.25,2.55,0,0,0,0,0,0,0,0,0,0,0,0,0,0,0,0,0,0,0,0,0,17.92,-23.04,25.59,-17.92,35.83,-15.36,40.95,-7.68,43.51,-5.12,43.51,0,38.4,0,35.84,10.24,28.16,10.24,20.48,7.68,17.92,5.12,7.68,-2.56,7.67,2.56,-7.68,-2.57,-2.57,-5.13,-10.25,-7.69,-20.49,-5.13,-30.73,-5.13,-25.61,5.11,-35.84,-0.01,-30.73,5.11,-38.4,12.79,-38.4,12.79,-33.28,7.67,-25.6,20.47,-23.04,20.47
2960178,-79,0,0,-25.6,-23.05,-20.49,-20.49,-20.49,-17.93,-28.17,-15.37,-33.29,-15.37,-33.29,-12.81,-33.29,-12.81,-35.85,-12.81,-28.17,-12.81,-30.73,-7.69,-23.05,-7.69,-28.17,-10.25,-20.49,-10.25,-12.81,5.11,-15.36,10.23,-15.36,15.35,-17.92,15.35,-23.04,20.47,-33.28,28.15,-35.84,28.15,-38.4,17.91,-40.96,15.35,-40.96,10.23,-33.28,-0.01,-28.17,-5.13,-28.17,-10.25,2.55,0,0,0,0,0,0,0,0,0,0,0,0,0,0,0,0,0,0,0,0,0,12.8,-7.68,15.35,-15.36,7.67,-10.24,2.55,-7.68,-0.01,-10.25,7.67,-23.04,2.55,-17.92,2.55,-23.04,10.23,-25.6,2.55,-20.48,2.55,-30.72,-0.01,-23.05,2.55,-35.84,5.11,-33.28,5.11,-33.28,5.11,-33.28,5.11,-25.6,5.11,-30.72,2.55,-30.72,-5.13,-23.05,-5.13,-25.61,-7.69,-30.73,-12.81,-25.61,-10.25,-28.17,-12.81,-30.73,-15.37,-25.61
2960280,-79,0,0,-12.8,30.71,-7.68,33.27,-7.68,30.71,-5.12,33.27,-10.24,38.39,-5.12,38.39,-10.24,38.39,0,30.72,-2.56,40.95,-7.68,35.83,-10.24,35.83,-2.56,28.15,0,20.48,2.56,15.36,10.24,10.24,17.92,10.24,28.16,5.12,30.72,30.72,23.04,17.92,28.16,25.6,7.68,40.96,20.48,30.72,20.48,35.84,10.24,33.28,0,28.16,-2.56,28.15,0,0,0,0,0,0,0,0,0,0,0,0,0,0,0,0,0,0,0,0,0,0,-17.92,5.11,-15.36,2.55,-15.36,-2.57,-10.25,2.55,-15.36,7.67,-17.92,10.23,-20.48,10.23,-25.6,7.67,-23.04,10.23,-25.6,10.23,-30.72,10.23,-30.72,10.23,-33.28,10.23,-33.28,5.11,-30.72,12.79,-33.28,10.23,-33.28,10.23,-30.72,12.79,-30.72,12.79,-28.16,17.91,-30.72,23.03,-20.48,20.47,-23.04,23.03,-23.04,25.59,-25.6,28.15,-15.36,30.71
2960312,-79,0,0,-20.48,-2.57,-20.49,12.79,-15.36,17.91,-10.24,23.03,-5.12,30.71,7.68,35.84,12.8,43.52,20.48,46.08,25.6,48.64,30.72,48.64,33.28,48.64,33.28,43.52,35.84,40.96,25.6,38.4,23.04,35.84,15.36,25.6,5.12,23.04,2.56,15.36,-10.24,5.11,-10.24,-2.57,-10.25,-17.93,-10.25,-20.49,-15.37,-30.73,-7.69,-35.85,2.55,-38.4,5.11,-38.4,2.55,0,0,0,0,0,0,0,0,0,0,0,0,0,0,0,0,0,0,0,0,0,28.16,2.56,28.16,12.8,23.04,25.6,25.6,38.4,20.48,40.96,12.8,40.96,10.24,35.84,5.12,38.4,2.56,30.72,2.56,25.6,0,15.36,2.56,10.24,2.56,0,2.56,-2.56,5.11,-12.8,2.55,-17.92,-2.57,-23.05,-2.57,-28.17,-7.69,-35.85,-7.69,-35.85,-10.25,-33.29,-15.37,-40.97,-17.93,-30.73,-23.05,-30.73,-20.49,-20.49,-23.05,-20.49
2960383,-78,0,0,10.24,-25.6,10.23,-23.04,12.79,-28.16,17.91,-12.8,2.55,-28.16,-2.57,-25.61,-10.25,-23.05,-5.13,-43.53,-0.01,-17.93,-2.57,-25.61,12.79,-23.04,2.55,-12.8,7.67,-17.92,-7.69,-2.57,-17.93,-2.57,-12.81,5.11,-23.04,-2.57,-28.17,-10.25,-23.05,-10.25,-25.61,-2.57,-35.85,-17.93,-17.93,-28.17,-20.49,-15.37,-15.37,-23.05,-10.25,-25.61,-2.57,-30.73,2.55,0,0,0,0,0,0,0,0,0,0,0,0,0,0,0,0,0,0,0,0,0,-10.24,-0.01,5.11,-2.56,23.03,12.8,7.68,10.24,-2.56,7.67,25.6,0,5.12,5.12,10.24,7.68,15.36,2.56,20.48,10.24,20.48,5.12,23.04,5.12,7.68,2.56,17.92,5.12,20.48,-17.92,10.23,15.36,23.04,15.36,28.16,-2.56,28.15,-2.56,30.71,2.56,33.28,0,12.8,-25.6,23.03,7.68,20.48,-20.48,5.11,-5.12,7.67,-12.8
2960413,-79,0,0,2.56,-25.6,-10.25,-12.81,-12.81,-15.37,-23.05,-0.01,-25.61,2.55,-40.96,12.79,-43.52,20.47,-48.64,28.15,-48.64,30.71,-51.2,40.95,-48.64,40.95,-46.08,40.95,-46.08,40.95,-40.96,33.27,-30.72,30.71,-33.28,23.03,-23.04,10.23,-10.24,-0.01,2.55,-7.68,10.23,-17.92,20.47,-15.36,23.03,-23.04,30.71,-20.48,38.39,-15.36,40.95,-7.68,40.95,0,0,0,0,0,0,0,0,0,0,0,0,0,0,0,0,0,0,0,0,0,0,0,-10.24,35.83,-17.92,35.83,-30.72,35.83,-40.96,25.59,-40.96,28.15,-43.52,20.47,-43.52,12.79,-33.28,12.79,-35.84,5.11,-25.6,2.55,-17.92,5.11,-12.8,10.23,0,7.68,2.56,2.56,12.8,0,17.92,0,25.6,-7.68,35.83,-7.68,33.27,-7.68,35.83,-12.8,35.83,-17.92,40.95,-17.92,35.83,-23.04,30.71,-25.6,20.47,-30.72,20.47,-30.72
2960482,-65,0,0,-7.68,2.55,5.12,7.68,-2.56,-17.93,23.03,-25.6,17.91,-35.84,7.67,-43.52,20.47,-33.28,5.11,-35.84,2.55,-23.04,-10.25,-15.37,-10.25,-12.81,-10.25,-5.13,-10.25,5.11,-12.8,15.35,-7.68,17.91,-2.56,23.03,2.56,25.6,10.24,23.04,15.36,20.48,17.92,15.36,20.48,10.24,23.04,5.12,20.48,2.56,17.92,-7.68,17.91,-10.24,12.79,-12.8,2.55,0,0,0,0,0,0,0,0,0,0,0,0,0,0,0,0,0,0,0,0,0,33.28,-15.36,30.71,-5.12,30.71,2.56,23.04,7.68,23.04,15.36,20.48,25.6,20.48,30.72,10.24,38.4,12.8,38.4,12.8,40.96,12.8,30.72,10.24,28.16,10.24,28.16,-7.68,35.83,-2.56,20.47,-17.92,17.91,-30.72,30.71,-51.2,12.79,-43.52,7.67,-35.84,20.47,-69.12,20.47,-56.32,28.15,-46.08,17.91,-51.2,15.35,-17.92,17.91,-20.48,23.03
2960486,-66,0,0,-2.56,-5.13,2.55,10.24,10.24,23.04,12.8,28.16,23.04,28.16,25.6,33.28,33.28,30.72,28.16,25.6,33.28,15.36,15.36,2.56,17.92,2.56,12.8,-5.12,12.79,-12.8,2.55,-20.48,-5.13,-23.05,-7.69,-23.05,-15.37,-23.05,-15.37,-12.81,-23.05,-17.93,-25.61,-12.81,-23.05,-0.01,-23.05,2.55,-35.84,2.55,-23.04,10.23,-12.8,15.35,-7.68,20.47,0,0,0,0,0,0,0,0,0,0,0,0,0,0,0,0,0,0,0,0,0,0,38.4,0,28.16,7.68,23.04,12.8,12.8,23.04,5.12,28.16,0,33.28,-7.68,38.39,-12.8,38.39,-20.48,40.95,-17.92,38.39,-30.72,30.71,-25.6,25.59,-23.04,17.91,-15.36,5.11,-17.92,-2.57,-15.37,-7.69,-23.05,-15.37,-20.49,-25.61,-23.05,-30.73,-23.05,-40.97,-20.49,-46.09,-17.93,-46.09,-15.37,-40.97,-23.05,-40.97,-17.93,-35.85,-17.93,-20.49
2960515,-65,0,0,2.56,0,2.56,-12.8,-0.01,-17.93,-2.57,-23.05,-5.13,-28.17,-10.25,-28.17,-12.81,-28.17,-15.37,-23.05,-15.37,-17.93,-15.37,-10.25,-15.37,-2.57,-12.81,2.55,-12.8,10.23,-7.68,12.79,-2.56,20.47,2.56,20.48,7.68,17.92,10.24,17.92,12.8,15.36,15.36,10.24,15.36,7.68,17.92,2.56,15.36,0,15.36,-5.12,15.35,-7.68,10.23,-10.24,2.55,0,0,0,0,0,0,0,0,0,0,0,0,0,0,0,0,0,0,0,0,0,-23.04,-20.49,-12.81,-23.05,-5.13,-25.61,2.55,-28.16,10.23,-28.16,15.35,-28.16,20.47,-28.16,25.59,-25.6,28.15,-23.04,28.15,-17.92,28.15,-15.36,25.59,-10.24,20.47,-2.56,17.91,5.12,10.24,10.24,5.12,17.92,5.12,28.16,2.56,33.28,2.56,38.4,2.56,43.52,0,46.08,2.56,46.08,0,43.52,5.12,38.4,5.12,30.72,5.12,20.48
2960534,-79,0,0,7.68,-20.48,2.55,-20.48,-10.25,-17.93,-15.37,-17.93,-30.73,-2.57,-38.41,-5.13,-46.09,-2.57,-51.21,2.55,-64,15.35,-61.44,17.91,-58.88,17.91,-56.32,23.03,-53.76,12.79,-53.76,17.91,-40.96,12.79,-35.84,7.67,-30.72,-0.01,-7.69,-5.13,-5.13,-12.81,12.79,-15.36,15.35,-17.92,25.59,-20.48,28.15,-12.8,30.71,-7.68,40.95,0,33.28,7.68,0,0,0,0,0,0,0,0,0,0,0,0,0,0,0,0,0,0,0,0,0,0,-33.28,12.79,-43.52,2.55,-38.4,-10.25,-43.53,-12.81,-38.41,-23.05,-33.29,-28.17,-30.73,-28.17,-25.61,-23.05,-15.37,-20.49,-12.81,-15.37,-7.69,-15.37,-7.69,-2.57,-5.13,2.55,0,5.12,10.24,2.56,10.24,10.24,17.92,15.36,20.48,15.36,25.6,17.92,35.84,12.8,33.28,7.68,40.96,5.12,40.96,0,38.4,-5.12,33.27,-7.68,30.71,-15.36
2960564,-65,0,0,5.12,5.12,12.8,-2.56,23.03,-10.24,28.15,-15.36,30.71,-20.48,33.27,-25.6,30.71,-28.16,25.59,-28.16,17.91,-28.16,10.23,-25.6,2.55,-23.04,-5.13,-12.81,-15.37,-10.25,-20.49,-5.13,-25.61,-0.01,-28.17,7.67,-28.16,10.23,-28.16,15.35,-25.6,17.91,-20.48,23.03,-17.92,25.59,-10.24,25.59,-5.12,23.03,0,23.04,5.12,17.92,7.68,15.36,0,0,0,0,0,0,0,0,0,0,0,0,0,0,0,0,0,0,0,0,0,0,-17.92,-28.17,-7.69,-28.17,5.11,-30.72,15.35,-30.72,25.59,-30.72,35.83,-28.16,38.39,-23.04,40.95,-20.48,43.51,-15.36,43.51,-10.24,38.39,-7.68,30.71,-2.56,23.03,2.56,7.68,10.24,-2.56,15.35,-12.8,20.47,-23.04,28.15,-30.72,30.71,-38.4,33.27,-43.52,35.83,-46.08,38.39,-46.08,38.39,-43.52,35.83,-35.84,33.27,-30.72,28.15,-17.92,23.03
2960532,-65,0,0,2.56,0,2.56,-12.8,-0.01,-17.93,-2.57,-23.05,-5.13,-28.17,-10.25,-28.17,-12.81,-28.17,-15.37,-23.05,-15.37,-17.93,-15.37,-10.25,-15.37,-2.57,-12.81,2.55,-12.8,10.23,-7.68,12.79,-2.56,20.47,2.56,20.48,7.68,17.92,10.24,17.92,12.8,15.36,15.36,10.24,15.36,7.68,17.92,2.56,15.36,0,15.36,-5.12,15.35,-7.68,10.23,-10.24,2.55,0,0,0,0,0,0,0,0,0,0,0,0,0,0,0,0,0,0,0,0,0,-23.04,-20.49,-12.81,-23.05,-5.13,-25.61,2.55,-28.16,10.23,-28.16,15.35,-28.16,20.47,-28.16,25.59,-25.6,28.15,-23.04,28.15,-17.92,28.15,-15.36,25.59,-10.24,20.47,-2.56,17.91,5.12,10.24,10.24,5.12,17.92,5.12,28.16,2.56,33.28,2.56,38.4,2.56,43.52,0,46.08,2.56,46.08,0,43.52,5.12,38.4,5.12,30.72,5.12,20.48
2960603,-65,0,0,-10.24,7.67,0,10.24,10.24,12.8,17.92,15.36,23.04,17.92,25.6,17.92,28.16,15.36,28.16,10.24,25.6,5.12,20.48,0,17.92,-7.68,15.35,-12.8,7.67,-17.92,5.11,-23.04,-2.57,-20.49,-7.69,-23.05,-10.25,-23.05,-15.37,-23.05,-17.93,-17.93,-17.93,-15.37,-20.49,-10.25,-23.05,-7.69,-17.93,-2.57,-17.93,2.55,0,17.92,-10.24,5.11,0,0,0,0,0,0,0,0,0,0,0,0,0,0,0,0,0,0,0,0,0,0,-12.8,-28.17,-0.01,-23.05,10.23,-20.48,20.47,-12.8,25.59,-5.12,33.27,0,35.84,7.68,38.4,10.24,38.4,15.36,35.84,17.92,33.28,20.48,25.6,20.48,17.92,17.92,7.68,12.8,-2.56,12.79,-12.8,7.67,-20.48,2.55,-30.72,-0.01,-35.85,-2.57,-40.97,-7.69,-46.09,-7.69,-46.09,-12.81,-43.53,-10.25,-40.97,-7.69,-35.85,-2.57,-25.61,-0.01
2960631,-80,0,0,-2.56,23.03,7.68,10.24,10.24,7.68,25.6,2.56,28.16,-5.12,38.39,-17.92,38.39,-28.16,40.95,-30.72,46.07,-43.52,43.51,-46.08,46.07,-43.52,38.39,-43.52,43.51,-48.64,28.15,-35.84,25.59,-33.28,20.47,-23.04,17.91,-12.8,12.79,-2.56,15.35,7.68,-2.56,17.91,-2.56,28.15,-7.68,33.27,-17.92,28.15,-20.48,25.59,-25.6,25.59,-33.28,10.23,0,0,0,0,0,0,0,0,0,0,0,0,0,0,0,0,0,0,0,0,0,0,20.48,-23.04,30.71,-17.92,38.39,-15.36,43.51,-2.56,46.07,2.56,46.08,2.56,35.84,5.12,38.4,12.8,28.16,10.24,25.6,10.24,7.68,2.56,7.68,-2.56,2.55,-2.56,-0.01,-2.57,-7.69,-0.01,-15.37,-5.13,-20.49,-7.69,-25.61,-0.01,-28.17,5.11,-35.84,7.67,-40.96,5.11,-38.4,12.79,-35.84,17.91,-30.72,17.91,-20.48,17.91,-20.48,23.03
2960705,-64,0,0,20.48,2.56,7.68,0,-2.56,2.55,-12.8,5.11,-23.04,7.67,-25.6,10.23,-28.16,15.35,-25.6,17.91,-23.04,20.47,-17.92,23.03,-10.24,23.03,-2.56,17.91,2.56,7.68,10.24,10.24,12.8,5.12,5.12,-15.36,7.67,-5.12,2.55,-7.68,2.55,-23.04,-0.01,-17.93,-7.69,-17.93,-10.25,-17.93,-15.37,-17.93,-17.93,-12.81,-17.93,-10.25,-17.93,-2.57,2.55,0,0,0,0,0,0,0,0,0,0,0,0,0,0,0,0,0,0,0,0,0,-35.84,-2.57,-25.61,-7.69,-17.93,-12.81,-10.25,-20.49,-2.57,-28.17,5.11,-38.4,7.67,-43.52,10.23,-46.08,12.79,-48.64,15.35,-51.2,15.35,-48.64,15.35,-46.08,15.35,-38.4,15.35,-28.16,15.35,-17.92,17.91,-7.68,23.03,0,25.6,10.24,30.72,17.92,38.4,20.48,43.52,25.6,48.64,25.6,48.64,23.04,48.64,20.48,48.64,15.36,40.96,10.24
2960792,-79,0,0,-17.92,-33.29,-20.49,-25.61,-25.61,-25.61,-30.73,-25.61,-33.29,-28.17,-35.85,-23.05,-33.29,-23.05,-33.29,-17.93,-33.29,-20.49,-33.29,-20.49,-25.61,-15.37,-23.05,-12.81,-17.93,-7.69,-17.93,2.55,-17.92,2.55,-17.92,12.79,-20.48,23.03,-23.04,28.15,-33.28,30.71,-38.4,23.03,-46.08,20.47,-48.64,12.79,-51.2,2.55,-40.96,2.55,-38.4,-5.13,-25.61,-15.37,2.55,0,0,0,0,0,0,0,0,0,0,0,0,0,0,0,0,0,0,0,0,0,10.24,-12.8,17.91,-12.8,17.91,-12.8,12.79,-12.8,5.11,-17.92,12.79,-17.92,7.67,-17.92,12.79,-23.04,15.35,-25.6,15.35,-25.6,17.91,-28.16,12.79,-33.28,17.91,-33.28,15.35,-30.72,17.91,-30.72,15.35,-28.16,12.79,-33.28,10.23,-33.28,7.67,-30.72,5.11,-33.28,2.55,-33.28,2.55,-33.28,-2.57,-28.17,-10.25,-28.17,-10.25,-33.29,-10.25,-30.73
2960807,-65,0,0,10.24,7.68,10.24,-2.56,7.67,-12.8,2.55,-20.48,-2.57,-23.05,-5.13,-25.61,-10.25,-23.05,-10.25,-23.05,-15.37,-15.37,-15.37,-10.25,-15.37,-2.57,-12.81,2.55,-12.8,10.23,-7.68,15.35,-5.12,15.35,-2.56,17.91,10.24,12.8,5.12,7.68,-23.04,5.11,-7.68,2.55,20.48,2.56,15.36,-2.56,17.91,-7.68,15.35,-10.24,10.23,-10.24,10.23,-12.8,2.55,0,0,0,0,0,0,0,0,0,0,0,0,0,0,0,0,0,0,0,0,0,-25.6,-25.61,-12.81,-25.61,-5.13,-28.17,5.11,-30.72,12.79,-33.28,17.91,-33.28,25.59,-33.28,28.15,-33.28,30.71,-30.72,33.27,-30.72,30.71,-25.6,28.15,-20.48,23.03,-12.8,17.91,-5.12,12.79,2.56,5.12,10.24,2.56,20.48,0,28.16,0,35.84,-2.56,46.07,-2.56,51.19,0,48.64,0,48.64,5.12,46.08,7.68,38.4,10.24,28.16
2960895,-79,0,0,28.16,-17.92,28.15,-28.16,30.71,-23.04,23.03,-30.72,25.59,-35.84,25.59,-35.84,23.03,-35.84,25.59,-33.28,17.91,-30.72,20.47,-33.28,20.47,-25.6,15.35,-28.16,7.67,-15.36,2.55,-17.92,-5.13,-12.81,-10.25,-17.93,-15.37,-17.93,-23.05,-28.17,-23.05,-33.29,-28.17,-40.97,-17.93,-46.09,-12.81,-43.53,-2.57,-48.65,7.67,-43.52,10.23,-40.96,10.23,-23.04,2.55,0,0,0,0,0,0,0,0,0,0,0,0,0,0,0,0,0,0,0,0,0,7.68,5.12,10.24,7.68,7.68,5.12,12.8,7.68,10.24,10.24,10.24,5.12,17.92,5.12,20.48,10.24,25.6,7.68,28.16,10.24,25.6,12.8,30.72,15.36,30.72,12.8,23.04,17.92,28.16,17.92,30.72,15.36,30.72,12.8,28.16,10.24,33.28,7.68,33.28,-2.56,30.71,0,33.28,0,33.28,-7.68,38.39,-5.12,35.83,-7.68,28.15,-12.8
2960910,-65,0,0,-20.48,7.67,-5.12,12.79,5.12,7.68,15.36,5.12,25.6,2.56,30.72,0,33.28,-7.68,33.27,-10.24,28.15,-17.92,23.03,-20.48,15.35,-23.04,5.11,-23.04,-2.57,-20.49,-7.69,-20.49,-12.81,-15.37,-17.93,-10.25,-20.49,-5.13,-17.93,-0.01,-15.37,7.67,-15.36,12.79,-10.24,17.91,-5.12,20.47,-5.12,23.03,2.56,20.48,5.12,20.48,7.68,17.92,0,0,0,0,0,0,0,0,0,0,0,0,0,0,0,0,0,0,0,0,0,0,35.84,-20.48,35.83,-10.24,33.27,0,28.16,12.8,25.6,23.04,23.04,33.28,20.48,40.96,17.92,46.08,15.36,48.64,12.8,51.2,10.24,46.08,5.12,40.96,0,33.28,-7.68,25.59,-12.8,17.91,-20.48,7.67,-30.72,-0.01,-35.85,-5.13,-43.53,-12.81,-48.65,-15.37,-56.33,-15.37,-58.89,-17.93,-56.33,-12.81,-56.33,-10.25,-51.21,-2.57,-40.97,-0.01
2960997,-79,0,0,-28.16,-2.57,-28.17,-5.13,-33.29,-0.01,-35.85,2.55,-40.96,5.11,-38.4,10.23,-43.52,5.11,-38.4,12.79,-33.28,12.79,-38.4,10.23,-30.72,5.11,-25.6,12.79,-15.36,12.79,-10.24,15.35,-5.12,12.79,0,12.8,5.12,28.16,5.12,30.72,2.56,43.52,0,46.08,-7.68,48.63,-15.36,51.19,-20.48,43.51,-28.16,35.83,-25.6,25.59,-28.16,15.35,0,0,0,0,0,0,0,0,0,0,0,0,0,0,0,0,0,0,0,0,0,0,2.56,-20.48,7.67,-17.92,10.23,-20.48,5.11,-12.8,2.55,-20.48,2.55,-25.6,-2.57,-20.49,-2.57,-23.05,-2.57,-28.17,-0.01,-28.17,-2.57,-30.73,-0.01,-28.17,-5.13,-38.41,-2.57,-38.41,-2.57,-33.29,-2.57,-30.73,-10.25,-28.17,-7.69,-28.17,-10.25,-30.73,-15.37,-30.73,-20.49,-25.61,-23.05,-23.05,-20.49,-20.49,-25.61,-17.93,-28.17,-20.49,-28.17,-12.81
2961012,-65,0,0,-33.28,-7.69,-15.37,2.55,-5.12,2.55,5.12,0,15.36,-2.56,25.59,-5.12,30.71,-10.24,28.15,-15.36,25.59,-20.48,20.47,-20.48,12.79,-23.04,7.67,-20.48,-0.01,-17.93,-5.13,-15.37,-7.69,-7.69,-7.69,-2.57,-10.25,2.55,-7.68,10.23,-2.56,12.79,0,15.36,5.12,17.92,10.24,17.92,12.8,17.92,15.36,15.36,15.36,12.8,15.36,10.24,0,0,0,0,0,0,0,0,0,0,0,0,0,0,0,0,0,0,0,0,0,0,38.4,17.92,28.16,20.48,17.92,25.6,10.24,28.16,0,35.84,-7.68,43.51,-12.8,48.63,-17.92,51.19,-20.48,53.75,-23.04,56.31,-23.04,53.75,-23.04,48.63,-17.92,38.39,-17.92,25.59,-15.36,17.91,-17.92,5.11,-23.04,-5.13,-25.61,-17.93,-33.29,-25.61,-38.41,-33.29,-46.09,-35.85,-51.21,-38.41,-56.33,-38.41,-56.33,-30.73,-53.77,-25.61,-48.65,-17.93
2961031,-66,0,0,-20.48,20.47,-10.24,12.79,-5.12,2.55,2.56,-10.24,7.67,-15.36,7.67,-23.04,7.67,-28.16,5.11,-30.72,-0.01,-25.61,-2.57,-23.05,-10.25,-17.93,-12.81,-15.37,-15.37,-7.69,-15.37,-0.01,-10.25,5.11,-7.68,10.23,-5.12,12.79,5.12,12.8,7.68,12.8,12.8,10.24,20.48,10.24,23.04,2.56,25.6,2.56,28.16,0,51.2,-12.8,46.07,-5.12,2.55,0,0,0,0,0,0,0,0,0,0,0,0,0,0,0,0,0,0,0,0,0,25.6,-30.72,28.15,-20.48,30.71,-7.68,33.27,2.56,30.72,12.8,35.84,20.48,35.84,28.16,40.96,30.72,38.4,35.84,40.96,35.84,38.4,35.84,33.28,30.72,28.16,25.6,17.92,23.04,7.68,17.92,-2.56,15.35,-17.92,15.35,-28.16,15.35,-38.4,15.35,-46.08,20.47,-53.76,23.03,-56.32,28.15,-58.88,28.15,-56.32,33.27,-48.64,33.27,-38.4,30.71
2961050,-66,0,0,-7.68,28.15,-2.56,15.35,-2.56,5.11,0,-10.24,2.55,-17.92,-0.01,-23.05,-2.57,-28.17,-7.69,-28.17,-10.25,-25.61,-12.81,-20.49,-15.37,-15.37,-17.93,-7.69,-15.37,-0.01,-12.81,5.11,-12.8,10.23,-5.12,15.35,0,12.8,5.12,12.8,15.36,10.24,17.92,7.68,20.48,2.56,23.04,0,25.6,-7.68,25.59,-12.8,20.47,-12.8,20.47,-10.24,2.55,0,0,0,0,0,0,0,0,0,0,0,0,0,0,0,0,0,0,0,0,0,0,-40.96,12.79,-33.28,17.91,-25.6,28.15,-17.92,35.83,-10.24,43.51,-5.12,51.19,2.56,53.76,5.12,53.76,5.12,56.32,7.68,53.76,5.12,46.08,7.68,38.4,7.68,28.16,10.24,15.36,10.24,5.12,12.8,-7.68,20.47,-17.92,25.59,-25.6,35.83,-33.28,38.39,-38.4,48.63,-38.4,51.19,-38.4,53.75,-33.28,56.31,-28.16,53.75,-20.48,48.63
2961115,-66,0,0,0,23.04,-2.56,12.79,-5.12,2.55,-10.24,-5.13,-15.37,-10.25,-20.49,-15.37,-25.61,-15.37,-25.61,-10.25,-25.61,-5.13,-23.05,-0.01,-20.49,7.67,-15.36,12.79,-10.24,15.35,0,15.36,7.68,15.36,12.8,10.24,17.92,5.12,17.92,-2.56,20.47,-10.24,20.47,-17.92,15.35,-23.04,12.79,-30.72,7.67,-30.72,2.55,-30.72,-2.57,-25.61,-5.13,-23.05,2.55,0,0,0,0,0,0,0,0,0,0,0,0,0,0,0,0,0,0,0,0,0,-2.56,-46.09,7.67,-38.4,15.35,-30.72,20.47,-20.48,30.71,-10.24,38.39,-2.56,46.07,0,51.2,5.12,53.76,7.68,58.88,7.68,58.88,7.68,53.76,7.68,46.08,10.24,35.84,7.68,25.6,10.24,15.36,15.36,5.12,20.48,-2.56,33.27,-7.68,40.95,-12.8,51.19,-12.8,56.31,-12.8,61.43,-12.8,63.99,-7.68,61.43,-5.12,58.87,-2.56,46.07
2961217,-65,0,0,0,-20.48,-5.13,-10.25,-12.81,-2.57,-20.49,10.23,-23.04,17.91,-23.04,23.03,-23.04,30.71,-17.92,33.27,-12.8,35.83,-5.12,33.27,2.56,28.16,12.8,23.04,15.36,17.92,20.48,10.24,23.04,2.56,23.04,-2.56,23.03,-10.24,20.47,-15.36,15.35,-20.48,10.23,-23.04,5.11,-25.6,-0.01,-23.05,-5.13,-25.61,-7.69,-20.49,-10.25,-20.49,-12.81,-15.37,2.55,0,0,0,0,0,0,0,0,0,0,0,0,0,0,0,0,0,0,0,0,0,10.24,43.52,0,35.84,-10.24,33.27,-20.48,28.15,-30.72,20.47,-38.4,12.79,-43.52,5.11,-48.64,-0.01,-46.09,-5.13,-48.65,-7.69,-46.09,-10.25,-38.41,-12.81,-28.17,-15.37,-20.49,-17.93,-10.25,-15.37,2.55,-20.48,12.79,-23.04,25.59,-28.16,30.71,-30.72,38.39,-33.28,43.51,-38.4,46.07,-38.4,43.51,-38.4,38.39,-38.4,33.27,-38.4,25.59,-33.28
2961232,-80,0,0,-20.48,-28.17,-20.49,-30.73,-28.17,-25.61,-25.61,-25.61,-30.73,-15.37,-28.17,-12.81,-25.61,-7.69,-25.61,-5.13,-15.37,-0.01,-10.25,-0.01,-0.01,7.67,2.56,0,10.24,-5.12,25.59,0,25.6,-5.12,33.27,0,35.84,-2.56,40.95,-5.12,43.51,0,40.96,2.56,35.84,2.56,33.28,5.12,28.16,12.8,23.04,17.92,17.92,23.04,12.8,23.04,0,0,0,0,0,0,0,0,0,0,0,0,0,0,0,0,0,0,0,0,0,0,23.04,-15.36,25.59,-10.24,17.91,-2.56,12.79,0,2.56,2.56,-5.12,7.67,-5.12,12.79,-15.36,12.79,-15.36,10.23,-20.48,12.79,-17.92,15.35,-20.48,17.91,-17.92,15.35,-15.36,15.35,-12.8,10.23,-5.12,12.79,-7.68,15.35,-2.56,10.23,0,7.68,2.56,0,5.12,-7.68,5.11,-10.24,5.11,-15.36,2.55,-20.48,-2.57,-20.49,-7.69,-25.61
2961280,-65,0,0,-7.68,17.91,2.56,12.8,12.8,2.56,23.04,-5.12,28.15,-10.24,30.71,-17.92,33.27,-23.04,30.71,-25.6,28.15,-28.16,23.03,-28.16,15.35,-28.16,7.67,-25.6,-0.01,-20.49,-7.69,-15.37,-15.37,-10.25,-17.93,-5.13,-20.49,-0.01,-23.05,7.67,-25.6,12.79,-23.04,17.91,-23.04,23.03,-20.48,25.59,-17.92,28.15,-15.36,25.59,-10.24,25.59,-10.24,23.03,0,0,0,0,0,0,0,0,0,0,0,0,0,0,0,0,0,0,0,0,0,0,-20.48,-33.29,-7.69,-30.73,5.11,-30.72,15.35,-28.16,25.59,-25.6,35.83,-20.48,40.95,-15.36,46.07,-12.8,48.63,-7.68,48.63,-2.56,43.51,0,33.28,5.12,25.6,7.68,12.8,10.24,2.56,12.8,-10.24,15.35,-20.48,20.47,-30.72,25.59,-38.4,25.59,-46.08,30.71,-51.2,30.71,-51.2,33.27,-51.2,33.27,-48.64,33.27,-40.96,33.27,-30.72,28.15
2961285,-65,0,0,17.92,-2.56,10.23,-10.24,-0.01,-15.37,-10.25,-15.37,-20.49,-20.49,-28.17,-20.49,-30.73,-20.49,-35.85,-17.93,-33.29,-12.81,-30.73,-5.13,-28.17,-0.01,-23.05,5.11,-23.04,12.79,-12.8,17.91,-7.68,20.47,-2.56,20.47,5.12,20.48,12.8,17.92,17.92,15.36,20.48,12.8,23.04,10.24,28.16,7.68,28.16,5.12,28.16,2.56,23.04,0,20.48,0,0,0,0,0,0,0,0,0,0,0,0,0,0,0,0,0,0,0,0,0,0,0,-20.48,33.27,-25.6,23.03,-28.16,12.79,-33.28,2.55,-33.28,-10.25,-30.73,-20.49,-28.17,-28.17,-28.17,-30.73,-25.61,-35.85,-20.49,-38.41,-17.93,-35.85,-10.25,-30.73,-2.57,-25.61,5.11,-17.92,12.79,-10.24,17.91,0,23.04,7.68,33.28,15.36,38.4,20.48,43.52,25.6,48.64,28.16,51.2,30.72,48.64,28.16,48.64,25.6,43.52,20.48,38.4,12.8
2961314,-78,0,0,-25.6,-2.57,-20.49,-0.01,-25.61,5.11,-28.16,5.11,-25.6,12.79,-33.28,12.79,-33.28,10.23,-33.28,10.23,-28.16,15.35,-28.16,10.23,-25.6,10.23,-15.36,10.23,-12.8,12.79,-7.68,12.79,0,12.8,2.56,15.36,5.12,17.92,12.8,28.16,7.68,25.6,5.12,33.28,2.56,40.96,-5.12,40.95,-5.12,38.39,-17.92,35.83,-15.36,30.71,-20.48,20.47,0,0,0,0,0,0,0,0,0,0,0,0,0,0,0,0,0,0,0,0,0,0,7.68,-23.04,7.67,-2.56,10.23,-7.68,2.55,-10.24,7.67,-15.36,5.11,-17.92,-0.01,-12.81,7.67,-20.48,5.11,-25.6,2.55,-28.16,5.11,-28.16,-10.25,-30.73,10.23,-28.16,7.67,-30.72,-7.69,-25.61,-5.13,-35.85,-2.57,-33.29,-0.01,-20.49,2.55,-20.48,-10.25,-20.49,-5.13,-28.17,-10.25,-15.37,-10.25,-15.37,-15.37,-17.93,-25.61,-12.81,-23.05,-10.25
2961333,-65,0,0,2.56,-12.8,-2.57,-2.57,-12.81,-2.57,-23.05,-5.13,-28.17,-0.01,-30.73,2.55,-30.72,-2.57,-28.17,10.23,-25.6,10.23,-23.04,12.79,-20.48,20.47,-15.36,20.47,-5.12,20.47,0,12.8,15.36,15.36,20.48,7.68,23.04,5.12,28.16,-2.56,30.71,-5.12,33.27,-12.8,28.15,-15.36,28.15,-17.92,23.03,-17.92,17.91,-17.92,12.79,-17.92,10.23,-15.36,2.55,0,0,0,0,0,0,0,0,0,0,0,0,0,0,0,0,0,0,0,0,0,0,30.72,-10.24,25.59,-17.92,23.03,-23.04,17.91,-30.72,7.67,-28.16,2.55,-33.28,-2.57,-20.49,-7.69,-28.17,-17.93,-28.17,-20.49,-30.73,-25.61,-25.61,-17.93,-15.37,-20.49,-7.69,-15.37,5.11,-15.36,15.35,-12.8,23.03,-17.92,30.71,-7.68,35.83,-7.68,38.39,-7.68,38.39,-7.68,46.07,0,35.84,-7.68,46.07,-10.24,38.39,-10.24,28.15,-7.68
2961302,-65,0,0,17.92,-2.56,10.23,-10.24,-0.01,-15.37,-10.25,-15.37,-20.49,-20.49,-28.17,-20.49,-30.73,-20.49,-35.85,-17.93,-33.29,-12.81,-30.73,-5.13,-28.17,-0.01,-23.05,5.11,-23.04,12.79,-12.8,17.91,-7.68,20.47,-2.56,20.47,5.12,20.48,12.8,17.92,17.92,15.36,20.48,12.8,23.04,10.24,28.16,7.68,28.16,5.12,28.16,2.56,23.04,0,20.48,0,0,0,0,0,0,0,0,0,0,0,0,0,0,0,0,0,0,0,0,0,0,0,-20.48,33.27,-25.6,23.03,-28.16,12.79,-33.28,2.55,-33.28,-10.25,-30.73,-20.49,-28.17,-28.17,-28.17,-30.73,-25.61,-35.85,-20.49,-38.41,-17.93,-35.85,-10.25,-30.73,-2.57,-25.61,5.11,-17.92,12.79,-10.24,17.91,0,23.04,7.68,33.28,15.36,38.4,20.48,43.52,25.6,48.64,28.16,51.2,30.72,48.64,28.16,48.64,25.6,43.52,20.48,38.4,12.8
2961409,-79,0,0,20.48,-30.72,15.35,-35.84,20.47,-38.4,12.79,-40.96,12.79,-40.96,7.67,-43.52,12.79,-46.08,10.23,-43.52,10.23,-38.4,7.67,-38.4,5.11,-33.28,5.11,-25.6,-0.01,-23.05,-10.25,-17.93,-7.69,-2.57,-20.49,2.55,-35.84,-0.01,-40.97,2.55,-48.64,-2.57,-48.65,-10.25,-56.33,-15.37,-48.65,-28.17,-38.41,-35.85,-35.85,-30.73,-23.05,-28.17,-5.13,-30.73,2.55,0,0,0,0,0,0,0,0,0,0,0,0,0,0,0,0,0,0,0,0,0,7.68,15.36,7.68,15.36,7.68,10.24,7.68,12.8,7.68,10.24,15.36,12.8,17.92,15.36,20.48,10.24,25.6,12.8,25.6,12.8,30.72,15.36,33.28,15.36,30.72,20.48,33.28,20.48,33.28,17.92,30.72,12.8,35.84,12.8,25.6,7.68,28.16,10.24,35.84,2.56,33.28,-2.56,30.71,-7.68,33.27,-10.24,33.27,-12.8,30.71,-17.92,25.59,-20.48
2961524,-66,0,0,7.68,-10.24,15.35,-5.12,25.59,0,28.16,0,35.84,0,35.84,-2.56,40.95,-7.68,35.83,-10.24,30.71,-12.8,20.47,-17.92,12.79,-17.92,5.11,-12.8,-2.57,-7.69,-7.69,-2.57,-10.25,5.11,-12.8,12.79,-7.68,20.47,-5.12,25.59,0,25.6,7.68,25.6,12.8,23.04,17.92,20.48,17.92,15.36,20.48,10.24,17.92,5.12,15.36,0,0,0,0,0,0,0,0,0,0,0,0,0,0,0,0,0,0,0,0,0,0,0,-58.88,23.03,-51.2,17.91,-43.52,10.23,-35.84,2.55,-28.16,-5.13,-23.05,-15.37,-20.49,-23.05,-17.93,-28.17,-17.93,-33.29,-17.93,-38.41,-17.93,-40.97,-17.93,-40.97,-15.37,-40.97,-7.69,-40.97,-5.13,-38.41,-0.01,-38.41,2.55,-43.52,7.67,-46.08,7.67,-51.2,10.23,-51.2,10.23,-53.76,7.67,-53.76,5.11,-48.64,5.11,-46.08,2.55,-38.4,2.55,-28.16
2961611,-81,0,0,-51.2,-7.69,-40.97,7.67,-51.2,15.35,-38.4,12.79,-51.2,15.35,-51.2,30.71,-46.08,25.59,-53.76,23.03,-43.52,33.27,-40.96,25.59,-35.84,23.03,-20.48,15.35,-20.48,20.47,-7.68,23.03,2.56,20.48,7.68,23.04,10.24,28.16,20.48,38.4,20.48,51.2,12.8,58.88,-2.56,69.11,2.56,69.12,-25.6,63.99,-25.6,48.63,-35.84,38.39,-23.04,25.59,0,0,0,0,0,0,0,0,0,0,0,0,0,0,0,0,0,0,0,0,0,0,7.68,-20.48,-5.13,-23.05,2.55,-17.92,-5.13,-25.61,-7.69,-20.49,-7.69,-20.49,-5.13,-28.17,-12.81,-28.17,-7.69,-28.17,-15.37,-25.61,-15.37,-30.73,-15.37,-38.41,-12.81,-48.65,-10.25,-40.97,-12.81,-40.97,-20.49,-43.53,-17.93,-33.29,-23.05,-33.29,-23.05,-35.85,-28.17,-30.73,-28.17,-38.41,-33.29,-20.49,-30.73,-17.93,-25.61,-15.37,-33.29,-25.61,-33.29,-23.05
2961627,-66,0,0,0,5.12,7.68,2.56,12.8,-7.68,17.91,-15.36,20.47,-23.04,20.47,-25.6,17.91,-30.72,12.79,-30.72,7.67,-28.16,-0.01,-25.61,-5.13,-23.05,-12.81,-15.37,-15.37,-7.69,-17.93,-2.57,-20.49,2.55,-23.04,10.23,-17.92,12.79,-17.92,17.91,-12.8,23.03,-7.68,25.59,-2.56,25.59,0,23.04,5.12,20.48,5.12,17.92,7.68,15.36,10.24,10.24,0,0,0,0,0,0,0,0,0,0,0,0,0,0,0,0,0,0,0,0,0,0,5.12,-40.96,12.79,-33.28,12.79,-25.6,20.47,-15.36,25.59,-10.24,30.71,-2.56,33.27,5.12,28.16,10.24,30.72,15.36,25.6,17.92,23.04,20.48,20.48,23.04,12.8,23.04,5.12,23.04,0,20.48,-12.8,23.03,-20.48,25.59,-25.6,25.59,-33.28,25.59,-33.28,25.59,-38.4,28.15,-38.4,25.59,-33.28,28.15,-30.72,28.15,-23.04,25.59,-15.36,20.47
2961645,-80,0,0,33.28,-35.84,28.15,-38.4,20.47,-43.52,23.03,-48.64,12.79,-51.2,7.67,-48.64,2.55,-43.52,-2.57,-28.17,-2.57,-23.05,-2.57,-10.25,-7.69,-5.13,-7.69,7.67,-5.12,20.47,0,28.16,0,38.4,0,38.4,-5.12,53.75,-7.68,56.31,-7.68,61.43,-12.8,58.87,-15.36,56.31,-23.04,51.19,-30.72,38.39,-28.16,25.59,-38.4,17.91,-35.84,7.67,0,0,0,0,0,0,0,0,0,0,0,0,0,0,0,0,0,0,0,0,0,0,38.4,-10.24,33.27,0,25.6,0,10.24,2.56,-2.56,10.23,-10.24,7.67,-17.92,5.11,-17.92,-2.57,-30.73,2.55,-33.28,-7.69,-33.29,-5.13,-38.41,-2.57,-30.73,-2.57,-33.29,-2.57,-25.61,2.55,-28.16,-0.01,-20.49,5.11,-15.36,10.23,-7.68,5.11,2.56,5.12,5.12,7.68,15.36,0,20.48,-2.56,30.71,-10.24,33.27,-23.04,30.71,-25.6
2961729,-66,0,0,-28.16,-7.69,-7.69,-5.13,5.11,-7.68,12.79,-12.8,20.47,-17.92,25.59,-25.6,28.15,-30.72,23.03,-33.28,17.91,-35.84,10.23,-33.28,5.11,-28.16,-0.01,-20.49,-5.13,-12.81,-7.69,-5.13,-5.13,2.55,-5.12,7.67,0,10.24,5.12,12.8,7.68,12.8,12.8,10.24,15.36,10.24,17.92,7.68,17.92,2.56,17.92,0,15.36,-2.56,15.35,-2.56,2.55,0,0,0,0,0,0,0,0,0,0,0,0,0,0,0,0,0,0,0,0,0,20.48,46.08,10.24,38.4,2.56,35.84,-7.68,30.71,-17.92,30.71,-28.16,28.15,-35.84,28.15,-40.96,30.71,-46.08,33.27,-46.08,35.83,-46.08,35.83,-40.96,33.27,-35.84,28.15,-33.28,17.91,-28.16,10.23,-28.16,-0.01,-25.61,-10.25,-28.17,-17.93,-33.29,-25.61,-38.41,-33.29,-46.09,-35.85,-51.21,-35.85,-53.77,-30.73,-53.77,-28.17,-51.21,-20.49,-43.53,-12.81
2961816,-79,0,0,-35.84,15.35,-33.28,17.91,-33.28,23.03,-25.6,25.59,-35.84,28.15,-30.72,30.71,-30.72,30.71,-28.16,30.71,-28.16,30.71,-23.04,25.59,-17.92,25.59,-15.36,23.03,-10.24,25.59,-2.56,12.79,5.12,15.36,12.8,15.36,17.92,17.92,28.16,23.04,28.16,28.16,28.16,40.96,17.92,46.08,17.92,53.76,7.68,51.2,-5.12,48.63,-7.68,38.39,-10.24,35.83,0,0,0,0,0,0,0,0,0,0,0,0,0,0,0,0,0,0,0,0,0,0,-7.68,-15.37,-5.13,-17.93,-7.69,-15.37,-5.13,-17.93,-7.69,-17.93,-10.25,-15.37,-15.37,-15.37,-15.37,-17.93,-15.37,-17.93,-23.05,-25.61,-23.05,-17.93,-20.49,-23.05,-23.05,-25.61,-28.17,-23.05,-23.05,-28.17,-25.61,-23.05,-23.05,-23.05,-25.61,-23.05,-28.17,-17.93,-25.61,-12.81,-28.17,-15.37,-33.29,-7.69,-28.17,-2.57,-25.61,-0.01,-30.73,2.55,-33.28,10.23
2961934,-66,0,0,-2.56,2.55,5.12,5.12,12.8,10.24,20.48,12.8,25.6,10.24,28.16,10.24,30.72,7.68,30.72,2.56,28.16,-2.56,23.03,-7.68,17.91,-12.8,12.79,-15.36,5.11,-15.36,-0.01,-12.81,-7.69,-12.81,-12.81,-10.25,-17.93,-5.13,-20.49,-2.57,-17.93,5.11,-23.04,7.67,-17.92,30.71,-7.68,23.03,-48.64,17.91,-7.68,30.71,-7.68,17.91,-2.56,17.91,0,0,0,0,0,0,0,0,0,0,0,0,0,0,0,0,0,0,0,0,0,0,35.84,25.6,28.16,23.04,17.92,23.04,10.24,20.48,0,20.48,-10.24,23.03,-17.92,23.03,-23.04,20.47,-28.16,17.91,-33.28,17.91,-35.84,12.79,-35.84,10.23,-33.28,5.11,-30.72,-2.57,-25.61,-7.69,-23.05,-12.81,-23.05,-17.93,-20.49,-23.05,-20.49,-30.73,-20.49,-33.29,-20.49,-33.29,-20.49,-33.29,-17.93,-30.73,-15.37,-25.61,-15.37,-20.49,-7.69,-12.81
2961999,-81,0,0,-48.64,12.79,-53.76,20.47,-48.64,33.27,-38.4,33.27,-43.52,25.59,-43.52,28.15,-15.36,30.71,-23.04,30.71,-12.8,28.15,-2.56,15.35,2.56,0,17.92,-7.68,17.91,-15.36,20.47,-20.48,25.59,-28.16,35.83,-35.84,43.51,-43.52,30.71,-43.52,38.39,-35.84,46.07,-38.4,53.75,-28.16,53.75,-15.36,40.95,-7.68,40.95,5.12,40.96,15.36,23.04,20.48,0,0,0,0,0,0,0,0,0,0,0,0,0,0,0,0,0,0,0,0,0,0,-38.4,5.11,-28.16,-2.57,-15.37,-7.69,-10.25,-10.25,2.55,-7.68,12.79,-7.68,23.03,2.56,20.48,2.56,17.92,7.68,25.6,15.36,33.28,17.92,35.84,17.92,30.72,15.36,28.16,10.24,33.28,12.8,28.16,2.56,17.92,0,15.36,-2.56,12.79,-7.68,-0.01,-10.25,-12.81,-10.25,-15.37,-15.37,-20.49,-7.69,-23.05,-0.01,-46.09,-10.25,-38.41,15.35
2962023,-79,0,0,33.28,12.8,30.72,5.12,33.28,0,35.84,0,46.08,-5.12,51.19,-2.56,46.07,-5.12,48.63,-5.12,40.95,-2.56,38.39,-2.56,35.83,-2.56,28.15,-7.68,20.47,-12.8,12.79,-10.24,2.55,-15.36,-5.13,-17.93,-2.57,-23.05,-7.69,-35.85,2.55,-48.64,5.11,-51.2,10.23,-53.76,17.91,-51.2,25.59,-46.08,28.15,-33.28,28.15,-28.16,30.71,-20.48,2.55,0,0,0,0,0,0,0,0,0,0,0,0,0,0,0,0,0,0,0,0,0,-12.8,12.79,-7.68,10.23,-12.8,12.79,-12.8,15.35,-10.24,17.91,-7.68,20.47,-7.68,23.03,-7.68,28.15,-10.24,25.59,-7.68,30.71,-12.8,30.71,-7.68,38.39,-7.68,38.39,-7.68,35.83,-7.68,40.95,-7.68,38.39,-2.56,40.95,-2.56,40.95,5.12,30.72,5.12,28.16,5.12,33.28,10.24,28.16,15.36,28.16,20.48,25.6,20.48,20.48,20.48,17.92
2962054,-79,0,0,30.72,10.24,33.28,10.24,35.84,5.12,38.4,2.56,38.4,-2.56,40.95,-5.12,43.51,-2.56,46.07,0,35.84,2.56,38.4,2.56,35.84,0,25.6,-2.56,25.59,0,10.24,-10.24,7.67,-15.36,-2.57,-20.49,-2.57,-28.17,5.11,-38.4,7.67,-43.52,15.35,-46.08,23.03,-48.64,23.03,-43.52,33.27,-43.52,38.39,-28.16,33.27,-17.92,33.27,-15.36,2.55,0,0,0,0,0,0,0,0,0,0,0,0,0,0,0,0,0,0,0,0,0,-10.24,17.91,-5.12,17.91,-5.12,15.35,-12.8,20.47,-7.68,17.91,-2.56,20.47,-7.68,23.03,-2.56,25.59,-5.12,20.47,-7.68,30.71,-2.56,30.71,-7.68,35.83,-5.12,35.83,-7.68,38.39,-5.12,38.39,0,38.4,0,38.4,2.56,33.28,7.68,33.28,10.24,30.72,10.24,30.72,10.24,28.16,10.24,33.28,20.48,25.6,20.48,15.36,28.16,15.36
2962123,-79,0,0,33.28,-2.56,28.15,2.56,28.16,-7.68,35.83,-7.68,43.51,-12.8,35.83,-15.36,33.27,-15.36,33.27,-23.04,30.71,-15.36,30.71,-12.8,25.59,-7.68,25.59,-12.8,7.67,-10.24,12.79,-12.8,5.11,-15.36,-5.13,-20.49,-12.81,-25.61,-12.81,-28.17,-10.25,-30.73,-5.13,-38.41,-0.01,-43.53,5.11,-43.52,23.03,-43.52,15.35,-35.84,17.91,-28.16,25.59,-23.04,2.55,0,0,0,0,0,0,0,0,0,0,0,0,0,0,0,0,0,0,0,0,0,-5.12,17.91,-7.68,17.91,-2.56,15.35,-2.56,12.79,0,15.36,0,15.36,5.12,17.92,2.56,20.48,2.56,23.04,0,25.6,15.36,20.48,10.24,30.72,5.12,25.6,5.12,35.84,5.12,35.84,7.68,28.16,15.36,33.28,7.68,25.6,15.36,23.04,15.36,28.16,23.04,23.04,15.36,23.04,23.04,12.8,20.48,12.8,20.48,10.24,25.6,7.68
2962139,-67,0,0,7.68,5.12,2.56,-5.12,-0.01,-2.57,-10.25,-10.25,-20.49,-17.93,-23.05,-17.93,-23.05,-12.81,-28.17,-7.69,-30.73,2.55,-25.6,5.11,-20.48,12.79,-7.68,12.79,-5.12,17.91,2.56,23.04,5.12,23.04,7.68,17.92,15.36,12.8,15.36,5.12,17.92,-2.56,17.91,-10.24,15.35,-17.92,10.23,-23.04,7.67,-25.6,5.11,-25.6,-0.01,-23.05,-2.57,-23.05,2.55,0,0,0,0,0,0,0,0,0,0,0,0,0,0,0,0,0,0,0,0,0,-12.8,-40.97,7.67,-33.28,-2.57,-17.93,10.23,-25.6,20.47,-23.04,30.71,-25.6,40.95,-23.04,46.07,-23.04,51.19,-20.48,53.75,-23.04,53.75,-17.92,48.63,-15.36,43.51,-12.8,35.83,0,25.6,2.56,17.92,12.8,12.8,17.92,12.8,25.6,10.24,38.4,10.24,43.52,10.24,48.64,10.24,51.2,15.36,46.08,15.36,46.08,15.36,33.28,12.8,25.6
2962158,-81,0,0,10.24,-43.52,10.23,-43.52,2.55,-43.52,2.55,-46.08,-2.57,-43.53,-5.13,-38.41,-10.25,-30.73,-10.25,-25.61,-10.25,-17.93,-7.69,-7.69,-5.13,2.55,-5.12,7.67,-5.12,20.47,0,17.92,7.68,30.72,10.24,40.96,12.8,38.4,10.24,46.08,7.68,43.52,2.56,46.08,2.56,46.08,-7.68,40.95,-17.92,35.83,-25.6,33.27,-25.6,23.03,-30.72,12.79,0,0,0,0,0,0,0,0,0,0,0,0,0,0,0,0,0,0,0,0,0,0,17.92,-28.16,23.03,-17.92,15.35,-10.24,7.67,-2.56,5.11,5.12,-5.12,12.79,-10.24,12.79,-15.36,12.79,-23.04,12.79,-25.6,10.23,-28.16,15.35,-25.6,15.35,-28.16,15.35,-20.48,12.79,-20.48,15.35,-17.92,17.91,-7.68,15.35,-2.56,12.79,-2.56,12.79,2.56,10.24,5.12,2.56,12.8,0,15.36,-7.68,20.47,-12.8,20.47,-23.04,15.35,-33.28
2962172,-81,0,0,10.24,-43.52,10.23,-43.52,2.55,-43.52,2.55,-46.08,-2.57,-43.53,-5.13,-38.41,-10.25,-30.73,-10.25,-25.61,-10.25,-17.93,-7.69,-7.69,-5.13,2.55,-5.12,7.67,-5.12,20.47,0,17.92,7.68,30.72,10.24,40.96,12.8,38.4,10.24,46.08,7.68,43.52,2.56,46.08,2.56,46.08,-7.68,40.95,-17.92,35.83,-25.6,33.27,-25.6,23.03,-30.72,12.79,0,0,0,0,0,0,0,0,0,0,0,0,0,0,0,0,0,0,0,0,0,0,17.92,-28.16,23.03,-17.92,15.35,-10.24,7.67,-2.56,5.11,5.12,-5.12,12.79,-10.24,12.79,-15.36,12.79,-23.04,12.79,-25.6,10.23,-28.16,15.35,-25.6,15.35,-28.16,15.35,-20.48,12.79,-20.48,15.35,-17.92,17.91,-7.68,15.35,-2.56,12.79,-2.56,12.79,2.56,10.24,5.12,2.56,12.8,0,15.36,-7.68,20.47,-12.8,20.47,-23.04,15.35,-33.28
2962241,-65,0,0,10.24,-15.36,-5.13,10.23,-12.8,15.35,-20.48,17.91,-20.48,23.03,-15.36,25.59,-12.8,30.71,-7.68,28.15,0,23.04,2.56,17.92,10.24,15.36,15.36,7.68,17.92,0,20.48,-5.12,25.59,-20.48,12.79,-23.04,10.23,-17.92,2.55,-23.04,-5.13,-12.81,-15.37,-12.81,-15.37,-10.25,-20.49,-0.01,-23.05,-0.01,-20.49,5.11,-23.04,10.23,-17.92,10.23,0,0,0,0,0,0,0,0,0,0,0,0,0,0,0,0,0,0,0,0,0,0,-46.08,-7.69,-35.85,-10.25,-25.61,-10.25,-15.37,-15.37,-7.69,-23.05,2.55,-28.16,10.23,-33.28,15.35,-35.84,17.91,-40.96,23.03,-40.96,25.59,-38.4,28.15,-35.84,28.15,-30.72,28.15,-25.6,28.15,-17.92,30.71,-12.8,35.83,-7.68,38.39,-2.56,40.95,0,40.96,0,40.96,2.56,38.4,2.56,38.4,0,30.72,-5.12,25.59,-5.12,10.23,-2.56
2962281,-66,0,0,-5.12,12.79,2.56,12.8,12.8,12.8,20.48,10.24,25.6,7.68,28.16,5.12,28.16,0,25.6,-5.12,25.59,-10.24,20.47,-15.36,12.79,-17.92,5.11,-20.48,-2.57,-20.49,-10.25,-17.93,-12.81,-15.37,-15.37,-10.25,-17.93,-10.25,-17.93,-2.57,-15.37,2.55,-12.8,7.67,-10.24,12.79,-5.12,15.35,-2.56,17.91,0,15.36,2.56,15.36,5.12,15.36,0,0,0,0,0,0,0,0,0,0,0,0,0,0,0,0,0,0,0,0,0,0,38.4,-12.8,33.27,-7.68,30.71,2.56,23.04,12.8,17.92,17.92,12.8,25.6,7.68,30.72,5.12,35.84,2.56,35.84,-5.12,40.95,-7.68,35.83,-10.24,33.27,-12.8,25.59,-17.92,17.91,-20.48,10.23,-28.16,2.55,-33.28,-5.13,-33.29,-10.25,-38.41,-12.81,-43.53,-15.37,-46.09,-17.93,-46.09,-15.37,-43.53,-12.81,-38.41,-7.69,-33.29,-2.57,-23.05,2.55
2962285,-66,0,0,12.8,0,7.68,-10.24,7.67,-20.48,5.11,-25.6,-2.57,-25.61,-7.69,-28.17,-12.81,-25.61,-15.37,-23.05,-17.93,-15.37,-17.93,-10.25,-17.93,-2.57,-17.93,5.11,-20.48,12.79,-15.36,17.91,-10.24,23.03,-7.68,23.03,0,20.48,2.56,17.92,5.12,12.8,10.24,7.68,12.8,2.56,15.36,-2.56,17.91,-7.68,15.35,-10.24,15.35,-12.8,12.79,-15.36,2.55,0,0,0,0,0,0,0,0,0,0,0,0,0,0,0,0,0,0,0,0,0,-30.72,-28.17,-17.93,-28.17,-17.93,-30.73,2.55,-25.6,17.91,-35.84,17.91,0,20.48,-25.6,33.27,-23.04,33.27,-20.48,38.39,-17.92,35.83,-12.8,30.71,-7.68,28.15,0,20.48,7.68,15.36,12.8,10.24,20.48,5.12,28.16,2.56,35.84,2.56,43.52,2.56,46.08,2.56,48.64,2.56,48.64,5.12,46.08,5.12,40.96,7.68,33.28,10.24,23.04
2962302,-66,0,0,12.8,0,7.68,-10.24,7.67,-20.48,5.11,-25.6,-2.57,-25.61,-7.69,-28.17,-12.81,-25.61,-15.37,-23.05,-17.93,-15.37,-17.93,-10.25,-17.93,-2.57,-17.93,5.11,-20.48,12.79,-15.36,17.91,-10.24,23.03,-7.68,23.03,0,20.48,2.56,17.92,5.12,12.8,10.24,7.68,12.8,2.56,15.36,-2.56,17.91,-7.68,15.35,-10.24,15.35,-12.8,12.79,-15.36,2.55,0,0,0,0,0,0,0,0,0,0,0,0,0,0,0,0,0,0,0,0,0,-30.72,-28.17,-17.93,-28.17,-17.93,-30.73,2.55,-25.6,17.91,-35.84,17.91,0,20.48,-25.6,33.27,-23.04,33.27,-20.48,38.39,-17.92,35.83,-12.8,30.71,-7.68,28.15,0,20.48,7.68,15.36,12.8,10.24,20.48,5.12,28.16,2.56,35.84,2.56,43.52,2.56,46.08,2.56,48.64,2.56,48.64,5.12,46.08,5.12,40.96,7.68,33.28,10.24,23.04
2962446,-67,0,0,12.8,17.92,5.12,5.12,0,-2.56,-5.13,-5.13,-12.81,-7.69,-20.49,-5.13,-25.61,-5.13,-25.61,2.55,-28.16,7.67,-23.04,12.79,-17.92,17.91,-10.24,20.47,-2.56,23.03,0,17.92,7.68,12.8,10.24,7.68,10.24,2.56,10.24,-2.56,5.11,-7.68,-0.01,-10.25,-5.13,-12.81,-10.25,-15.37,-12.81,-15.37,-15.37,-12.81,-17.93,-10.25,-17.93,-7.69,2.55,0,0,0,0,0,0,0,0,0,0,0,0,0,0,0,0,0,0,0,0,0,15.36,-56.32,17.91,-40.96,23.03,-30.72,28.15,-20.48,30.71,-7.68,38.39,0,40.96,7.68,46.08,12.8,48.64,15.36,51.2,15.36,51.2,12.8,46.08,15.36,40.96,12.8,30.72,15.36,23.04,17.92,15.36,20.48,7.68,28.16,2.56,35.84,-2.56,48.63,-2.56,53.75,-2.56,61.43,2.56,61.44,5.12,58.88,10.24,53.76,15.36,51.2,17.92,40.96
2962461,-80,0,0,-43.52,-17.93,-46.09,-15.37,-46.09,-10.25,-53.77,-5.13,-53.77,-5.13,-46.09,5.11,-35.84,10.23,-30.72,10.23,-28.16,7.67,-12.8,10.23,-2.56,-0.01,10.23,5.12,12.8,-2.56,23.03,-7.68,38.39,-7.68,43.51,-10.24,56.31,-10.24,56.31,-7.68,56.31,-7.68,58.87,-2.56,53.75,2.56,43.52,5.12,38.4,12.8,25.6,17.92,20.48,23.04,2.56,28.16,0,0,0,0,0,0,0,0,0,0,0,0,0,0,0,0,0,0,0,0,0,0,-15.36,-30.73,-10.25,-25.61,-2.57,-25.61,-0.01,-10.25,12.79,-7.68,2.55,2.56,5.12,15.36,-2.56,23.03,0,28.16,2.56,28.16,5.12,25.6,0,28.16,5.12,25.6,10.24,33.28,10.24,28.16,12.8,17.92,2.56,12.8,15.36,12.8,7.68,0,0,0,0,-7.68,-0.01,-7.69,-5.13,-17.93,-10.25,-23.05,-20.49,-33.29,-28.17,-30.73
2962534,-79,0,0,35.84,7.68,35.84,10.24,33.28,5.12,40.96,0,40.96,0,38.4,-7.68,46.07,-12.8,43.51,-5.12,43.51,-5.12,46.07,-2.56,35.83,-7.68,28.15,-5.12,20.47,-10.24,10.23,-12.8,2.55,-20.48,-0.01,-20.49,-10.25,-30.73,-10.25,-43.53,-5.13,-48.65,-2.57,-53.77,2.55,-58.88,10.23,-51.2,17.91,-56.32,28.15,-40.96,28.15,-38.4,30.71,-23.04,2.55,0,0,0,0,0,0,0,0,0,0,0,0,0,0,0,0,0,0,0,0,0,-15.36,10.23,-12.8,10.23,-10.24,17.91,-10.24,17.91,-15.36,17.91,-12.8,23.03,-15.36,23.03,-15.36,23.03,-7.68,30.71,-12.8,35.83,-7.68,33.27,-12.8,35.83,-10.24,40.95,-15.36,43.51,-12.8,43.51,-10.24,38.39,-7.68,40.95,-7.68,43.51,-2.56,38.39,5.12,30.72,10.24,30.72,10.24,35.84,5.12,33.28,17.92,30.72,23.04,20.48,25.6,17.92
2962548,-65,0,0,17.92,-5.12,7.67,-10.24,-5.13,-10.25,-15.37,-10.25,-23.05,-7.69,-28.17,-2.57,-33.29,2.55,-35.84,7.67,-30.72,12.79,-25.6,17.91,-17.92,20.47,-10.24,23.03,-2.56,23.03,5.12,17.92,7.68,12.8,12.8,7.68,15.36,5.12,12.8,-2.56,15.35,-10.24,12.79,-15.36,7.67,-17.92,2.55,-20.48,-0.01,-20.49,-2.57,-20.49,-5.13,-20.49,-5.13,-20.49,2.55,0,0,0,0,0,0,0,0,0,0,0,0,0,0,0,0,0,0,0,0,0,-46.08,-2.57,-35.85,-7.69,-25.61,-17.93,-17.93,-25.61,-10.25,-30.73,-2.57,-38.41,2.55,-43.52,7.67,-48.64,10.23,-48.64,15.35,-48.64,17.91,-43.52,20.47,-38.4,20.47,-30.72,23.03,-17.92,23.03,-10.24,25.59,2.56,30.72,12.8,35.84,20.48,40.96,28.16,46.08,30.72,51.2,33.28,51.2,33.28,51.2,30.72,51.2,25.6,46.08,17.92,38.4,10.24
2962568,-81,0,0,-7.68,53.75,-10.24,48.63,-2.56,51.19,2.56,51.2,7.68,51.2,12.8,35.84,15.36,30.72,12.8,23.04,17.92,12.8,12.8,2.56,10.24,0,0,-10.24,-0.01,-23.05,-12.81,-28.17,-12.81,-38.41,-20.49,-43.53,-12.81,-43.53,-17.93,-48.65,-15.37,-53.77,-15.37,-51.21,-0.01,-51.21,2.55,-53.76,12.79,-40.96,15.35,-38.4,20.47,-28.16,30.71,-20.48,2.55,0,0,0,0,0,0,0,0,0,0,0,0,0,0,0,0,0,0,0,0,0,-15.36,35.83,-17.92,20.47,-15.36,17.91,-12.8,-0.01,-0.01,-2.57,5.11,-15.36,15.35,-15.36,17.91,-20.48,25.59,-20.48,28.15,-20.48,25.59,-23.04,28.15,-25.6,23.03,-25.6,30.71,-28.16,17.91,-23.04,12.79,-23.04,7.67,-20.48,5.11,-25.6,2.55,-10.24,-5.13,-5.13,-10.25,2.55,-15.36,12.79,-15.36,15.35,-20.48,28.15,-17.92,33.27,-15.36,40.95
2962651,-66,0,0,10.24,12.8,7.68,-2.56,7.67,-12.8,7.67,-23.04,2.55,-28.16,-5.13,-28.17,-12.81,-28.17,-15.37,-25.61,-20.49,-20.49,-20.49,-15.37,-23.05,-5.13,-20.49,-0.01,-17.93,10.23,-15.36,15.35,-10.24,20.47,-7.68,20.47,0,17.92,5.12,17.92,7.68,12.8,12.8,7.68,12.8,2.56,15.36,-2.56,17.91,-7.68,17.91,-10.24,15.35,-12.8,12.79,-12.8,2.55,0,0,0,0,0,0,0,0,0,0,0,0,0,0,0,0,0,0,0,0,0,-12.8,-43.53,-2.57,-38.41,5.11,-35.84,12.79,-33.28,25.59,-23.04,33.27,-20.48,38.39,-15.36,43.51,-12.8,43.51,-7.68,46.07,-5.12,46.07,-2.56,40.95,2.56,30.72,7.68,23.04,12.8,12.8,17.92,7.68,23.04,0,30.72,-5.12,40.95,-10.24,48.63,-12.8,53.75,-12.8,58.87,-10.24,58.87,-10.24,56.31,-2.56,53.75,2.56,46.08,7.68,33.28
2962753,-67,0,0,-2.56,-5.13,-0.01,-2.57,-0.01,2.55,0,2.56,0,5.12,2.56,7.68,2.56,7.68,5.12,7.68,2.56,5.12,5.12,2.56,5.12,0,5.12,-2.56,5.11,-2.56,2.55,-5.12,2.55,-5.12,2.55,-7.68,-0.01,-0.01,-0.01,-0.01,-2.57,-0.01,-0.01,2.55,-7.68,2.55,-2.56,2.55,-5.12,5.11,-2.56,5.11,-2.56,5.11,0,2.56,0,0,0,0,0,0,0,0,0,0,0,0,0,0,0,0,0,0,0,0,0,0,-7.68,12.79,-7.68,10.23,-10.24,7.67,-10.24,2.55,-12.8,2.55,-12.8,-0.01,-12.81,-2.57,-12.81,-5.13,-15.37,-5.13,-15.37,-5.13,-12.81,-5.13,-10.25,-5.13,-10.25,-5.13,-5.13,-5.13,-2.57,-5.13,2.55,-10.24,5.11,-10.24,7.67,-12.8,10.23,-15.36,10.23,-15.36,10.23,-17.92,10.23,-17.92,10.23,-20.48,7.67,-17.92,5.11,-17.92,2.55,-15.36
2962772,-80,0,0,-46.08,23.03,-48.64,28.15,-48.64,25.59,-40.96,30.71,-33.28,35.83,-25.6,40.95,-23.04,35.83,-10.24,33.27,-7.68,23.03,-2.56,15.35,2.56,7.68,12.8,-2.56,15.35,-15.36,20.47,-25.6,20.47,-35.84,23.03,-46.08,20.47,-48.64,33.27,-48.64,35.83,-48.64,40.95,-43.52,43.51,-40.96,43.51,-30.72,40.95,-17.92,40.95,-15.36,46.07,-2.56,35.83,10.24,0,0,0,0,0,0,0,0,0,0,0,0,0,0,0,0,0,0,0,0,0,0,-43.52,-2.57,-30.73,-7.69,-15.37,-12.81,-5.13,-7.69,5.11,-5.12,10.23,-2.56,10.23,7.68,12.8,5.12,23.04,17.92,20.48,10.24,23.04,17.92,28.16,17.92,28.16,20.48,23.04,15.36,23.04,7.68,25.6,7.68,20.48,2.56,17.92,-2.56,17.91,-12.8,2.55,-7.68,-2.57,-10.25,-10.25,-5.13,-23.05,-7.69,-33.29,-5.13,-33.29,2.55,-43.52,5.11
2962840,-79,0,0,-20.48,33.27,-17.92,33.27,-10.24,35.83,-17.92,40.95,-12.8,43.51,-5.12,46.07,-7.68,48.63,-7.68,40.95,-10.24,40.95,-7.68,38.39,-2.56,33.27,-5.12,28.15,2.56,15.36,0,7.68,12.8,2.56,20.48,2.56,33.28,-2.56,35.83,-5.12,46.07,0,48.64,10.24,51.2,17.92,43.52,23.04,40.96,28.16,33.28,30.72,20.48,30.72,12.8,28.16,0,0,0,0,0,0,0,0,0,0,0,0,0,0,0,0,0,0,0,0,0,0,-17.92,-12.81,-12.81,-12.81,-7.69,-10.25,-12.81,-10.25,-12.81,-10.25,-15.37,-7.69,-12.81,-10.25,-23.05,-7.69,-23.05,-10.25,-25.61,-10.25,-23.05,-12.81,-30.73,-15.37,-33.29,-15.37,-30.73,-12.81,-33.29,-12.81,-30.73,-12.81,-33.29,-5.13,-33.29,-5.13,-33.29,-2.57,-30.73,-0.01,-28.17,5.11,-30.72,-2.57,-28.17,12.79,-30.72,12.79,-25.6,15.35,-23.04,20.47
2962845,-64,0,0,-20.48,7.67,-12.8,23.03,-5.12,25.59,-2.56,25.59,2.56,25.6,7.68,35.84,12.8,28.16,12.8,30.72,17.92,25.6,23.04,15.36,23.04,12.8,23.04,2.56,23.04,-5.12,23.03,-17.92,23.03,-17.92,20.47,-17.92,17.91,-23.04,15.35,-20.48,7.67,-23.04,5.11,-17.92,-2.57,-15.37,-5.13,-12.81,-12.81,-10.25,-7.69,-2.57,-23.05,5.11,-12.8,-25.61,2.55,0,0,0,0,0,0,0,0,0,0,0,0,0,0,0,0,0,0,0,0,0,33.28,-23.04,35.83,-15.36,35.83,-2.56,33.27,5.12,28.16,15.36,25.6,20.48,20.48,25.6,15.36,28.16,7.68,28.16,5.12,28.16,0,23.04,-5.12,20.47,-10.24,12.79,-15.36,2.55,-20.48,-2.57,-17.93,-15.37,-23.05,-23.05,-28.17,-28.17,-30.73,-35.85,-33.29,-40.97,-33.29,-40.97,-33.29,-38.41,-33.29,-38.41,-33.29,-30.73,-33.29,-30.73,-25.61,-10.25
2962874,-63,0,0,12.8,7.68,20.48,-10.24,12.79,-15.36,15.35,-23.04,10.23,-23.04,-0.01,-25.61,-0.01,-28.17,-5.13,-25.61,-12.81,-25.61,-12.81,-20.49,-15.37,-15.37,-15.37,-10.25,-17.93,-7.69,-15.37,-2.57,-20.49,15.35,-12.8,15.35,-28.16,15.35,-23.04,17.91,2.56,7.68,23.04,-130.56,10.23,17.92,-2.56,10.23,10.24,12.8,10.24,7.68,10.24,5.12,10.24,5.12,0,0,0,0,0,0,0,0,0,0,0,0,0,0,0,0,0,0,0,0,0,0,-30.72,-0.01,-20.49,-5.13,-23.05,-10.25,-15.37,-12.81,-12.81,-23.05,-7.69,-23.05,-2.57,-28.17,2.55,-30.72,2.55,-30.72,10.23,-30.72,10.23,-20.48,12.79,-15.36,12.79,-7.68,12.79,0,7.68,5.12,7.68,17.92,7.68,20.48,10.24,33.28,7.68,30.72,15.36,43.52,10.24,43.52,17.92,40.96,12.8,48.64,12.8,38.4,15.36,30.72,15.36,23.04
2962916,-65,0,0,2.56,12.8,7.68,5.12,12.8,-5.12,17.91,-12.8,15.35,-20.48,15.35,-25.6,12.79,-28.16,7.67,-30.72,5.11,-28.16,-5.13,-23.05,-5.13,-20.49,-12.81,-12.81,-17.93,-7.69,-23.05,-0.01,-17.93,5.11,-23.04,7.67,-17.92,15.35,-17.92,17.91,-10.24,15.35,-5.12,15.35,0,17.92,2.56,15.36,10.24,7.68,10.24,7.68,12.8,7.68,15.36,2.56,0,0,0,0,0,0,0,0,0,0,0,0,0,0,0,0,0,0,0,0,0,0,-5.12,-38.41,2.55,-35.84,10.23,-30.72,17.91,-25.6,23.03,-17.92,30.71,-12.8,33.27,-7.68,35.83,-2.56,35.83,2.56,33.28,7.68,30.72,10.24,25.6,12.8,15.36,15.36,7.68,17.92,0,20.48,-10.24,25.59,-17.92,28.15,-25.6,33.27,-30.72,35.83,-33.28,38.39,-33.28,40.95,-35.84,43.51,-33.28,43.51,-28.16,40.95,-20.48,38.39,-12.8,30.71
2962921,-65,0,0,15.36,-7.68,7.67,-15.36,-7.69,-12.81,-15.37,-17.93,-23.05,-15.37,-28.17,-10.25,-33.29,-7.69,-33.29,-2.57,-30.73,5.11,-30.72,12.79,-25.6,15.35,-17.92,20.47,-7.68,20.47,0,25.6,0,25.6,7.68,20.48,20.48,20.48,17.92,7.68,15.36,5.12,15.36,0,17.92,-7.68,17.91,-12.8,15.35,-15.36,12.79,-17.92,10.23,-17.92,7.67,-17.92,2.55,0,0,0,0,0,0,0,0,0,0,0,0,0,0,0,0,0,0,0,0,0,-43.52,20.47,-38.4,10.23,-38.4,-0.01,-28.17,-10.25,-25.61,-17.93,-17.93,-25.61,-12.81,-30.73,-7.69,-35.85,-5.13,-38.41,-0.01,-38.41,5.11,-38.4,10.23,-33.28,15.35,-25.6,20.47,-15.36,25.59,-7.68,30.71,2.56,35.84,10.24,40.96,17.92,43.52,23.04,48.64,25.6,53.76,28.16,53.76,28.16,53.76,23.04,51.2,20.48,43.52,12.8,35.84,5.12
2962950,-65,0,0,7.68,12.8,12.8,2.56,12.8,-12.8,15.35,-20.48,10.23,-28.16,7.67,-33.28,2.55,-35.84,-2.57,-30.73,-7.69,-28.17,-10.25,-23.05,-15.37,-15.37,-20.49,-10.25,-23.05,-2.57,-20.49,5.11,-23.04,10.23,-17.92,17.91,-15.36,20.47,-10.24,23.03,-5.12,20.47,-2.56,17.91,5.12,15.36,10.24,12.8,15.36,10.24,15.36,7.68,17.92,2.56,17.92,2.56,0,0,0,0,0,0,0,0,0,0,0,0,0,0,0,0,0,0,0,0,0,0,-25.6,-35.85,-12.81,-33.29,-5.13,-30.73,5.11,-30.72,15.35,-28.16,23.03,-25.6,30.71,-23.04,35.83,-17.92,38.39,-12.8,38.39,-10.24,35.83,-2.56,33.27,2.56,25.6,10.24,15.36,15.36,10.24,20.48,0,28.16,-5.12,35.83,-10.24,46.07,-12.8,48.63,-17.92,56.31,-17.92,56.31,-17.92,58.87,-15.36,56.31,-10.24,51.19,-5.12,48.63,0,33.28
2962969,-65,0,0,-15.36,-2.57,-10.25,7.67,-7.68,15.35,-2.56,23.03,2.56,23.04,7.68,25.6,12.8,25.6,15.36,23.04,17.92,17.92,20.48,12.8,20.48,5.12,20.48,-2.56,20.47,-7.68,15.35,-12.8,15.35,-17.92,12.79,-20.48,5.11,-20.48,2.55,-20.48,-2.57,-15.37,-5.13,-12.81,-7.69,-7.69,-12.81,-7.69,-15.37,-2.57,-15.37,2.55,-17.92,2.55,-17.92,5.11,0,0,0,0,0,0,0,0,0,0,0,0,0,0,0,0,0,0,0,0,0,0,35.84,7.68,28.16,10.24,23.04,17.92,15.36,20.48,7.68,25.6,0,28.16,-7.68,30.71,-12.8,30.71,-17.92,30.71,-20.48,28.15,-23.04,23.03,-23.04,15.35,-23.04,7.67,-20.48,-0.01,-15.37,-7.69,-15.37,-17.93,-12.81,-25.61,-12.81,-33.29,-15.37,-38.41,-15.37,-43.53,-15.37,-48.65,-15.37,-46.09,-15.37,-43.53,-17.93,-38.41,-20.49,-30.73,-17.93,-23.05
2962998,-79,0,0,35.84,-15.36,38.39,-15.36,38.39,-23.04,33.27,-23.04,30.71,-25.6,35.83,-25.6,28.15,-38.4,35.83,-33.28,33.27,-33.28,28.15,-23.04,23.03,-30.72,17.91,-23.04,15.35,-15.36,7.67,-20.48,-2.57,-12.81,-12.81,-10.25,-23.05,-23.05,-23.05,-28.17,-30.73,-30.73,-25.61,-40.97,-20.49,-43.53,-10.25,-46.09,-10.25,-48.65,-2.57,-48.65,10.23,-43.52,10.23,-30.72,2.55,0,0,0,0,0,0,0,0,0,0,0,0,0,0,0,0,0,0,0,0,0,2.56,17.92,0,17.92,-2.56,17.91,0,15.36,5.12,17.92,0,17.92,7.68,23.04,5.12,20.48,10.24,23.04,10.24,25.6,12.8,28.16,17.92,25.6,17.92,35.84,15.36,35.84,17.92,38.4,15.36,35.84,15.36,30.72,15.36,28.16,17.92,30.72,28.16,20.48,30.72,20.48,25.6,12.8,33.28,17.92,35.84,7.68,33.28,10.24,30.72,5.12
2963017,-80,0,0,-28.16,-38.41,-35.85,-38.41,-30.73,-33.29,-35.85,-33.29,-35.85,-25.61,-33.29,-20.49,-33.29,-12.81,-30.73,-5.13,-23.05,-0.01,-12.81,-0.01,-5.13,7.67,5.12,10.24,15.36,7.68,25.6,15.36,28.16,17.92,38.4,17.92,46.08,25.6,46.08,20.48,46.08,30.72,43.52,28.16,35.84,30.72,28.16,35.84,20.48,38.4,10.24,33.28,0,28.16,-10.24,35.83,0,0,0,0,0,0,0,0,0,0,0,0,0,0,0,0,0,0,0,0,0,0,0,-38.4,-0.01,-30.73,12.79,-23.04,10.23,-15.36,7.67,-2.56,5.11,10.24,0,15.36,-7.68,20.47,-10.24,25.59,-15.36,35.83,-12.8,33.27,-17.92,33.27,-10.24,28.15,-7.68,30.71,-5.12,28.15,-5.12,28.15,-7.68,20.47,5.12,15.36,5.12,7.68,7.68,-2.56,5.11,-10.24,5.11,-17.92,7.67,-20.48,2.55,-30.72,-2.57,-33.29,-5.13,-38.41
2963046,-67,0,0,-23.04,-30.73,-23.05,-28.17,-20.49,-28.17,-20.49,-28.17,-20.49,-25.61,-23.05,-23.05,-23.05,-23.05,-23.05,-20.49,-25.61,-20.49,-25.61,-17.93,-28.17,-17.93,-25.61,-15.37,-25.61,-15.37,-28.17,-12.81,-28.17,-12.81,-28.17,-12.81,-28.17,-10.25,-28.17,-10.25,-28.17,-7.69,-28.17,-7.69,-28.17,-7.69,-25.61,-5.13,-28.17,-5.13,-25.61,-2.57,-28.17,-2.57,-28.17,-2.57,2.55,0,0,0,0,0,0,0,0,0,0,0,0,0,0,0,0,0,0,0,0,0,-23.04,2.55,-25.6,-2.57,-23.05,-7.69,-23.05,-12.81,-20.49,-15.37,-20.49,-20.49,-17.93,-23.05,-17.93,-25.61,-15.37,-28.17,-15.37,-28.17,-12.81,-30.73,-12.81,-30.73,-12.81,-30.73,-10.25,-30.73,-10.25,-33.29,-10.25,-33.29,-10.25,-35.85,-10.25,-33.29,-12.81,-33.29,-10.25,-33.29,-12.81,-35.85,-12.81,-33.29,-15.37,-35.85,-15.37,-33.29,-15.37,-33.29,-15.37,-35.85
2963065,-65,0,0,7.68,-15.36,-0.01,-12.81,-10.25,-7.69,-17.93,-2.57,-23.05,2.55,-30.72,7.67,-30.72,12.79,-30.72,15.35,-25.6,17.91,-17.92,20.47,-12.8,23.03,-5.12,20.47,0,17.92,5.12,15.36,10.24,15.36,15.36,12.8,12.8,10.24,12.8,5.12,15.36,-2.56,12.79,0,7.68,-10.24,12.79,-7.68,-0.01,-10.25,15.35,-10.24,-17.93,-2.57,-0.01,23.03,0,0,0,0,0,0,0,0,0,0,0,0,0,0,0,0,0,0,0,0,0,0,-7.68,38.39,-12.8,33.27,-17.92,25.59,-25.6,17.91,-30.72,10.23,-33.28,2.55,-35.84,-5.13,-33.29,-10.25,-33.29,-12.81,-33.29,-15.37,-28.17,-17.93,-20.49,-17.93,-15.37,-17.93,-5.13,-15.37,5.11,-17.92,15.35,-15.36,25.59,-15.36,35.83,-15.36,43.51,-15.36,48.63,-15.36,53.75,-17.92,53.75,-17.92,51.19,-17.92,48.63,-17.92,40.95,-20.48,33.27,-20.48
2963094,-81,0,0,17.92,38.4,17.92,46.08,30.72,43.52,33.28,40.96,33.28,30.72,35.84,23.04,30.72,17.92,28.16,15.36,23.04,7.68,12.8,0,7.68,-5.12,-0.01,-10.25,-5.13,-17.93,-12.81,-20.49,-23.05,-15.37,-33.29,-30.73,-38.41,-33.29,-38.41,-33.29,-40.97,-43.53,-30.73,-38.41,-28.17,-40.97,-20.49,-46.09,-5.13,-40.97,-0.01,-33.29,7.67,-33.28,17.91,-28.16,2.55,0,0,0,0,0,0,0,0,0,0,0,0,0,0,0,0,0,0,0,0,0,7.68,35.84,0,30.72,0,25.6,-5.12,15.35,-7.68,2.55,-5.12,-5.13,-0.01,-12.81,2.55,-23.04,12.79,-25.6,10.23,-28.16,10.23,-38.4,10.23,-35.84,10.23,-38.4,10.23,-30.72,10.23,-33.28,-2.57,-25.61,-5.13,-25.61,-5.13,-15.37,-7.69,-10.25,-7.69,-5.13,-0.01,5.11,-7.68,17.91,-5.12,20.47,-2.56,30.71,0,30.72,2.56,40.96
2962932,-65,0,0,15.36,-7.68,7.67,-15.36,-7.69,-12.81,-15.37,-17.93,-23.05,-15.37,-28.17,-10.25,-33.29,-7.69,-33.29,-2.57,-30.73,5.11,-30.72,12.79,-25.6,15.35,-17.92,20.47,-7.68,20.47,0,25.6,0,25.6,7.68,20.48,20.48,20.48,17.92,7.68,15.36,5.12,15.36,0,17.92,-7.68,17.91,-12.8,15.35,-15.36,12.79,-17.92,10.23,-17.92,7.67,-17.92,2.55,0,0,0,0,0,0,0,0,0,0,0,0,0,0,0,0,0,0,0,0,0,-43.52,20.47,-38.4,10.23,-38.4,-0.01,-28.17,-10.25,-25.61,-17.93,-17.93,-25.61,-12.81,-30.73,-7.69,-35.85,-5.13,-38.41,-0.01,-38.41,5.11,-38.4,10.23,-33.28,15.35,-25.6,20.47,-15.36,25.59,-7.68,30.71,2.56,35.84,10.24,40.96,17.92,43.52,23.04,48.64,25.6,53.76,28.16,53.76,28.16,53.76,23.04,51.2,20.48,43.52,12.8,35.84,5.12
2963150,-69,0,0,-33.28,25.59,-30.72,25.59,-33.28,25.59,-28.16,28.15,-30.72,25.59,-28.16,25.59,-25.6,28.15,-25.6,28.15,-23.04,30.71,-17.92,30.71,-17.92,33.27,-17.92,30.71,-17.92,33.27,-15.36,33.27,-15.36,30.71,-12.8,33.27,-12.8,30.71,-10.24,33.27,-10.24,30.71,-10.24,30.71,-7.68,30.71,-5.12,28.15,-2.56,28.15,-2.56,30.71,0,28.16,-2.56,33.27,0,0,0,0,0,0,0,0,0,0,0,0,0,0,0,0,0,0,0,0,0,0,7.68,17.92,0,20.48,-2.56,20.47,-7.68,23.03,-10.24,23.03,-15.36,23.03,-17.92,23.03,-23.04,20.47,-25.6,20.47,-25.6,17.91,-25.6,17.91,-30.72,17.91,-33.28,17.91,-30.72,17.91,-33.28,17.91,-33.28,15.35,-33.28,17.91,-35.84,17.91,-38.4,17.91,-38.4,17.91,-38.4,17.91,-35.84,20.47,-35.84,17.91,-38.4,20.47,-38.4,23.03,-38.4,17.91
2963163,-65,0,0,0,-33.28,-2.57,-23.05,-10.25,-15.37,-17.93,-2.57,-23.05,5.11,-28.16,10.23,-30.72,15.35,-28.16,20.47,-28.16,23.03,-20.48,25.59,-15.36,28.15,-7.68,25.59,-2.56,28.15,2.56,23.04,7.68,20.48,10.24,20.48,12.8,17.92,12.8,15.36,10.24,10.24,10.24,7.68,7.68,2.56,7.68,-2.56,7.67,-2.56,7.67,-7.68,7.67,-7.68,7.67,-10.24,2.55,0,0,0,0,0,0,0,0,0,0,0,0,0,0,0,0,0,0,0,0,0,33.28,7.68,25.6,15.36,17.92,23.04,10.24,30.72,0,33.28,-10.24,40.95,-17.92,43.51,-23.04,40.95,-28.16,38.39,-30.72,38.39,-28.16,33.27,-28.16,25.59,-23.04,20.47,-17.92,7.67,-7.68,-0.01,2.55,-10.24,10.23,-23.04,17.91,-30.72,23.03,-40.96,28.15,-46.08,33.27,-51.2,35.83,-53.76,33.27,-53.76,33.27,-56.32,28.15,-53.76,20.47,-48.64
2963190,-79,0,0,-33.28,-30.73,-33.29,-33.29,-35.85,-23.05,-46.09,-20.49,-35.85,-12.81,-33.29,-12.81,-28.17,-7.69,-28.17,-2.57,-20.49,-5.13,-17.93,10.23,-10.24,12.79,10.24,0,10.24,10.24,17.92,7.68,25.6,5.12,35.84,17.92,40.96,17.92,46.08,15.36,46.08,25.6,43.52,30.72,35.84,28.16,33.28,35.84,17.92,33.28,10.24,30.72,0,35.84,-7.68,28.15,0,0,0,0,0,0,0,0,0,0,0,0,0,0,0,0,0,0,0,0,0,0,-10.24,-25.61,-2.57,-40.97,-15.37,-23.05,-0.01,-0.01,7.67,-2.56,-5.13,7.67,15.36,12.8,-7.68,25.59,5.12,25.6,-2.56,43.51,-5.12,38.39,0,17.92,5.12,28.16,2.56,38.4,5.12,35.84,-7.68,25.59,10.24,20.48,12.8,10.24,5.12,0,2.56,5.12,2.56,-10.24,2.55,-17.92,2.55,-23.04,-2.57,-28.17,-10.25,-20.49,-17.93,-30.73
2963265,-65,0,0,-20.48,-5.13,-12.81,5.11,-7.68,12.79,-2.56,20.47,5.12,20.48,10.24,25.6,17.92,25.6,20.48,23.04,23.04,17.92,23.04,12.8,23.04,5.12,20.48,-2.56,20.47,-7.68,17.91,-12.8,12.79,-17.92,10.23,-20.48,5.11,-20.48,2.55,-17.92,-2.57,-12.81,-5.13,-10.25,-5.13,-7.69,-10.25,-2.57,-10.25,-0.01,-10.25,2.55,-12.8,5.11,-10.24,7.67,0,0,0,0,0,0,0,0,0,0,0,0,0,0,0,0,0,0,0,0,0,0,40.96,5.12,35.84,10.24,28.16,17.92,20.48,23.04,12.8,28.16,5.12,35.84,0,38.4,-5.12,40.95,-10.24,40.95,-12.8,38.39,-15.36,35.83,-17.92,28.15,-15.36,20.47,-15.36,7.67,-15.36,-0.01,-10.25,-12.81,-15.37,-23.05,-17.93,-33.29,-20.49,-40.97,-23.05,-48.65,-23.05,-51.21,-25.61,-51.21,-25.61,-51.21,-28.17,-46.09,-28.17,-38.41,-28.17,-30.73
2963285,-80,0,0,40.96,7.68,48.64,2.56,46.08,2.56,46.08,-5.12,46.07,-15.36,40.95,-15.36,35.83,-17.92,28.15,-17.92,17.91,-15.36,12.79,-15.36,2.55,-5.12,-10.25,-2.57,-7.69,2.55,-30.72,10.23,-38.4,12.79,-35.84,20.47,-48.64,23.03,-48.64,20.47,-53.76,17.91,-56.32,15.35,-51.2,5.11,-48.64,5.11,-46.08,-10.25,-33.29,-15.37,-28.17,-15.37,-15.37,-23.05,2.55,0,0,0,0,0,0,0,0,0,0,0,0,0,0,0,0,0,0,0,0,0,33.28,15.36,23.04,15.36,12.8,12.8,0,5.12,0,5.12,-7.68,-5.13,-12.81,-10.25,-15.37,-15.37,-15.37,-25.61,-17.93,-25.61,-17.93,-28.17,-15.37,-30.73,-20.49,-25.61,-17.93,-20.49,-20.49,-23.05,-17.93,-15.37,-20.49,-10.25,-10.25,-0.01,-10.25,2.55,-7.68,15.35,-7.68,10.23,7.68,10.24,12.8,12.8,23.04,17.92,25.6,15.36,33.28,15.36
2963352,-78,0,0,5.12,-23.04,7.67,-25.6,-0.01,-23.05,-0.01,-25.61,-0.01,-23.05,-2.57,-25.61,-5.13,-25.61,-5.13,-25.61,-7.69,-25.61,-5.13,-20.49,-5.13,-17.93,-5.13,-15.37,-5.13,-12.81,-5.13,-7.69,-5.13,-2.57,-15.37,5.11,-20.48,7.67,-25.6,7.67,-30.72,2.55,-33.28,2.55,-33.28,-2.57,-35.85,-5.13,-28.17,-10.25,-23.05,-15.37,-23.05,-17.93,-12.81,-20.49,2.55,0,0,0,0,0,0,0,0,0,0,0,0,0,0,0,0,0,0,0,0,0,7.68,0,7.68,2.56,12.8,5.12,12.8,7.68,7.68,5.12,10.24,2.56,15.36,-2.56,17.91,-2.56,17.91,0,17.92,-2.56,25.59,0,20.48,0,25.6,-2.56,25.59,-2.56,28.15,-2.56,25.59,-2.56,25.59,-2.56,23.03,-2.56,23.03,-5.12,23.03,-7.68,23.03,-10.24,20.47,-12.8,20.47,-15.36,17.91,-15.36,15.35,-20.48,12.79,-17.92
2963367,-65,0,0,15.36,-2.56,7.67,-7.68,-5.13,-7.69,-15.37,-7.69,-25.61,-7.69,-30.73,-2.57,-35.85,-0.01,-35.85,5.11,-35.84,10.23,-30.72,17.91,-23.04,20.47,-12.8,20.47,-5.12,20.47,2.56,17.92,7.68,12.8,12.8,10.24,17.92,5.12,15.36,0,15.36,-2.56,15.35,-7.68,12.79,-12.8,7.67,-12.8,5.11,-12.8,2.55,-15.36,-0.01,-10.25,-2.57,-10.25,2.55,0,0,0,0,0,0,0,0,0,0,0,0,0,0,0,0,0,0,0,0,0,-46.08,-7.69,-35.85,-12.81,-28.17,-20.49,-17.93,-25.61,-12.81,-35.85,-5.13,-38.41,2.55,-46.08,5.11,-48.64,10.23,-48.64,12.79,-48.64,12.79,-43.52,15.35,-38.4,17.91,-28.16,17.91,-17.92,20.47,-7.68,23.03,2.56,25.6,12.8,33.28,23.04,35.84,30.72,40.96,35.84,48.64,35.84,51.2,35.84,48.64,33.28,48.64,25.6,46.08,17.92,40.96,12.8
2963386,-82,0,0,35.84,12.8,48.64,10.24,40.96,10.24,43.52,10.24,43.52,-2.56,38.39,-7.68,35.83,-7.68,28.15,-15.36,23.03,-7.68,12.79,-7.68,2.55,-10.24,-10.25,-2.57,-15.37,-0.01,-23.05,2.55,-33.28,5.11,-38.4,7.67,-48.64,7.67,-56.32,5.11,-51.2,-0.01,-53.77,-5.13,-53.77,-2.57,-48.65,-12.81,-25.61,-17.93,-28.17,-17.93,-20.49,-23.05,-2.57,-23.05,2.55,0,0,0,0,0,0,0,0,0,0,0,0,0,0,0,0,0,0,0,0,0,25.6,23.04,15.36,20.48,2.56,17.92,2.56,12.8,-5.12,5.11,-2.56,-7.69,-5.13,-15.37,-7.69,-15.37,-10.25,-28.17,-7.69,-25.61,-7.69,-25.61,-10.25,-25.61,-7.69,-23.05,-15.37,-23.05,-12.81,-20.49,-15.37,-17.93,-15.37,-10.25,-10.25,-7.69,-7.69,-2.57,-2.57,5.11,-5.12,15.35,2.56,12.8,5.12,25.6,12.8,17.92,25.6,23.04,25.6,20.48
2963455,-80,0,0,-35.84,5.11,-33.28,15.35,-33.28,17.91,-28.16,20.47,-35.84,28.15,-35.84,23.03,-35.84,33.27,-28.16,28.15,-35.84,20.47,-28.16,20.47,-25.6,17.91,-25.6,20.47,-15.36,17.91,2.56,12.8,7.68,15.36,12.8,12.8,17.92,23.04,23.04,28.16,28.16,33.28,28.16,40.96,20.48,40.96,10.24,53.76,2.56,53.76,-5.12,51.19,-12.8,46.07,-10.24,23.03,0,0,0,0,0,0,0,0,0,0,0,0,0,0,0,0,0,0,0,0,0,0,0,-23.04,-0.01,-15.37,-2.57,-15.37,-2.57,-20.49,-2.57,-20.49,-2.57,-20.49,-5.13,-23.05,-5.13,-20.49,-10.25,-25.61,-7.69,-28.17,-15.37,-25.61,-12.81,-28.17,-15.37,-30.73,-12.81,-33.29,-17.93,-30.73,-17.93,-30.73,-17.93,-30.73,-17.93,-28.17,-15.37,-25.61,-23.05,-20.49,-25.61,-20.49,-30.73,-20.49,-30.73,-7.69,-25.61,-15.37,-28.17,-10.25,-30.73,-7.69
2963470,-66,0,0,-20.48,5.11,-10.24,7.67,0,5.12,7.68,2.56,15.36,2.56,20.48,-2.56,25.59,-5.12,25.59,-7.68,23.03,-12.8,20.47,-12.8,15.35,-15.36,10.23,-15.36,2.55,-15.36,-0.01,-10.25,-5.13,-7.69,-7.69,-5.13,-10.25,-0.01,-7.69,2.55,-7.68,7.67,-7.68,10.23,0,7.68,12.8,0,-2.56,-2.57,5.11,10.24,2.56,7.68,5.12,7.68,0,0,0,0,0,0,0,0,0,0,0,0,0,0,0,0,0,0,0,0,0,0,35.84,-2.56,33.27,0,20.48,10.24,17.92,17.92,12.8,20.48,10.24,28.16,7.68,33.28,5.12,38.4,5.12,35.84,0,38.4,0,35.84,0,30.72,-2.56,25.59,-7.68,17.91,-10.24,10.23,-15.36,2.55,-23.04,-5.13,-25.61,-10.25,-33.29,-15.37,-38.41,-20.49,-43.53,-17.93,-46.09,-20.49,-46.09,-17.93,-46.09,-15.37,-40.97,-10.25,-35.85,-5.13
2963572,-66,0,0,5.12,-17.92,-0.01,-7.69,-7.69,2.55,-12.8,10.23,-17.92,17.91,-15.36,25.59,-15.36,28.15,-10.24,30.71,-7.68,30.71,-2.56,28.15,2.56,20.48,5.12,15.36,10.24,10.24,10.24,2.56,12.8,-2.56,15.35,-10.24,10.23,-12.8,7.67,-15.36,2.55,-15.36,-0.01,-12.81,-5.13,-12.81,-7.69,-10.25,-10.25,-7.69,-10.25,-5.13,-10.25,-2.57,-10.25,-0.01,2.55,0,0,0,0,0,0,0,0,0,0,0,0,0,0,0,0,0,0,0,0,0,-10.24,38.39,-12.8,30.71,-20.48,25.59,-28.16,15.35,-30.72,7.67,-38.4,-0.01,-38.41,-2.57,-40.97,-7.69,-40.97,-12.81,-40.97,-12.81,-35.85,-12.81,-30.73,-12.81,-23.05,-12.81,-12.81,-12.81,-2.57,-12.81,10.23,-12.8,20.47,-17.92,30.71,-20.48,38.39,-23.04,46.07,-28.16,48.63,-30.72,51.19,-33.28,48.63,-33.28,46.07,-35.84,35.83,-33.28,28.15,-30.72
2963801,-80,0,0,28.16,33.28,30.72,30.72,38.4,33.28,40.96,28.16,35.84,28.16,33.28,20.48,35.84,12.8,30.72,15.36,20.48,0,12.8,0,5.12,-2.56,5.11,-5.12,-10.25,-15.37,-12.81,-17.93,-25.61,-23.05,-28.17,-25.61,-38.41,-30.73,-33.29,-38.41,-28.17,-43.53,-23.05,-40.97,-15.37,-48.65,-2.57,-43.53,-5.13,-46.09,-0.01,-23.05,30.71,-7.68,40.95,-38.4,2.55,0,0,0,0,0,0,0,0,0,0,0,0,0,0,0,0,0,0,0,0,0,33.28,-2.56,28.15,7.68,17.92,10.24,12.8,5.12,-2.56,-0.01,-7.69,-0.01,-15.37,-12.81,-15.37,-20.49,-15.37,-23.05,-15.37,-25.61,-12.81,-30.73,-12.81,-30.73,-15.37,-33.29,-17.93,-30.73,-20.49,-28.17,-17.93,-20.49,-17.93,-10.25,-17.93,-10.25,-15.37,-7.69,-12.81,5.11,-2.56,10.23,-7.68,15.35,0,17.92,12.8,20.48,12.8,23.04,23.04,30.72
2963904,-80,0,0,43.52,20.48,48.64,15.36,51.2,12.8,51.2,5.12,46.08,0,43.52,-7.68,40.95,-5.12,30.71,-10.24,28.15,-12.8,10.23,-10.24,5.11,-5.12,-5.13,2.55,-15.36,2.55,-25.6,10.23,-38.4,15.35,-35.84,15.35,-46.08,23.03,-48.64,23.03,-58.88,17.91,-58.88,17.91,-53.76,10.23,-56.32,2.55,-46.08,-2.57,-38.41,-12.81,-30.73,-23.05,-17.93,-25.61,2.55,0,0,0,0,0,0,0,0,0,0,0,0,0,0,0,0,0,0,0,0,0,15.36,35.84,7.68,30.72,5.12,20.48,-7.68,15.35,-5.12,5.11,-5.12,-7.69,-0.01,-15.37,2.55,-28.16,-0.01,-30.73,-0.01,-38.41,-2.57,-35.85,-7.69,-35.85,-2.57,-35.85,-5.13,-35.85,-12.81,-28.17,-12.81,-28.17,-10.25,-20.49,-17.93,-15.37,-7.69,-5.13,-7.69,2.55,-7.68,7.67,2.56,7.68,7.68,23.04,12.8,17.92,17.92,20.48,30.72,23.04
2963967,-80,0,0,-17.92,28.15,-5.12,38.39,-2.56,38.39,0,38.4,5.12,30.72,5.12,38.4,7.68,33.28,2.56,33.28,15.36,28.16,15.36,30.72,2.56,30.72,2.56,23.04,10.24,23.04,7.68,7.68,17.92,2.56,20.48,-2.56,30.71,-5.12,38.39,-5.12,40.95,-17.92,51.19,-2.56,48.63,2.56,51.2,12.8,46.08,10.24,38.4,25.6,20.48,25.6,15.36,28.16,0,0,0,0,0,0,0,0,0,0,0,0,0,0,0,0,0,0,0,0,0,0,-20.48,-2.57,-12.81,2.55,-12.8,-2.57,-15.37,2.55,-20.48,7.67,-23.04,5.11,-23.04,12.79,-30.72,2.55,-30.72,-0.01,-23.05,2.55,-30.72,15.35,-35.84,7.67,-43.52,-2.57,-28.17,2.55,-35.84,2.55,-38.4,5.11,-43.52,5.11,-33.28,15.35,-33.28,5.11,-30.72,17.91,-33.28,17.91,-17.92,15.35,-17.92,30.71,-23.04,30.71,-25.6,35.83,-20.48,35.83
2964077,-79,0,0,33.28,-25.6,33.27,-25.6,30.71,-35.84,30.71,-33.28,33.27,-38.4,25.59,-40.96,25.59,-43.52,28.15,-40.96,25.59,-38.4,20.47,-30.72,17.91,-23.04,17.91,-20.48,7.67,-25.6,2.55,-17.92,-5.13,-23.05,-17.93,-23.05,-25.61,-25.61,-28.17,-30.73,-25.61,-35.85,-28.17,-46.09,-23.05,-43.53,-17.93,-48.65,-10.25,-53.77,5.11,-48.64,5.11,-43.52,17.91,-30.72,2.55,0,0,0,0,0,0,0,0,0,0,0,0,0,0,0,0,0,0,0,0,0,10.24,10.24,17.92,7.68,20.48,12.8,7.68,15.36,10.24,12.8,15.36,10.24,20.48,15.36,20.48,17.92,25.6,10.24,28.16,12.8,35.84,15.36,40.96,10.24,35.84,23.04,38.4,20.48,33.28,15.36,48.64,15.36,33.28,17.92,30.72,15.36,38.4,2.56,33.28,10.24,46.08,5.12,38.4,2.56,35.84,0,28.16,-5.12,40.95,-15.36,35.83,-12.8
2964084,-80,0,0,48.64,2.56,40.96,-5.12,56.31,-15.36,43.51,-20.48,40.95,-25.6,38.39,-25.6,28.15,-25.6,25.59,-23.04,12.79,-20.48,10.23,-20.48,2.55,-15.36,-7.69,5.11,-17.92,10.23,-25.6,25.59,-30.72,23.03,-35.84,28.15,-30.72,33.27,-40.96,38.39,-46.08,33.27,-48.64,30.71,-43.52,28.15,-48.64,15.35,-43.52,2.55,-40.96,-2.57,-30.73,-10.25,-25.61,-17.93,2.55,0,0,0,0,0,0,0,0,0,0,0,0,0,0,0,0,0,0,0,0,0,33.28,7.68,20.48,23.04,15.36,12.8,0,7.68,2.56,2.56,-15.36,-7.69,-10.25,-2.57,-23.05,-10.25,-15.37,-20.49,-20.49,-10.25,-12.81,-23.05,-20.49,-28.17,-25.61,-38.41,-25.61,-17.93,-23.05,-12.81,-25.61,-10.25,-12.81,-12.81,-5.13,2.55,-10.24,5.11,2.56,5.12,10.24,10.24,5.12,10.24,7.68,7.68,23.04,10.24,35.84,17.92,33.28,5.12
2964111,-80,0,0,30.72,30.72,25.6,30.72,38.4,30.72,40.96,20.48,40.96,17.92,40.96,12.8,33.28,5.12,30.72,0,28.16,0,15.36,-2.56,5.11,-5.12,2.55,-5.12,-15.37,-2.57,-25.61,-2.57,-30.73,-2.57,-38.41,-2.57,-40.97,-7.69,-51.21,-5.13,-51.21,-5.13,-51.21,-12.81,-40.97,-15.37,-33.29,-17.93,-28.17,-25.61,-17.93,-20.49,-10.25,-25.61,-0.01,-25.61,2.55,0,0,0,0,0,0,0,0,0,0,0,0,0,0,0,0,0,0,0,0,0,15.36,23.04,0,20.48,5.12,23.04,-7.68,-0.01,-0.01,-0.01,2.55,-15.36,-0.01,-5.13,-0.01,-23.05,-0.01,-33.29,15.35,-30.72,-0.01,-30.73,-0.01,-28.17,2.55,-35.84,2.55,-33.28,2.55,-33.28,-0.01,-23.05,-5.13,-20.49,-5.13,-12.81,-12.81,-5.13,-7.69,-0.01,-0.01,5.11,2.56,12.8,-2.56,28.15,2.56,23.04,10.24,20.48,17.92,35.84
2964171,-80,0,0,10.24,-30.72,12.79,-33.28,17.91,-30.72,2.55,-35.84,7.67,-40.96,10.23,-46.08,7.67,-40.96,12.79,-33.28,2.55,-43.52,2.55,-33.28,5.11,-30.72,2.55,-25.6,-2.57,-20.49,-7.69,-10.25,-15.37,-7.69,-23.05,-2.57,-28.17,-5.13,-35.85,-0.01,-43.53,-2.57,-43.53,-7.69,-48.65,-23.05,-46.09,-28.17,-33.29,-25.61,-28.17,-35.85,-20.49,-28.17,-12.81,-25.61,2.55,0,0,0,0,0,0,0,0,0,0,0,0,0,0,0,0,0,0,0,0,0,5.12,10.24,7.68,10.24,15.36,12.8,7.68,15.36,7.68,7.68,15.36,15.36,15.36,5.12,23.04,7.68,23.04,10.24,23.04,15.36,25.6,10.24,25.6,15.36,30.72,7.68,35.84,15.36,35.84,17.92,30.72,7.68,33.28,5.12,33.28,0,30.72,0,30.72,-7.68,38.39,-5.12,30.71,-5.12,30.71,-7.68,38.39,-15.36,30.71,-12.8,28.15,-17.92
2964187,-65,0,0,10.24,-40.96,10.23,-40.96,7.67,-40.96,2.55,-38.4,-2.57,-30.73,-7.69,-25.61,-12.81,-20.49,-15.37,-15.37,-17.93,-10.25,-20.49,-5.13,-17.93,-0.01,-17.93,2.55,-17.92,5.11,-15.36,10.23,-12.8,12.79,-7.68,15.35,-5.12,20.47,-2.56,17.91,0,17.92,2.56,17.92,2.56,17.92,5.12,15.36,2.56,12.8,5.12,7.68,2.56,5.12,2.56,0,0,0,0,0,0,0,0,0,0,0,0,0,0,0,0,0,0,0,0,0,0,0,-23.04,-28.17,-15.37,-30.73,-12.81,-38.41,-5.13,-35.85,2.55,-35.84,12.79,-28.16,10.23,-23.04,-12.81,15.35,23.04,-10.24,30.71,10.24,25.6,20.48,25.6,28.16,23.04,35.84,20.48,43.52,17.92,46.08,17.92,48.64,15.36,46.08,10.24,43.52,10.24,35.84,10.24,25.6,7.68,17.92,10.24,5.12,7.68,-7.68,15.35,-17.92,15.35,-25.6,15.35,-33.28
2964205,-80,0,0,-20.48,-43.53,-17.93,-46.09,-30.73,-43.53,-30.73,-38.41,-33.29,-35.85,-35.85,-28.17,-30.73,-23.05,-30.73,-12.81,-23.05,-5.13,-12.81,-7.69,-7.69,2.55,0,7.68,7.68,20.48,17.92,23.04,30.72,25.6,28.16,33.28,38.4,33.28,33.28,35.84,33.28,40.96,28.16,43.52,28.16,48.64,12.8,43.52,5.12,46.08,-2.56,46.07,-15.36,35.83,-20.48,25.59,0,0,0,0,0,0,0,0,0,0,0,0,0,0,0,0,0,0,0,0,0,0,-15.36,-35.85,-7.69,-30.73,-2.57,-23.05,2.55,-7.68,5.11,-2.56,10.23,7.68,2.56,15.36,-5.12,25.59,-2.56,30.71,-2.56,33.27,-10.24,35.83,-7.68,35.83,-5.12,33.27,-5.12,33.27,-5.12,35.83,0,25.6,2.56,23.04,5.12,15.36,10.24,15.36,5.12,0,12.8,-10.24,15.35,-7.68,10.23,-25.6,7.67,-30.72,-0.01,-30.73,-5.13,-38.41
2964304,-80,0,0,25.6,40.96,25.6,43.52,30.72,38.4,33.28,33.28,35.84,33.28,35.84,25.6,33.28,17.92,28.16,5.12,25.6,5.12,12.8,0,5.12,-5.12,2.55,-5.12,-12.81,-15.37,-20.49,-12.81,-25.61,-15.37,-33.29,-17.93,-35.85,-23.05,-46.09,-30.73,-38.41,-30.73,-46.09,-30.73,-35.85,-35.85,-25.61,-35.85,-15.37,-38.41,-7.69,-38.41,2.55,-33.28,15.35,-30.72,2.55,0,0,0,0,0,0,0,0,0,0,0,0,0,0,0,0,0,0,0,0,0,5.12,33.28,0,28.16,-7.68,28.15,-10.24,17.91,-10.24,-0.01,2.55,-15.36,2.55,-17.92,15.35,-23.04,15.35,-28.16,17.91,-30.72,15.35,-33.28,12.79,-35.84,17.91,-30.72,10.23,-35.84,7.67,-33.28,2.55,-30.72,-2.57,-23.05,-5.13,-17.93,-7.69,-15.37,-5.13,-10.25,-10.25,5.11,-10.24,10.23,-5.12,17.91,-5.12,30.71,5.12,30.72,7.68,40.96
2964484,-79,0,0,-15.36,33.27,-17.92,33.27,-10.24,33.27,-10.24,40.95,-7.68,40.95,-10.24,38.39,-10.24,46.07,-5.12,40.95,-5.12,40.95,-7.68,35.83,-5.12,33.27,-5.12,28.15,0,17.92,5.12,10.24,12.8,2.56,23.04,7.68,25.6,5.12,38.4,7.68,38.4,10.24,40.96,23.04,38.4,23.04,38.4,30.72,33.28,38.4,23.04,38.4,17.92,33.28,10.24,30.72,0,0,0,0,0,0,0,0,0,0,0,0,0,0,0,0,0,0,0,0,0,0,-12.8,-7.69,-17.93,-7.69,-12.81,-5.13,-17.93,-7.69,-17.93,-7.69,-20.49,-5.13,-23.05,-2.57,-30.73,-10.25,-25.61,-2.57,-30.73,-2.57,-30.73,-2.57,-33.29,-0.01,-35.85,-5.13,-35.85,-5.13,-38.41,-2.57,-35.85,-2.57,-33.29,-2.57,-28.17,5.11,-35.84,5.11,-33.28,2.55,-35.84,7.67,-30.72,12.79,-30.72,12.79,-25.6,17.91,-25.6,23.03,-23.04,25.59
2964714,-80,0,0,-40.96,30.71,-40.96,30.71,-33.28,40.95,-28.16,38.39,-30.72,46.07,-15.36,43.51,-12.8,40.95,-2.56,33.27,-2.56,25.59,-2.56,17.91,5.12,7.68,7.68,-5.12,5.11,-23.04,10.23,-28.16,10.23,-38.4,12.79,-46.08,12.79,-48.64,12.79,-56.32,17.91,-56.32,23.03,-56.32,28.15,-51.2,25.59,-43.52,30.71,-38.4,35.83,-25.6,35.83,-17.92,33.27,-2.56,2.55,0,0,0,0,0,0,0,0,0,0,0,0,0,0,0,0,0,0,0,0,0,-43.52,2.55,-30.72,-5.13,-17.93,-7.69,-7.69,-7.69,2.55,-10.24,10.23,-2.56,15.35,0,20.48,5.12,23.04,12.8,28.16,12.8,28.16,17.92,30.72,12.8,30.72,7.68,30.72,10.24,30.72,7.68,28.16,0,23.04,0,17.92,-10.24,12.79,-10.24,5.11,-10.24,-2.57,-7.69,-7.69,-7.69,-15.37,2.55,-25.6,-0.01,-30.73,12.79,-38.4,10.23
2964762,-80,0,0,0,-30.72,-2.57,-25.61,-10.25,-33.29,-10.25,-28.17,-17.93,-30.73,-20.49,-30.73,-23.05,-30.73,-25.61,-30.73,-15.37,-30.73,-23.05,-28.17,-20.49,-23.05,-17.93,-25.61,-10.25,-15.37,-10.25,-5.13,-7.69,7.67,-20.48,10.23,-15.36,23.03,-30.72,30.71,-33.28,30.71,-46.08,33.27,-43.52,23.03,-48.64,17.91,-46.08,5.11,-46.08,2.55,-35.84,-2.57,-28.17,-12.81,2.55,0,0,0,0,0,0,0,0,0,0,0,0,0,0,0,0,0,0,0,0,0,15.36,7.68,17.92,7.68,12.8,5.12,12.8,7.68,17.92,2.56,23.04,2.56,25.6,2.56,25.6,2.56,25.6,2.56,30.72,-2.56,35.83,-5.12,30.71,2.56,33.28,-2.56,35.83,-2.56,35.83,-10.24,38.39,-10.24,35.83,-7.68,33.27,-15.36,33.27,-17.92,28.15,-17.92,25.59,-25.6,23.03,-28.16,20.47,-25.6,17.91,-30.72,17.91,-30.72,20.47,-25.6
2964919,-80,0,0,-12.8,46.07,-10.24,46.07,-12.8,46.07,-5.12,46.07,0,40.96,-5.12,43.51,2.56,35.84,10.24,28.16,10.24,17.92,5.12,10.24,5.12,-2.56,5.11,-10.24,5.11,-28.16,5.11,-28.16,-0.01,-35.85,-2.57,-40.97,5.11,-46.08,5.11,-53.76,7.67,-53.76,12.79,-43.52,15.35,-43.52,20.47,-38.4,23.03,-33.28,23.03,-17.92,30.71,-17.92,28.15,-2.56,2.55,0,0,0,0,0,0,0,0,0,0,0,0,0,0,0,0,0,0,0,0,0,-7.68,30.71,-12.8,23.03,0,0,-10.24,10.23,-5.12,-7.69,-0.01,-2.57,12.79,-17.92,20.47,-17.92,23.03,-10.24,38.39,-10.24,28.15,-17.92,28.15,-15.36,25.59,-10.24,23.03,-20.48,23.03,-12.8,20.47,-15.36,12.79,-15.36,7.67,-17.92,-5.13,-15.37,-7.69,-5.13,-7.69,-5.13,-17.93,-5.13,-12.81,10.23,-23.04,17.91,-17.92,20.47,-20.48,30.71
2964938,-80,0,0,-46.08,-0.01,-46.09,5.11,-46.08,10.23,-43.52,12.79,-46.08,17.91,-35.84,23.03,-38.4,25.59,-28.16,20.47,-15.36,15.35,-7.68,12.79,-2.56,15.35,7.68,-5.12,17.91,-7.68,30.71,-12.8,28.15,-15.36,48.63,-17.92,43.51,-33.28,46.07,-20.48,46.07,-23.04,46.07,-12.8,53.75,-10.24,43.51,0,35.84,0,28.16,15.36,23.04,17.92,15.36,25.6,0,0,0,0,0,0,0,0,0,0,0,0,0,0,0,0,0,0,0,0,0,0,-38.4,-5.13,-23.05,-12.81,-10.25,-15.37,-5.13,-5.13,-0.01,-2.57,12.79,0,10.24,12.8,12.8,15.36,20.48,17.92,23.04,28.16,23.04,20.48,20.48,25.6,25.6,28.16,23.04,20.48,28.16,17.92,15.36,10.24,15.36,5.12,10.24,5.12,10.24,-5.12,12.79,-5.12,2.55,-10.24,-7.69,-10.25,-20.49,-15.37,-25.61,-10.25,-25.61,-10.25,-38.41,-7.69
2964942,-80,0,0,-46.08,-0.01,-46.09,5.11,-46.08,10.23,-43.52,12.79,-46.08,17.91,-35.84,23.03,-38.4,25.59,-28.16,20.47,-15.36,15.35,-7.68,12.79,-2.56,15.35,7.68,-5.12,17.91,-7.68,30.71,-12.8,28.15,-15.36,48.63,-17.92,43.51,-33.28,46.07,-20.48,46.07,-23.04,46.07,-12.8,53.75,-10.24,43.51,0,35.84,0,28.16,15.36,23.04,17.92,15.36,25.6,0,0,0,0,0,0,0,0,0,0,0,0,0,0,0,0,0,0,0,0,0,0,-38.4,-5.13,-23.05,-12.81,-10.25,-15.37,-5.13,-5.13,-0.01,-2.57,12.79,0,10.24,12.8,12.8,15.36,20.48,17.92,23.04,28.16,23.04,20.48,20.48,25.6,25.6,28.16,23.04,20.48,28.16,17.92,15.36,10.24,15.36,5.12,10.24,5.12,10.24,-5.12,12.79,-5.12,2.55,-10.24,-7.69,-10.25,-20.49,-15.37,-25.61,-10.25,-25.61,-10.25,-38.41,-7.69
2964991,-80,0,0,-2.56,35.83,2.56,30.72,5.12,33.28,10.24,25.6,15.36,33.28,17.92,33.28,20.48,28.16,25.6,38.4,20.48,33.28,25.6,35.84,23.04,28.16,15.36,28.16,17.92,17.92,12.8,7.68,7.68,0,17.92,-7.68,17.91,-12.8,25.59,-20.48,35.83,-15.36,46.07,-23.04,56.31,-10.24,53.75,-10.24,53.75,5.12,48.64,10.24,38.4,15.36,28.16,17.92,0,0,0,0,0,0,0,0,0,0,0,0,0,0,0,0,0,0,0,0,0,0,-20.48,-2.57,-17.93,-0.01,-15.37,2.55,-17.92,5.11,-12.8,7.67,-25.6,10.23,-23.04,10.23,-28.16,15.35,-35.84,15.35,-33.28,17.91,-35.84,15.35,-30.72,12.79,-38.4,12.79,-38.4,15.35,-33.28,12.79,-35.84,15.35,-35.84,12.79,-30.72,20.47,-30.72,20.47,-28.16,30.71,-20.48,35.83,-23.04,35.83,-23.04,35.83,-17.92,40.95,-15.36,35.83,-15.36,35.83
2965298,-79,0,0,-2.56,-30.73,-5.13,-23.05,-7.69,-25.61,-15.37,-28.17,-20.49,-28.17,-20.49,-23.05,-23.05,-28.17,-23.05,-25.61,-25.61,-25.61,-25.61,-23.05,-20.49,-17.93,-15.37,-15.37,-12.81,-10.25,-10.25,-5.13,-10.25,7.67,-15.36,12.79,-12.8,15.35,-23.04,23.03,-43.52,25.59,-33.28,30.71,-35.84,30.71,-51.2,28.15,-43.52,-0.01,-51.21,-5.13,-43.53,-7.69,-58.89,-12.81,2.55,0,0,0,0,0,0,0,0,0,0,0,0,0,0,0,0,0,0,0,0,0,12.8,2.56,12.8,2.56,10.24,0,15.36,0,17.92,-2.56,15.35,-5.12,25.59,-7.68,25.59,-12.8,25.59,-12.8,23.03,-10.24,33.27,-7.68,35.83,-12.8,33.27,-12.8,33.27,-12.8,30.71,-12.8,28.15,-7.68,25.59,-15.36,30.71,-20.48,20.47,-17.92,20.47,-17.92,17.91,-25.6,17.91,-25.6,10.23,-28.16,7.67,-28.16,7.67,-33.28,7.67,-33.28
2965400,-80,0,0,-33.28,17.91,-28.16,17.91,-20.48,23.03,-33.28,33.27,-23.04,43.51,-30.72,30.71,-23.04,28.15,-25.6,38.39,-25.6,30.71,-23.04,35.83,-17.92,25.59,-28.16,23.03,-10.24,20.47,-2.56,17.91,0,10.24,10.24,10.24,15.36,15.36,20.48,23.04,25.6,25.6,25.6,35.84,17.92,38.4,15.36,40.96,5.12,48.64,0,38.4,-7.68,43.51,-12.8,33.27,0,0,0,0,0,0,0,0,0,0,0,0,0,0,0,0,0,0,0,0,0,0,-12.8,-7.69,-17.93,-0.01,-2.57,-0.01,-12.81,-10.25,-15.37,-12.81,-7.69,-0.01,-30.73,-7.69,-23.05,-15.37,-23.05,-10.25,-25.61,-12.81,-30.73,-7.69,-30.73,-5.13,-30.73,-20.49,-25.61,-15.37,-23.05,-12.81,-28.17,-20.49,-28.17,-17.93,-30.73,-12.81,-33.29,-2.57,-30.73,-2.57,-43.53,2.55,-30.72,-2.57,-33.29,-0.01,-38.41,7.67,-40.96,-0.01,-25.61,17.91
2965416,-65,0,0,-30.72,-25.61,-30.73,-23.05,-30.73,-17.93,-28.17,-12.81,-23.05,-7.69,-17.93,-2.57,-12.81,2.55,-5.12,5.11,0,5.12,7.68,5.12,12.8,2.56,12.8,-2.56,17.91,-5.12,17.91,-10.24,15.35,-15.36,12.79,-17.92,10.23,-20.48,5.11,-17.92,-0.01,-15.37,-2.57,-12.81,-5.13,-10.25,-7.69,-5.13,-7.69,-0.01,-5.13,5.11,-7.68,10.23,-5.12,15.35,0,0,0,0,0,0,0,0,0,0,0,0,0,0,0,0,0,0,0,0,0,0,40.96,-7.68,43.51,-5.12,46.07,-5.12,46.07,-2.56,43.51,0,35.84,2.56,28.16,7.68,23.04,15.36,15.36,23.04,7.68,28.16,0,35.84,-2.56,43.51,-7.68,48.63,-7.68,53.75,-7.68,53.75,-7.68,58.87,-5.12,53.75,-2.56,48.63,-2.56,40.95,0,30.72,-2.56,20.47,-2.56,10.23,-7.68,-0.01,-7.69,-12.81,-12.81,-17.93,-17.93,-25.61
2965502,-63,0,0,40.96,10.24,46.08,2.56,46.08,-2.56,30.71,-7.68,28.15,-5.12,20.47,-15.36,12.79,-7.68,5.11,-10.24,-2.57,-10.25,-7.69,-7.69,-10.25,-7.69,-10.25,5.11,-15.36,2.55,-15.36,5.11,-17.92,5.11,-15.36,10.23,-10.24,15.35,-12.8,23.03,-69.12,40.95,-2.56,30.71,7.68,-7.68,5.11,15.36,0,2.56,0,0,2.56,-2.56,7.67,-5.12,2.55,0,0,0,0,0,0,0,0,0,0,0,0,0,0,0,0,0,0,0,0,0,28.16,20.48,25.6,23.04,25.6,28.16,20.48,30.72,15.36,30.72,7.68,30.72,0,25.6,-10.24,25.59,-17.92,20.47,-28.16,17.91,-35.84,12.79,-40.96,10.23,-51.2,5.11,-51.2,2.55,-53.76,-2.57,-48.65,-10.25,-46.09,-5.13,-40.97,-7.69,-33.29,-5.13,-25.61,-5.13,-15.37,-5.13,2.55,5.12,7.68,-2.56,15.35,5.12,28.16,15.36,28.16,0
2965506,-64,0,0,-30.72,-56.33,-33.29,-48.65,-35.85,-40.97,-33.29,-40.97,-30.73,-23.05,-30.73,-10.25,-25.61,-7.69,-10.25,7.67,-12.8,5.11,0,5.12,5.12,12.8,5.12,7.68,20.48,5.12,23.04,-2.56,23.03,-5.12,28.15,-15.36,20.47,-12.8,23.03,-10.24,30.71,-12.8,-10.25,-33.29,7.67,-17.92,-0.01,-10.25,-2.57,-7.69,-7.69,-2.57,-10.25,2.55,-15.36,10.23,0,0,0,0,0,0,0,0,0,0,0,0,0,0,0,0,0,0,0,0,0,0,43.52,-30.72,51.19,-28.16,51.19,-23.04,53.75,-17.92,48.63,-12.8,46.07,-2.56,40.95,5.12,30.72,17.92,20.48,28.16,17.92,38.4,10.24,51.2,5.12,58.88,2.56,64,-2.56,74.23,0,76.8,0,71.68,-2.56,74.23,0,56.32,2.56,51.2,2.56,40.96,0,20.48,0,5.12,-2.56,-12.81,-2.57,-20.49,-10.25,-33.29,-17.93,-48.65
2965535,-64,0,0,-35.84,-48.65,-43.53,-33.29,-33.29,-30.73,-30.73,-23.05,-25.61,-12.81,-25.61,-7.69,-15.37,2.55,-20.48,2.55,-7.68,10.23,-2.56,17.91,10.24,15.36,12.8,7.68,17.92,-2.56,23.03,-2.56,30.71,-7.68,23.03,-15.36,17.91,-15.36,17.91,-20.48,12.79,-23.04,7.67,-20.48,5.11,-17.92,-0.01,-12.81,-5.13,-7.69,-7.69,-2.57,-10.25,5.11,-12.8,12.79,0,0,0,0,0,0,0,0,0,0,0,0,0,0,0,0,0,0,0,0,0,0,35.84,-35.84,43.51,-33.28,46.07,-33.28,46.07,-28.16,46.07,-23.04,43.51,-12.8,38.39,-2.56,35.83,7.68,28.16,23.04,23.04,33.28,20.48,46.08,17.92,56.32,12.8,61.44,12.8,71.68,10.24,69.12,15.36,74.24,10.24,69.12,10.24,61.44,10.24,48.64,10.24,35.84,5.12,20.48,5.12,2.56,-2.56,-7.69,-7.69,-20.49,-15.37,-33.29,-25.61,-35.85
2965554,-65,0,0,40.96,-17.92,40.95,-28.16,35.83,-30.72,25.59,-23.04,20.47,-28.16,15.35,-23.04,2.55,-20.48,-0.01,-10.25,-7.69,-7.69,-7.69,2.55,-10.24,2.55,-10.24,10.23,-5.12,12.79,-10.24,25.59,2.56,17.92,7.68,23.04,10.24,20.48,12.8,12.8,12.8,12.8,12.8,10.24,12.8,5.12,10.24,0,5.12,-5.12,5.11,-7.68,-0.01,-7.69,-5.13,-10.25,2.55,0,0,0,0,0,0,0,0,0,0,0,0,0,0,0,0,0,0,0,0,0,25.6,30.72,25.6,35.84,23.04,38.4,20.48,38.4,12.8,38.4,7.68,35.84,-2.56,33.27,-12.8,28.15,-23.04,23.03,-33.28,20.47,-40.96,15.35,-48.64,7.67,-56.32,7.67,-61.44,5.11,-64,7.67,-64,5.11,-58.88,5.11,-53.76,10.23,-46.08,7.67,-30.72,7.67,-20.48,5.11,-2.56,2.55,7.68,-2.56,28.15,-5.12,28.15,-15.36,40.95,-15.36
2965584,-65,0,0,40.96,-30.72,40.95,-33.28,35.83,-35.84,25.59,-33.28,20.47,-30.72,10.23,-25.6,2.55,-20.48,-2.57,-10.25,-7.69,-5.13,-10.25,2.55,-12.8,7.67,-10.24,15.35,-7.68,17.91,-2.56,20.47,2.56,20.48,7.68,17.92,10.24,17.92,12.8,12.8,15.36,7.68,15.36,5.12,15.36,2.56,10.24,-2.56,7.67,-5.12,2.55,-7.68,-0.01,-7.69,-5.13,-7.69,2.55,0,0,0,0,0,0,0,0,0,0,0,0,0,0,0,0,0,0,0,0,0,23.04,35.84,23.04,38.4,20.48,40.96,17.92,43.52,10.24,40.96,2.56,38.4,-5.12,33.27,-15.36,28.15,-23.04,25.59,-35.84,17.91,-46.08,12.79,-53.76,7.67,-58.88,5.11,-61.44,5.11,-66.56,5.11,-66.56,7.67,-58.88,7.67,-56.32,7.67,-43.52,10.23,-33.28,7.67,-20.48,5.11,-5.12,2.55,7.68,-2.56,23.03,-7.68,33.27,-10.24,38.39,-15.36
2965603,-65,0,0,10.24,53.76,20.48,56.32,12.8,40.96,23.04,38.4,20.48,33.28,17.92,25.6,17.92,10.24,12.8,0,7.68,-5.12,7.67,-12.8,2.55,-15.36,-5.13,-17.93,-12.81,-5.13,-20.49,-5.13,-25.61,-5.13,-15.37,2.55,-25.6,5.11,-25.6,10.23,-20.48,10.23,-12.8,12.79,-12.8,15.35,-7.68,12.79,-2.56,12.79,5.12,7.68,10.24,0,15.36,-5.12,2.55,0,0,0,0,0,0,0,0,0,0,0,0,0,0,0,0,0,0,0,0,0,-51.2,12.79,-51.2,7.67,-56.32,5.11,-53.76,2.55,-48.64,-5.13,-40.97,-7.69,-33.29,-17.93,-23.05,-25.61,-12.81,-33.29,-2.57,-40.97,7.67,-51.2,15.35,-58.88,23.03,-61.44,23.03,-66.56,25.59,-69.12,25.59,-71.68,20.47,-61.44,17.91,-61.44,15.35,-51.2,7.67,-38.4,-0.01,-20.49,-0.01,-2.57,-2.57,10.23,-12.8,30.71,-10.24,33.27,-2.56,51.19
2965632,-65,0,0,-53.76,17.91,-46.08,15.35,-40.96,28.15,-35.84,30.71,-28.16,30.71,-12.8,25.59,-7.68,20.47,-2.56,12.79,2.56,12.8,10.24,0,12.8,-5.12,15.35,-10.24,10.23,-15.36,2.55,-17.92,2.55,-23.04,-2.57,-23.05,-2.57,-23.05,-7.69,-17.93,-12.81,-15.37,-10.25,-12.81,-10.25,-5.13,-10.25,-2.57,-7.69,2.55,-5.12,5.11,-2.56,10.23,2.56,10.24,0,0,0,0,0,0,0,0,0,0,0,0,0,0,0,0,0,0,0,0,0,0,-17.92,-38.41,-12.81,-43.53,-12.81,-46.09,-7.69,-46.09,-2.57,-43.53,5.11,-40.96,12.79,-33.28,23.03,-28.16,30.71,-17.92,38.39,-10.24,46.07,-5.12,53.75,2.56,58.88,7.68,61.44,10.24,64,7.68,66.56,12.8,58.88,10.24,53.76,7.68,43.52,2.56,33.28,2.56,20.48,0,5.12,-2.56,-7.69,-2.57,-17.93,-0.01,-33.29,7.67,-40.96,7.67
2965651,-65,0,0,-43.52,20.47,-40.96,23.03,-35.84,25.59,-30.72,25.59,-23.04,25.59,-15.36,23.03,-5.12,17.91,0,10.24,5.12,5.12,7.68,0,10.24,-5.12,12.79,-12.8,10.23,-15.36,7.67,-20.48,-0.01,-17.93,-2.57,-17.93,-5.13,-17.93,-7.69,-15.37,-10.25,-12.81,-10.25,-7.69,-10.25,-2.57,-7.69,-0.01,-5.13,5.11,-5.12,7.67,-2.56,10.23,2.56,10.24,0,0,0,0,0,0,0,0,0,0,0,0,0,0,0,0,0,0,0,0,0,0,-20.48,-33.29,-15.37,-35.85,-12.81,-38.41,-10.25,-38.41,-5.13,-38.41,2.55,-35.84,7.67,-30.72,17.91,-25.6,25.59,-17.92,33.27,-15.36,40.95,-7.68,48.63,-5.12,53.75,-2.56,56.31,0,56.32,0,56.32,0,53.76,0,46.08,-2.56,40.95,-2.56,30.71,-5.12,17.91,-2.56,5.11,-2.56,-5.13,-0.01,-17.93,2.55,-30.72,7.67,-38.4,12.79
2965680,-65,0,0,46.08,15.36,46.08,10.24,43.52,5.12,38.4,0,28.16,-5.12,25.59,-7.68,15.35,-7.68,5.11,-7.68,-2.57,-2.57,-10.25,-2.57,-15.37,2.55,-17.92,7.67,-15.36,12.79,-12.8,17.91,-12.8,20.47,-5.12,23.03,0,20.48,5.12,20.48,7.68,15.36,10.24,10.24,12.8,7.68,12.8,0,7.68,-5.12,7.67,-10.24,5.11,-15.36,-0.01,-15.37,2.55,0,0,0,0,0,0,0,0,0,0,0,0,0,0,0,0,0,0,0,0,0,-28.16,40.95,-28.16,40.95,-33.28,40.95,-35.84,38.39,-35.84,33.27,-35.84,23.03,-35.84,12.79,-33.28,2.55,-33.28,-10.25,-33.29,-20.49,-33.29,-30.73,-33.29,-40.97,-33.29,-46.09,-35.85,-51.21,-35.85,-53.77,-38.41,-53.77,-35.85,-48.65,-35.85,-43.53,-28.17,-33.29,-20.49,-23.05,-12.81,-12.81,-5.13,-2.57,7.67,2.56,15.36,12.8,25.6,15.36,38.4,17.92
2965699,-65,0,0,-48.64,7.67,-46.08,12.79,-43.52,15.35,-33.28,17.91,-25.6,17.91,-17.92,15.35,-7.68,12.79,0,5.12,5.12,2.56,10.24,-2.56,12.79,-10.24,12.79,-15.36,7.67,-17.92,5.11,-23.04,-0.01,-17.93,-5.13,-17.93,-10.25,-17.93,-12.81,-12.81,-15.37,-7.69,-15.37,-2.57,-12.81,2.55,-12.8,5.11,-7.68,10.23,-2.56,10.23,2.56,10.24,7.68,12.8,0,0,0,0,0,0,0,0,0,0,0,0,0,0,0,0,0,0,0,0,0,0,2.56,-46.08,10.23,-48.64,10.23,-48.64,15.35,-46.08,17.91,-40.96,20.47,-35.84,23.03,-25.6,28.15,-17.92,33.27,-5.12,40.95,2.56,40.96,12.8,46.08,20.48,51.2,25.6,56.32,28.16,56.32,28.16,56.32,30.72,56.32,25.6,48.64,20.48,40.96,15.36,30.72,7.68,17.92,5.12,5.12,0,-10.24,-0.01,-17.93,-2.57,-30.73,-2.57,-38.41,-0.01
2965728,-64,0,0,46.08,17.92,46.08,12.8,40.96,5.12,35.84,2.56,30.72,-2.56,25.59,-5.12,12.79,-7.68,5.11,-7.68,-2.57,-5.13,-10.25,-2.57,-15.37,2.55,-17.92,5.11,-17.92,12.79,-17.92,15.35,-15.36,20.47,-10.24,23.03,-5.12,25.59,-2.56,23.03,2.56,17.92,5.12,12.8,7.68,10.24,10.24,7.68,7.68,0,5.12,-5.12,7.67,-10.24,5.11,-15.36,2.55,0,0,0,0,0,0,0,0,0,0,0,0,0,0,0,0,0,0,0,0,0,-20.48,40.95,-25.6,43.51,-28.16,40.95,-30.72,38.39,-33.28,33.27,-30.72,23.03,-30.72,12.79,-33.28,5.11,-28.16,-7.69,-30.73,-17.93,-28.17,-30.73,-30.73,-40.97,-33.29,-43.53,-33.29,-48.65,-30.73,-51.21,-33.29,-53.77,-30.73,-48.65,-30.73,-40.97,-25.61,-33.29,-20.49,-23.05,-10.25,-15.37,-2.57,-2.57,7.67,5.12,15.36,10.24,25.6,17.92,35.84,17.92
2965747,-64,0,0,-2.56,51.19,2.56,48.64,7.68,43.52,10.24,35.84,12.8,28.16,12.8,17.92,10.24,10.24,7.68,0,5.12,-5.12,2.55,-10.24,-2.57,-12.81,-7.69,-12.81,-12.81,-12.81,-15.37,-10.25,-20.49,-5.13,-20.49,-2.57,-17.93,2.55,-20.48,7.67,-20.48,10.23,-12.8,10.23,-10.24,12.79,-5.12,10.23,0,5.12,2.56,2.56,7.68,-2.56,12.79,-7.68,2.55,0,0,0,0,0,0,0,0,0,0,0,0,0,0,0,0,0,0,0,0,0,-43.52,-2.57,-43.53,-7.69,-46.09,-7.69,-43.53,-12.81,-38.41,-15.37,-30.73,-17.93,-20.49,-23.05,-10.25,-25.61,-0.01,-28.17,10.23,-35.84,20.47,-40.96,28.15,-43.52,35.83,-48.64,38.39,-51.2,40.95,-51.2,38.39,-53.76,35.83,-51.2,30.71,-46.08,23.03,-40.96,17.91,-30.72,10.23,-20.48,5.11,-7.68,-0.01,10.23,-7.68,20.47,-10.24,33.27,-5.12,40.95
2965562,-65,0,0,40.96,-17.92,40.95,-28.16,35.83,-30.72,25.59,-23.04,20.47,-28.16,15.35,-23.04,2.55,-20.48,-0.01,-10.25,-7.69,-7.69,-7.69,2.55,-10.24,2.55,-10.24,10.23,-5.12,12.79,-10.24,25.59,2.56,17.92,7.68,23.04,10.24,20.48,12.8,12.8,12.8,12.8,12.8,10.24,12.8,5.12,10.24,0,5.12,-5.12,5.11,-7.68,-0.01,-7.69,-5.13,-10.25,2.55,0,0,0,0,0,0,0,0,0,0,0,0,0,0,0,0,0,0,0,0,0,25.6,30.72,25.6,35.84,23.04,38.4,20.48,38.4,12.8,38.4,7.68,35.84,-2.56,33.27,-12.8,28.15,-23.04,23.03,-33.28,20.47,-40.96,15.35,-48.64,7.67,-56.32,7.67,-61.44,5.11,-64,7.67,-64,5.11,-58.88,5.11,-53.76,10.23,-46.08,7.67,-30.72,7.67,-20.48,5.11,-2.56,2.55,7.68,-2.56,28.15,-5.12,28.15,-15.36,40.95,-15.36
2965813,-64,0,0,-46.08,-15.37,-48.65,-5.13,-43.53,-2.57,-40.97,-0.01,-35.85,2.55,-15.36,-5.13,-30.73,-7.69,-5.13,7.67,0,0,10.24,-2.56,15.35,-7.68,12.79,-12.8,12.79,-15.36,10.23,-17.92,7.67,-20.48,2.55,-23.04,-2.57,-17.93,-5.13,-15.37,-7.69,-12.81,-10.25,-7.69,-10.25,-5.13,-7.69,-2.57,-2.57,2.55,0,2.56,2.56,5.12,10.24,5.12,0,0,0,0,0,0,0,0,0,0,0,0,0,0,0,0,0,0,0,0,0,0,40.96,-25.6,46.07,-25.6,48.63,-25.6,48.63,-25.6,46.07,-20.48,43.51,-15.36,38.39,-5.12,33.27,2.56,25.6,15.36,20.48,28.16,17.92,35.84,17.92,46.08,17.92,53.76,17.92,58.88,20.48,61.44,23.04,64,23.04,56.32,23.04,53.76,20.48,40.96,20.48,30.72,10.24,20.48,5.12,10.24,-7.68,2.55,-15.36,-7.69,-23.05,-12.81,-35.85,-15.37
2965824,-64,0,0,-5.12,48.63,-2.56,46.07,2.56,43.52,5.12,38.4,7.68,28.16,7.68,20.48,7.68,10.24,5.12,2.56,0,-2.56,-2.57,-5.13,-5.13,-7.69,-7.69,-10.25,-12.81,-7.69,-15.37,-5.13,-17.93,-0.01,-17.93,5.11,-20.48,7.67,-15.36,10.23,-12.8,12.79,-7.68,12.79,-5.12,12.79,-2.56,10.23,0,2.56,2.56,-2.56,5.11,-7.68,5.11,-12.8,2.55,0,0,0,0,0,0,0,0,0,0,0,0,0,0,0,0,0,0,0,0,0,-33.28,-33.29,-30.73,-35.85,-30.73,-38.41,-28.17,-38.41,-23.05,-35.85,-17.93,-33.29,-10.25,-30.73,2.55,-30.72,12.79,-28.16,23.03,-28.16,33.27,-25.6,40.95,-25.6,48.63,-25.6,53.75,-28.16,56.31,-33.28,56.31,-33.28,51.19,-35.84,46.07,-33.28,35.83,-30.72,28.15,-25.6,17.91,-15.36,10.23,-7.68,5.11,5.12,-7.68,17.91,-10.24,28.15,-10.24,38.39
2965843,-64,0,0,25.6,48.64,30.72,46.08,30.72,38.4,33.28,30.72,28.16,20.48,25.6,12.8,17.92,5.12,7.68,0,0,-2.56,-5.13,-0.01,-10.25,-0.01,-12.81,2.55,-17.92,7.67,-20.48,10.23,-17.92,17.91,-15.36,20.47,-7.68,20.47,-5.12,20.47,-2.56,20.47,0,12.8,2.56,10.24,5.12,5.12,0,0,0,-2.56,-5.13,-7.69,-7.69,-7.69,2.55,0,0,0,0,0,0,0,0,0,0,0,0,0,0,0,0,0,0,0,0,0,-46.08,-33.29,-43.53,-35.85,-43.53,-35.85,-43.53,-35.85,-38.41,-35.85,-30.73,-33.29,-20.49,-33.29,-7.69,-30.73,2.55,-35.84,17.91,-38.4,28.15,-43.52,35.83,-48.64,43.51,-53.76,33.27,-87.04,63.99,-53.76,38.39,-56.32,38.39,-58.88,30.71,-58.88,23.03,-51.2,17.91,-40.96,10.23,-25.6,7.67,-12.8,7.67,5.12,2.56,17.92,7.68,30.72,15.36,40.96
2965872,-80,0,0,38.4,5.12,40.96,0,43.52,-2.56,40.95,-7.68,38.39,-12.8,38.39,-12.8,25.59,-15.36,23.03,-15.36,15.35,-15.36,7.67,-7.68,2.55,-5.12,-7.69,-2.57,-12.81,7.67,-23.04,10.23,-25.6,12.79,-38.4,17.91,-38.4,20.47,-40.96,17.91,-40.96,15.35,-48.64,15.35,-43.52,10.23,-43.52,2.55,-35.84,-7.69,-28.17,-12.81,-25.61,-15.37,-17.93,-17.93,2.55,0,0,0,0,0,0,0,0,0,0,0,0,0,0,0,0,0,0,0,0,0,28.16,10.24,25.6,10.24,12.8,15.36,2.56,10.24,-2.56,5.11,-12.8,-0.01,-7.69,-10.25,-7.69,-15.37,-15.37,-15.37,-15.37,-20.49,-20.49,-20.49,-17.93,-25.61,-20.49,-20.49,-23.05,-17.93,-15.37,-20.49,-20.49,-12.81,-15.37,-7.69,-17.93,-2.57,-10.25,-0.01,-7.69,5.11,-2.56,12.79,10.24,12.8,10.24,10.24,20.48,12.8,25.6,15.36,30.72,12.8
2965912,-78,0,0,-2.56,-17.93,-0.01,-17.93,5.11,-20.48,-0.01,-17.93,2.55,-23.04,5.11,-25.6,5.11,-25.6,7.67,-23.04,12.79,-23.04,12.79,-17.92,15.35,-17.92,15.35,-15.36,12.79,-10.24,7.67,-10.24,5.11,-10.24,-0.01,-12.81,2.55,-15.36,-0.01,-17.93,2.55,-25.6,10.23,-28.16,12.79,-20.48,28.15,-25.6,33.27,-12.8,20.47,-25.6,-17.93,28.15,-2.56,79.35,0,0,0,0,0,0,0,0,0,0,0,0,0,0,0,0,0,0,0,0,0,0,-10.24,-2.57,-7.69,-2.57,-7.69,-5.13,-7.69,-2.57,-12.81,-5.13,-10.25,-5.13,-12.81,-5.13,-10.25,-10.25,-10.25,-7.69,-10.25,-10.25,-10.25,-15.37,-7.69,-20.49,-7.69,-17.93,-7.69,-15.37,-5.13,-17.93,-0.01,-20.49,-2.57,-17.93,-0.01,-17.93,2.55,-20.48,-0.01,-20.49,-0.01,-17.93,-0.01,-20.49,-2.57,-20.49,7.67,-20.48,2.55,-20.48,5.11,-25.6
2965927,-64,0,0,43.52,7.68,46.08,2.56,43.52,0,38.4,-5.12,33.27,-10.24,28.15,-10.24,17.91,-10.24,10.23,-10.24,2.55,-7.68,-2.57,-0.01,-5.13,2.55,-7.68,7.67,-7.68,12.79,-5.12,15.35,-5.12,15.35,0,15.36,2.56,15.36,5.12,12.8,5.12,10.24,7.68,7.68,5.12,5.12,2.56,2.56,-2.56,5.11,-5.12,2.55,-7.68,-0.01,-10.25,-0.01,2.55,0,0,0,0,0,0,0,0,0,0,0,0,0,0,0,0,0,0,0,0,0,-43.52,28.15,-46.08,30.71,-46.08,30.71,-46.08,28.15,-46.08,25.59,-40.96,20.47,-35.84,12.79,-33.28,2.55,-25.6,-7.69,-23.05,-17.93,-17.93,-28.17,-17.93,-38.41,-20.49,-46.09,-20.49,-51.21,-23.05,-53.77,-25.61,-53.77,-28.17,-51.21,-25.61,-46.09,-25.61,-38.41,-23.05,-28.17,-12.81,-17.93,-7.69,-7.69,2.55,-2.56,12.79,5.12,20.48,10.24,30.72,10.24
2966015,-80,0,0,12.8,28.16,10.24,20.48,15.36,20.48,25.6,28.16,30.72,25.6,33.28,28.16,23.04,23.04,30.72,20.48,28.16,28.16,25.6,20.48,25.6,12.8,17.92,10.24,12.8,10.24,12.8,0,17.92,-7.68,17.91,-12.8,23.03,-17.92,28.15,-25.6,35.83,-25.6,38.39,-25.6,46.07,-23.04,48.63,-17.92,48.63,-10.24,46.07,2.56,33.28,5.12,35.84,15.36,0,0,0,0,0,0,0,0,0,0,0,0,0,0,0,0,0,0,0,0,0,0,-17.92,5.11,-12.8,10.23,-10.24,7.67,-12.8,12.79,-15.36,7.67,-17.92,15.35,-15.36,12.79,-15.36,15.35,-12.8,20.47,-25.6,23.03,-15.36,23.03,-20.48,25.59,-28.16,23.03,-20.48,28.15,-23.04,23.03,-17.92,25.59,-20.48,25.59,-17.92,30.71,-5.12,33.27,-12.8,25.59,-10.24,33.27,-10.24,35.83,-7.68,33.27,-2.56,35.83,0,28.16,5.12,28.16
2966030,-64,0,0,28.16,33.28,30.72,28.16,30.72,25.6,30.72,17.92,28.16,12.8,25.6,5.12,17.92,0,10.24,-2.56,5.11,-5.12,-0.01,-2.57,-5.13,-2.57,-5.13,-0.01,-7.69,2.55,-10.24,7.67,-7.68,10.23,-5.12,12.79,-2.56,15.35,0,10.24,0,10.24,2.56,7.68,2.56,5.12,0,5.12,-2.56,5.11,-5.12,2.55,-10.24,-0.01,-12.81,-0.01,2.55,0,0,0,0,0,0,0,0,0,0,0,0,0,0,0,0,0,0,0,0,0,-48.64,-20.49,-48.65,-20.49,-51.21,-20.49,-51.21,-20.49,-48.65,-20.49,-40.97,-17.93,-33.29,-17.93,-23.05,-20.49,-12.81,-23.05,-5.13,-25.61,7.67,-33.28,15.35,-40.96,20.47,-46.08,23.03,-51.2,25.59,-53.76,25.59,-58.88,20.47,-58.88,17.91,-53.76,12.79,-48.64,10.23,-40.96,7.67,-28.16,5.11,-15.36,10.23,-2.56,10.23,7.68,10.24,17.92,20.48,25.6
2966048,-64,0,0,-46.08,-7.69,-48.65,5.11,-43.52,7.67,-46.08,25.59,-38.4,2.55,-30.72,23.03,-15.36,12.79,-12.8,2.55,-5.12,15.35,0,-5.12,5.11,-10.24,12.79,-15.36,-0.01,-12.81,2.55,-12.8,-2.57,-10.25,-5.13,-12.81,-10.25,-7.69,-12.81,-5.13,-12.81,-2.57,-12.81,-2.57,-10.25,-0.01,-5.13,-0.01,-0.01,-0.01,2.55,-5.12,5.11,-10.24,7.67,-12.8,2.55,0,0,0,0,0,0,0,0,0,0,0,0,0,0,0,0,0,0,0,0,0,58.88,-2.56,66.55,-2.56,69.11,-5.12,69.11,-5.12,61.43,-5.12,56.31,-2.56,48.63,2.56,35.84,7.68,25.6,15.36,20.48,23.04,15.36,33.28,5.12,46.08,10.24,53.76,12.8,58.88,10.24,69.12,20.48,74.24,23.04,69.12,15.36,58.88,12.8,40.96,12.8,35.84,15.36,20.48,-5.12,12.79,-17.92,10.23,-20.48,7.67,-23.04,-2.57,-33.29,-15.37
2966067,-80,0,0,-25.6,-38.41,-25.61,-33.29,-30.73,-35.85,-28.17,-30.73,-30.73,-28.17,-35.85,-17.93,-25.61,-10.25,-20.49,-7.69,-17.93,2.55,-12.8,2.55,-10.24,7.67,2.56,10.24,5.12,7.68,17.92,12.8,28.16,23.04,30.72,23.04,38.4,28.16,35.84,33.28,35.84,35.84,30.72,35.84,15.36,38.4,17.92,38.4,10.24,35.84,-5.12,28.15,-10.24,23.03,-15.36,17.91,0,0,0,0,0,0,0,0,0,0,0,0,0,0,0,0,0,0,0,0,0,0,-25.6,-25.61,-7.69,-23.05,-5.13,-15.37,-2.57,-5.13,7.67,0,5.12,5.12,2.56,20.48,2.56,20.48,-5.12,35.83,-2.56,33.27,-2.56,33.27,-2.56,38.39,-2.56,38.39,5.12,28.16,2.56,28.16,2.56,20.48,7.68,23.04,7.68,15.36,7.68,5.12,7.68,0,2.56,-10.24,7.67,-15.36,2.55,-20.48,-2.57,-25.61,-5.13,-30.73,-7.69,-35.85
2966096,-65,0,0,-5.12,-38.41,-5.13,-35.85,-7.69,-33.29,-10.25,-28.17,-12.81,-20.49,-12.81,-12.81,-10.25,-5.13,-7.69,-0.01,-2.57,5.11,0,5.12,2.56,7.68,5.12,5.12,7.68,5.12,10.24,0,12.8,-5.12,12.79,-7.68,12.79,-10.24,10.23,-12.8,7.67,-12.8,5.11,-10.24,2.55,-10.24,2.55,-7.68,2.55,-2.56,-0.01,2.55,2.56,2.56,5.12,7.68,0,0,0,0,0,0,0,0,0,0,0,0,0,0,0,0,0,0,0,0,0,0,20.48,38.4,23.04,40.96,23.04,40.96,23.04,40.96,23.04,38.4,15.36,35.84,10.24,30.72,2.56,28.16,-5.12,25.59,-15.36,23.03,-23.04,20.47,-30.72,20.47,-38.4,23.03,-43.52,23.03,-46.08,25.59,-46.08,28.15,-43.52,28.15,-40.96,28.15,-33.28,25.59,-25.6,20.47,-17.92,12.79,-12.8,5.11,-7.68,-5.13,2.55,-15.36,5.11,-25.6,2.55,-33.28
2966115,-65,0,0,-28.16,-43.53,-28.17,-38.41,-30.73,-33.29,-30.73,-25.61,-25.61,-17.93,-23.05,-10.25,-17.93,-2.57,-7.69,5.11,-5.12,7.67,5.12,5.12,10.24,5.12,10.24,2.56,12.8,-2.56,15.35,-7.68,15.35,-12.8,12.79,-15.36,7.67,-17.92,5.11,-17.92,2.55,-17.92,-0.01,-12.81,-2.57,-7.69,-2.57,-5.13,-0.01,-2.57,2.55,0,5.12,2.56,10.24,5.12,0,0,0,0,0,0,0,0,0,0,0,0,0,0,0,0,0,0,0,0,0,0,43.52,33.28,48.64,33.28,51.2,35.84,51.2,35.84,48.64,30.72,40.96,30.72,30.72,30.72,20.48,30.72,10.24,30.72,-2.56,33.27,-15.36,38.39,-25.6,43.51,-33.28,46.07,-38.4,48.63,-38.4,53.75,-40.96,58.87,-35.84,56.31,-30.72,53.75,-25.6,46.07,-17.92,38.39,-15.36,25.59,-10.24,12.79,-10.24,-2.57,-7.69,-15.37,-7.69,-28.17,-15.37,-35.85
2966144,-81,0,0,-25.6,-17.93,-33.29,-15.37,-30.73,-2.57,-43.53,-5.13,-46.09,-0.01,-51.21,5.11,-53.76,2.55,-51.2,2.55,-46.08,10.23,-48.64,-2.57,-35.85,-0.01,-30.73,-0.01,-23.05,7.67,-7.68,15.35,-12.8,15.35,-7.68,25.59,2.56,30.72,0,40.96,-2.56,48.63,-10.24,56.31,-17.92,61.43,-23.04,56.31,-25.6,51.19,-38.4,43.51,-43.52,28.15,-35.84,15.35,0,0,0,0,0,0,0,0,0,0,0,0,0,0,0,0,0,0,0,0,0,0,12.8,-10.24,10.23,-10.24,10.23,-20.48,12.79,-23.04,5.11,-23.04,12.79,-20.48,12.79,-30.72,10.23,-30.72,7.67,-30.72,15.35,-33.28,7.67,-40.96,12.79,-40.96,17.91,-38.4,12.79,-38.4,10.23,-43.52,7.67,-40.96,-0.01,-35.85,7.67,-35.84,2.55,-40.96,-2.57,-35.85,-10.25,-35.85,-15.37,-35.85,-12.81,-38.41,-20.49,-33.29,-23.05,-25.61,-25.61,-33.29
2966163,-64,0,0,20.48,-35.84,20.47,-38.4,15.35,-35.84,10.23,-33.28,5.11,-28.16,2.55,-20.48,-0.01,-10.25,-2.57,-2.57,-2.57,2.55,-2.56,10.23,0,10.24,5.12,12.8,5.12,12.8,10.24,10.24,12.8,5.12,15.36,2.56,15.36,0,12.8,-5.12,15.35,-7.68,10.23,-7.68,7.67,-7.68,5.11,-7.68,-0.01,-0.01,-2.57,2.55,-5.12,7.67,-5.12,10.23,0,0,0,0,0,0,0,0,0,0,0,0,0,0,0,0,0,0,0,0,0,0,-10.24,43.51,-10.24,46.07,-10.24,48.63,-10.24,46.07,-10.24,43.51,-12.8,38.39,-12.8,30.71,-17.92,23.03,-23.04,15.35,-28.16,7.67,-33.28,-0.01,-35.85,-5.13,-43.53,-7.69,-46.09,-10.25,-48.65,-10.25,-51.21,-5.13,-48.65,-2.57,-46.09,-2.57,-40.97,-0.01,-25.61,-0.01,-23.05,10.23,-15.36,-5.13,-0.01,-7.69,10.23,-15.36,17.91,-20.48,20.47,-25.6
2966192,-81,0,0,-15.36,-40.97,-15.37,-43.53,-20.49,-40.97,-23.05,-35.85,-23.05,-33.29,-25.61,-23.05,-23.05,-20.49,-23.05,-12.81,-17.93,-5.13,-10.25,-5.13,-2.57,7.67,2.56,7.68,7.68,5.12,20.48,17.92,33.28,20.48,38.4,23.04,46.08,23.04,46.08,23.04,35.84,30.72,40.96,30.72,38.4,35.84,17.92,30.72,17.92,38.4,2.56,30.72,-5.12,33.27,-15.36,25.59,0,0,0,0,0,0,0,0,0,0,0,0,0,0,0,0,0,0,0,0,0,0,12.8,-30.72,17.91,-20.48,12.79,-12.8,5.11,-10.24,10.23,2.56,-2.56,15.35,-15.36,15.35,-20.48,23.03,-23.04,23.03,-30.72,23.03,-30.72,23.03,-28.16,23.03,-25.6,28.15,-20.48,28.15,-17.92,28.15,-15.36,25.59,-12.8,23.03,0,15.36,-7.68,15.35,5.12,2.56,2.56,-5.12,10.23,-12.8,12.79,-17.92,15.35,-25.6,5.11,-33.28,-0.01,-38.41
2966092,-80,0,0,-25.6,-38.41,-25.61,-33.29,-30.73,-35.85,-28.17,-30.73,-30.73,-28.17,-35.85,-17.93,-25.61,-10.25,-20.49,-7.69,-17.93,2.55,-12.8,2.55,-10.24,7.67,2.56,10.24,5.12,7.68,17.92,12.8,28.16,23.04,30.72,23.04,38.4,28.16,35.84,33.28,35.84,35.84,30.72,35.84,15.36,38.4,17.92,38.4,10.24,35.84,-5.12,28.15,-10.24,23.03,-15.36,17.91,0,0,0,0,0,0,0,0,0,0,0,0,0,0,0,0,0,0,0,0,0,0,-25.6,-25.61,-7.69,-23.05,-5.13,-15.37,-2.57,-5.13,7.67,0,5.12,5.12,2.56,20.48,2.56,20.48,-5.12,35.83,-2.56,33.27,-2.56,33.27,-2.56,38.39,-2.56,38.39,5.12,28.16,2.56,28.16,2.56,20.48,7.68,23.04,7.68,15.36,7.68,5.12,7.68,0,2.56,-10.24,7.67,-15.36,2.55,-20.48,-2.57,-25.61,-5.13,-30.73,-7.69,-35.85
2966219,-80,0,0,43.52,-23.04,40.95,-25.6,25.59,-33.28,28.15,-43.52,28.15,-40.96,30.71,-46.08,25.59,-48.64,30.71,-56.32,28.15,-48.64,17.91,-40.96,23.03,-35.84,20.47,-33.28,7.67,-28.16,-0.01,-17.93,-12.81,-15.37,-23.05,-12.81,-30.73,-5.13,-38.41,-15.37,-40.97,-25.61,-53.77,-38.41,-43.53,-48.65,-35.85,-51.21,-30.73,-58.89,-10.25,-61.45,-7.69,-48.65,7.67,-35.84,2.55,0,0,0,0,0,0,0,0,0,0,0,0,0,0,0,0,0,0,0,0,0,0,12.8,2.56,10.24,5.12,17.92,12.8,23.04,12.8,20.48,20.48,23.04,15.36,17.92,12.8,17.92,20.48,25.6,28.16,33.28,25.6,35.84,28.16,30.72,33.28,33.28,35.84,30.72,30.72,25.6,33.28,25.6,33.28,17.92,35.84,23.04,33.28,15.36,43.52,17.92,38.4,12.8,43.52,7.68,48.64,0,40.96,-2.56,48.63,-2.56,38.39,-7.68
2966260,-65,0,0,-35.84,33.27,-30.72,33.27,-25.6,33.27,-15.36,30.71,-10.24,25.59,-2.56,17.91,2.56,7.68,5.12,0,5.12,-7.68,7.67,-12.8,5.11,-17.92,-0.01,-20.49,-5.13,-20.49,-10.25,-17.93,-15.37,-12.81,-17.93,-10.25,-20.49,-5.13,-20.49,-0.01,-17.93,2.55,-17.92,7.67,-15.36,7.67,-7.68,7.67,-2.56,7.67,2.56,2.56,5.12,-2.56,12.79,-5.12,2.55,0,0,0,0,0,0,0,0,0,0,0,0,0,0,0,0,0,0,0,0,0,23.04,-40.96,28.15,-43.52,30.71,-46.08,30.71,-43.52,30.71,-40.96,30.71,-35.84,30.71,-25.6,30.71,-17.92,30.71,-7.68,33.27,2.56,30.72,10.24,35.84,17.92,40.96,25.6,43.52,28.16,46.08,25.6,46.08,28.16,46.08,25.6,43.52,23.04,35.84,17.92,28.16,12.8,15.36,12.8,5.12,10.24,-7.68,15.35,-17.92,15.35,-25.6,17.91,-30.72,23.03
2966314,-65,0,0,-20.48,-38.41,-20.49,-33.29,-23.05,-28.17,-20.49,-20.49,-17.93,-12.81,-12.81,-5.13,-7.69,2.55,-2.56,7.67,2.56,5.12,12.8,5.12,15.36,2.56,17.92,0,17.92,-5.12,20.47,-10.24,17.91,-15.36,12.79,-17.92,7.67,-20.48,5.11,-20.48,-0.01,-15.37,-5.13,-12.81,-5.13,-7.69,-7.69,-2.57,-5.13,2.55,-5.12,5.11,0,7.68,5.12,7.68,0,0,0,0,0,0,0,0,0,0,0,0,0,0,0,0,0,0,0,0,0,0,5.12,40.96,5.12,46.08,5.12,48.64,5.12,48.64,5.12,46.08,2.56,40.96,-2.56,40.95,-7.68,33.27,-12.8,30.71,-20.48,25.59,-28.16,25.59,-33.28,23.03,-38.4,23.03,-43.52,23.03,-46.08,25.59,-43.52,25.59,-40.96,25.59,-38.4,23.03,-33.28,20.47,-25.6,15.35,-20.48,5.11,-15.36,-2.57,-10.25,-12.81,-7.69,-20.49,-7.69,-30.73,-10.25,-35.85
2966319,-65,0,0,23.04,35.84,23.04,30.72,25.6,25.6,23.04,17.92,20.48,10.24,12.8,2.56,5.12,-2.56,2.55,-7.68,-5.13,-5.13,-10.25,-2.57,-15.37,-2.57,-17.93,2.55,-20.48,5.11,-17.92,12.79,-15.36,17.91,-12.8,20.47,-7.68,23.03,-2.56,20.47,2.56,15.36,2.56,12.8,7.68,7.68,5.12,2.56,5.12,-2.56,2.55,-7.68,-0.01,-7.69,-5.13,-7.69,2.55,0,0,0,0,0,0,0,0,0,0,0,0,0,0,0,0,0,0,0,0,0,-15.36,-38.41,-15.37,-40.97,-15.37,-46.09,-15.37,-43.53,-15.37,-43.53,-10.25,-38.41,-5.13,-35.85,2.55,-33.28,10.23,-30.72,15.35,-30.72,23.03,-28.16,30.71,-28.16,35.83,-28.16,38.39,-30.72,40.95,-28.16,38.39,-33.28,38.39,-30.72,33.27,-30.72,28.15,-23.04,23.03,-17.92,17.91,-10.24,15.35,0,12.8,10.24,10.24,20.48,10.24,28.16,15.36,35.84
2966348,-65,0,0,23.04,35.84,25.6,30.72,25.6,25.6,23.04,17.92,17.92,10.24,15.36,5.12,7.68,0,0,-5.12,-5.13,-2.57,-10.25,-2.57,-15.37,-0.01,-15.37,2.55,-20.48,7.67,-20.48,15.35,-15.36,17.91,-10.24,20.47,-5.12,20.47,-2.56,20.47,2.56,15.36,2.56,12.8,5.12,7.68,5.12,2.56,5.12,-2.56,2.55,-5.12,-2.57,-7.69,-5.13,-10.25,2.55,0,0,0,0,0,0,0,0,0,0,0,0,0,0,0,0,0,0,0,0,0,-15.36,-38.41,-15.37,-40.97,-17.93,-43.53,-17.93,-43.53,-15.37,-43.53,-12.81,-38.41,-7.69,-35.85,-0.01,-30.73,5.11,-30.72,12.79,-30.72,20.47,-28.16,28.15,-28.16,33.27,-28.16,35.83,-28.16,38.39,-30.72,38.39,-33.28,35.83,-33.28,33.27,-30.72,30.71,-25.6,23.03,-17.92,20.47,-10.24,15.35,0,12.8,10.24,10.24,20.48,12.8,28.16,17.92,30.72
2966367,-80,0,0,-38.4,-25.61,-38.41,-25.61,-40.97,-20.49,-40.97,-15.37,-38.41,-2.57,-38.41,-2.57,-35.85,2.55,-28.16,7.67,-23.04,7.67,-10.24,2.55,5.12,0,10.24,-2.56,17.91,-12.8,35.83,-10.24,38.39,-15.36,40.95,-15.36,56.31,-20.48,53.75,-17.92,56.31,-12.8,56.31,-10.24,51.19,-2.56,46.07,5.12,35.84,5.12,30.72,20.48,20.48,20.48,15.36,30.72,0,0,0,0,0,0,0,0,0,0,0,0,0,0,0,0,0,0,0,0,0,0,-7.68,-30.73,7.67,-30.72,-0.01,-17.93,2.55,-12.8,5.11,0,0,7.68,-2.56,17.91,-10.24,25.59,-2.56,28.15,-12.8,30.71,-12.8,35.83,-7.68,38.39,-10.24,40.95,2.56,33.28,2.56,28.16,5.12,30.72,7.68,20.48,10.24,5.12,0,7.68,7.68,-2.56,5.11,-15.36,-0.01,-12.81,-0.01,-15.37,-12.81,-12.81,-15.37,-20.49,-28.17,-23.05
2966332,-65,0,0,23.04,35.84,23.04,30.72,25.6,25.6,23.04,17.92,20.48,10.24,12.8,2.56,5.12,-2.56,2.55,-7.68,-5.13,-5.13,-10.25,-2.57,-15.37,-2.57,-17.93,2.55,-20.48,5.11,-17.92,12.79,-15.36,17.91,-12.8,20.47,-7.68,23.03,-2.56,20.47,2.56,15.36,2.56,12.8,7.68,7.68,5.12,2.56,5.12,-2.56,2.55,-7.68,-0.01,-7.69,-5.13,-7.69,2.55,0,0,0,0,0,0,0,0,0,0,0,0,0,0,0,0,0,0,0,0,0,-15.36,-38.41,-15.37,-40.97,-15.37,-46.09,-15.37,-43.53,-15.37,-43.53,-10.25,-38.41,-5.13,-35.85,2.55,-33.28,10.23,-30.72,15.35,-30.72,23.03,-28.16,30.71,-28.16,35.83,-28.16,38.39,-30.72,40.95,-28.16,38.39,-33.28,38.39,-30.72,33.27,-30.72,28.15,-23.04,23.03,-17.92,17.91,-10.24,15.35,0,12.8,10.24,10.24,20.48,10.24,28.16,15.36,35.84
2966424,-80,0,0,-38.4,7.67,-30.72,12.79,-33.28,10.23,-35.84,20.47,-38.4,25.59,-35.84,30.71,-33.28,25.59,-28.16,33.27,-25.6,30.71,-30.72,25.59,-25.6,25.59,-17.92,20.47,-12.8,17.91,-5.12,15.35,2.56,10.24,15.36,10.24,20.48,17.92,33.28,25.6,35.84,30.72,43.52,40.96,35.84,43.52,23.04,48.64,17.92,51.2,5.12,43.52,-5.12,43.51,-12.8,30.71,0,0,0,0,0,0,0,0,0,0,0,0,0,0,0,0,0,0,0,0,0,0,0,-12.8,-0.01,-15.37,7.67,-23.04,5.11,-23.04,-2.57,-25.61,2.55,-23.04,2.55,-20.48,-5.13,-28.17,-5.13,-23.05,-2.57,-28.17,-5.13,-33.29,-5.13,-35.85,-5.13,-38.41,-10.25,-35.85,-7.69,-35.85,-10.25,-33.29,-17.93,-28.17,-12.81,-30.73,-17.93,-28.17,-20.49,-28.17,-20.49,-25.61,-25.61,-23.05,-20.49,-15.37,-28.17,-12.81,-25.61,-7.69,-25.61,-0.01
2966444,-64,0,0,-33.28,-20.49,-28.17,-15.37,-30.73,-10.25,-25.61,-5.13,-20.49,-0.01,-15.37,2.55,-10.24,5.11,-2.56,5.11,2.56,0,5.12,-2.56,12.79,-5.12,12.79,-7.68,10.23,-12.8,7.67,-17.92,5.11,-17.92,-0.01,-17.93,-5.13,-17.93,-7.69,-15.37,-5.13,-10.25,-7.69,-5.13,-7.69,-5.13,-5.13,2.55,-2.56,2.55,0,2.56,5.12,5.12,15.36,5.12,0,0,0,0,0,0,0,0,0,0,0,0,0,0,0,0,0,0,0,0,0,0,33.28,25.6,35.84,28.16,35.84,28.16,38.4,28.16,33.28,25.6,30.72,23.04,23.04,23.04,15.36,23.04,7.68,20.48,0,23.04,-7.68,28.15,-15.36,33.27,-17.92,35.83,-20.48,38.39,-23.04,43.51,-23.04,43.51,-23.04,46.07,-17.92,40.95,-15.36,35.83,-10.24,28.15,-10.24,20.47,-12.8,10.23,-12.8,2.55,-15.36,-7.69,-17.93,-12.81,-23.05,-17.93
2966463,-81,0,0,46.08,-15.36,43.51,-23.04,40.95,-28.16,43.51,-30.72,38.39,-35.84,25.59,-33.28,15.35,-30.72,12.79,-25.6,10.23,-20.48,-0.01,-12.81,-5.13,-7.69,-5.13,10.23,-10.24,17.91,-15.36,30.71,-20.48,28.15,-23.04,40.95,-25.6,35.83,-35.84,43.51,-40.96,40.95,-35.84,35.83,-43.52,30.71,-40.96,20.47,-33.28,5.11,-30.72,-2.57,-28.17,-12.81,-20.49,-23.05,2.55,0,0,0,0,0,0,0,0,0,0,0,0,0,0,0,0,0,0,0,0,0,35.84,-10.24,28.15,-7.68,17.91,2.56,10.24,2.56,-7.68,7.67,-12.8,2.55,-17.92,-2.57,-23.05,-5.13,-25.61,-2.57,-33.29,-10.25,-38.41,-15.37,-33.29,-10.25,-33.29,-15.37,-30.73,-10.25,-28.17,-5.13,-23.05,-2.57,-20.49,-0.01,-15.37,2.55,-10.24,7.67,-2.56,12.79,7.68,5.12,12.8,7.68,23.04,2.56,28.16,0,38.4,-2.56,43.51,-10.24
2966527,-81,0,0,-17.92,30.71,-15.36,35.83,-12.8,33.27,-12.8,35.83,-10.24,43.51,-7.68,40.95,-5.12,43.51,-2.56,40.95,0,35.84,-5.12,38.39,-5.12,33.27,-5.12,23.03,2.56,17.92,0,15.36,7.68,2.56,28.16,0,28.16,2.56,35.84,-2.56,43.51,2.56,46.08,7.68,48.64,12.8,48.64,20.48,43.52,30.72,28.16,28.16,25.6,28.16,7.68,25.6,0,0,0,0,0,0,0,0,0,0,0,0,0,0,0,0,0,0,0,0,0,0,-7.68,-5.13,-5.13,-7.69,-7.69,-10.25,-15.37,-10.25,-12.81,-10.25,-12.81,-10.25,-15.37,-2.57,-15.37,-7.69,-15.37,-10.25,-25.61,-7.69,-20.49,-10.25,-30.73,-12.81,-25.61,-17.93,-30.73,-15.37,-28.17,-10.25,-25.61,-7.69,-33.29,-12.81,-30.73,-7.69,-25.61,-5.13,-28.17,-0.01,-30.73,2.55,-35.84,7.67,-33.28,10.23,-35.84,7.67,-28.16,15.35,-28.16,28.15
2966542,-65,0,0,33.28,-23.04,33.27,-25.6,28.15,-25.6,20.47,-25.6,15.35,-23.04,7.67,-17.92,2.55,-12.8,-0.01,-2.57,-5.13,-0.01,-5.13,7.67,-5.12,10.23,0,12.8,2.56,12.8,7.68,12.8,12.8,10.24,15.36,7.68,17.92,5.12,17.92,0,15.36,-2.56,15.35,-5.12,12.79,-7.68,5.11,-7.68,-0.01,-2.57,-2.57,-0.01,-7.69,2.55,-12.8,7.67,0,0,0,0,0,0,0,0,0,0,0,0,0,0,0,0,0,0,0,0,0,0,-30.72,35.83,-33.28,40.95,-33.28,40.95,-33.28,40.95,-30.72,35.83,-30.72,30.71,-28.16,25.59,-28.16,15.35,-28.16,5.11,-28.16,-2.57,-28.17,-12.81,-30.73,-23.05,-33.29,-25.61,-35.85,-30.73,-38.41,-33.29,-40.97,-33.29,-40.97,-28.17,-38.41,-25.61,-33.29,-20.49,-28.17,-15.37,-17.93,-10.25,-7.69,-7.69,2.55,-10.24,15.35,-10.24,23.03,-10.24,30.71,-15.36
2966560,-80,0,0,-25.6,-43.53,-25.61,-35.85,-33.29,-30.73,-30.73,-28.17,-33.29,-25.61,-35.85,-23.05,-30.73,-10.25,-30.73,-7.69,-17.93,-0.01,-5.13,-0.01,-0.01,5.11,5.12,2.56,23.04,7.68,28.16,2.56,33.28,0,43.52,0,51.2,0,61.44,2.56,58.88,15.36,53.76,12.8,51.2,12.8,38.4,23.04,28.16,28.16,23.04,28.16,5.12,28.16,-5.12,33.27,0,0,0,0,0,0,0,0,0,0,0,0,0,0,0,0,0,0,0,0,0,0,15.36,-30.72,20.47,-23.04,20.47,-12.8,12.79,0,2.56,2.56,-5.12,17.91,-17.92,20.47,-20.48,25.59,-23.04,20.47,-28.16,23.03,-33.28,28.15,-25.6,28.15,-23.04,28.15,-20.48,30.71,-17.92,30.71,-12.8,25.59,-2.56,20.47,0,12.8,0,5.12,7.68,5.12,5.12,-5.12,17.91,-17.92,10.23,-23.04,5.11,-30.72,5.11,-40.96,-7.69,-40.97
2966644,-64,0,0,-7.68,40.95,-2.56,40.95,0,35.84,5.12,30.72,5.12,23.04,7.68,17.92,7.68,10.24,5.12,2.56,2.56,-2.56,-0.01,-2.57,-5.13,-5.13,-10.25,-7.69,-12.81,-5.13,-15.37,-2.57,-17.93,2.55,-20.48,7.67,-20.48,7.67,-17.92,12.79,-15.36,12.79,-10.24,12.79,-7.68,12.79,-2.56,10.23,0,2.56,2.56,-2.56,5.11,-7.68,5.11,-12.8,2.55,0,0,0,0,0,0,0,0,0,0,0,0,0,0,0,0,0,0,0,0,0,-15.36,-38.41,-12.81,-40.97,-12.81,-40.97,-10.25,-40.97,-7.69,-38.41,-2.57,-35.85,2.55,-33.28,10.23,-28.16,15.35,-23.04,23.03,-20.48,30.71,-17.92,40.95,-15.36,46.07,-12.8,48.63,-15.36,51.19,-15.36,51.19,-17.92,48.63,-17.92,43.51,-17.92,35.83,-15.36,28.15,-15.36,20.47,-7.68,10.23,-2.56,5.11,7.68,-7.68,15.35,-10.24,23.03,-10.24,30.71
2966747,-65,0,0,-51.2,-2.57,-46.09,2.55,-46.08,7.67,-38.4,10.23,-30.72,15.35,-23.04,15.35,-12.8,12.79,-5.12,10.23,5.12,2.56,10.24,-5.12,15.35,-7.68,12.79,-15.36,10.23,-20.48,7.67,-25.6,2.55,-25.6,-2.57,-25.61,-7.69,-25.61,-10.25,-20.49,-12.81,-15.37,-15.37,-10.25,-12.81,-5.13,-10.25,-2.57,-5.13,2.55,-2.56,5.11,2.56,5.12,7.68,5.12,0,0,0,0,0,0,0,0,0,0,0,0,0,0,0,0,0,0,0,0,0,0,43.52,-17.92,48.63,-17.92,51.19,-17.92,51.19,-15.36,48.63,-12.8,46.07,-10.24,40.95,-2.56,35.83,5.12,28.16,12.8,25.6,23.04,20.48,30.72,20.48,40.96,17.92,46.08,17.92,51.2,17.92,51.2,17.92,53.76,20.48,48.64,20.48,43.52,15.36,35.84,12.8,28.16,2.56,17.92,-5.12,12.79,-12.8,2.55,-23.04,-2.57,-30.73,-5.13,-38.41,-5.13
2967156,-65,0,0,43.52,10.24,38.4,7.68,38.4,0,30.72,-2.56,28.15,-7.68,17.91,-7.68,10.23,-7.68,2.55,-5.12,-7.69,2.55,-12.8,7.67,-15.36,12.79,-12.8,17.91,-10.24,23.03,-5.12,28.15,-2.56,28.15,5.12,25.6,10.24,23.04,15.36,17.92,15.36,10.24,15.36,5.12,15.36,-2.56,12.79,-7.68,7.67,-12.8,-0.01,-12.81,-5.13,-15.37,-12.81,-17.93,2.55,0,0,0,0,0,0,0,0,0,0,0,0,0,0,0,0,0,0,0,0,0,-51.2,-0.01,-51.21,-0.01,-53.77,-0.01,-53.77,-2.57,-51.21,-2.57,-46.09,-7.69,-38.41,-10.25,-30.73,-15.37,-23.05,-23.05,-15.37,-28.17,-10.25,-35.85,-5.13,-43.53,-0.01,-48.65,-0.01,-53.77,-0.01,-53.77,-0.01,-56.33,-2.57,-51.21,-2.57,-46.09,-2.57,-38.41,-2.57,-30.73,2.55,-23.04,7.67,-12.8,15.35,-2.56,20.47,5.12,25.6,10.24,30.72,10.24
2967259,-65,0,0,-17.92,-30.73,-17.93,-30.73,-20.49,-25.61,-17.93,-20.49,-15.37,-15.37,-15.37,-7.69,-7.69,-2.57,-2.57,2.55,0,0,7.68,2.56,12.8,0,15.36,-2.56,17.91,-7.68,17.91,-10.24,17.91,-17.92,15.35,-20.48,12.79,-23.04,5.11,-20.48,2.55,-20.48,-2.57,-12.81,-7.69,-7.69,-10.25,-2.57,-10.25,2.55,-10.24,7.67,-10.24,15.35,-5.12,20.47,0,0,0,0,0,0,0,0,0,0,0,0,0,0,0,0,0,0,0,0,0,0,33.28,25.6,35.84,25.6,38.4,30.72,35.84,30.72,33.28,30.72,28.16,28.16,20.48,28.16,12.8,25.6,2.56,25.6,-7.68,28.15,-15.36,28.15,-23.04,33.27,-30.72,30.71,-33.28,35.83,-33.28,35.83,-35.84,38.39,-33.28,38.39,-30.72,35.83,-23.04,30.71,-17.92,25.59,-15.36,17.91,-10.24,7.67,-10.24,-2.57,-5.13,-12.81,-5.13,-20.49,-7.69,-25.61
2967315,-65,0,0,-46.08,-0.01,-35.85,-2.57,-30.73,-0.01,-23.05,10.23,-20.48,12.79,-12.8,10.23,-12.8,15.35,-12.8,5.11,5.12,5.12,10.24,-2.56,17.91,-20.48,20.47,-20.48,7.67,-7.68,10.23,-23.04,7.67,-28.16,-2.57,-23.05,-7.69,-25.61,-15.37,-20.49,-12.81,-15.37,-15.37,-5.13,-15.37,-2.57,-7.69,7.67,-10.24,12.79,0,12.8,2.56,17.92,12.8,15.36,0,0,0,0,0,0,0,0,0,0,0,0,0,0,0,0,0,0,0,0,0,0,28.16,-25.6,28.15,-28.16,30.71,-33.28,38.39,-28.16,30.71,-28.16,35.83,-20.48,38.39,-15.36,30.71,0,33.28,2.56,30.72,15.36,20.48,28.16,28.16,38.4,28.16,46.08,20.48,40.96,25.6,38.4,20.48,38.4,23.04,35.84,23.04,23.04,20.48,23.04,10.24,20.48,10.24,17.92,7.68,12.8,-5.12,5.11,-17.92,-5.13,-20.49,-5.13,-33.29,-10.25
2967319,-65,0,0,12.8,38.4,10.24,28.16,12.8,35.84,20.48,28.16,20.48,15.36,15.36,15.36,10.24,2.56,5.12,-2.56,-0.01,-0.01,-5.13,-2.57,-7.69,-5.13,-10.25,-0.01,-17.93,2.55,-20.48,7.67,-17.92,5.11,-23.04,12.79,-17.92,17.91,-12.8,20.47,-10.24,17.91,-2.56,15.35,2.56,10.24,7.68,7.68,10.24,2.56,12.8,-5.12,15.35,-12.8,15.35,-17.92,2.55,0,0,0,0,0,0,0,0,0,0,0,0,0,0,0,0,0,0,0,0,0,-46.08,-15.37,-46.09,-17.93,-48.65,-17.93,-46.09,-17.93,-43.53,-20.49,-35.85,-23.05,-25.61,-23.05,-17.93,-23.05,-5.13,-25.61,5.11,-30.72,15.35,-33.28,23.03,-38.4,33.27,-40.96,33.27,-43.52,33.27,-43.52,35.83,-48.64,33.27,-43.52,28.15,-43.52,23.03,-35.84,17.91,-30.72,12.79,-17.92,5.11,-5.12,7.67,5.12,0,12.8,0,20.48,10.24,30.72
2967463,-65,0,0,23.04,35.84,25.6,30.72,25.6,25.6,23.04,17.92,20.48,10.24,15.36,2.56,10.24,-5.12,7.67,-7.68,-0.01,-5.13,-7.69,-5.13,-12.81,-5.13,-12.81,-2.57,-17.93,2.55,-20.48,7.67,-17.92,10.23,-15.36,15.35,-10.24,17.91,-5.12,17.91,-2.56,17.91,2.56,12.8,5.12,7.68,7.68,2.56,7.68,-2.56,10.23,-7.68,7.67,-12.8,5.11,-17.92,2.55,0,0,0,0,0,0,0,0,0,0,0,0,0,0,0,0,0,0,0,0,0,-43.52,-12.81,-40.97,-12.81,-46.09,-15.37,-43.53,-15.37,-40.97,-17.93,-33.29,-17.93,-25.61,-23.05,-15.37,-25.61,-7.69,-28.17,-0.01,-30.73,7.67,-35.84,12.79,-40.96,20.47,-46.08,23.03,-48.64,23.03,-48.64,23.03,-51.2,20.47,-46.08,17.91,-43.52,12.79,-35.84,10.23,-28.16,5.11,-15.36,5.11,-5.12,7.67,7.68,5.12,17.92,7.68,25.6,15.36,28.16
2967567,-65,0,0,12.8,-53.76,2.55,-53.76,-2.57,-53.77,-2.57,-43.53,-5.13,-30.73,-7.69,-25.61,-10.25,-15.37,-5.13,-0.01,-0.01,12.79,5.12,12.8,5.12,15.36,12.8,17.92,15.36,7.68,20.48,2.56,28.16,5.12,28.16,-2.56,25.59,-7.68,20.47,-12.8,15.35,-12.8,10.23,-12.8,2.55,-15.36,-2.57,-10.25,-7.69,-2.57,-10.25,2.55,-15.36,7.67,-15.36,12.79,0,0,0,0,0,0,0,0,0,0,0,0,0,0,0,0,0,0,0,0,0,0,25.6,51.2,25.6,51.2,28.16,56.32,23.04,56.32,23.04,56.32,15.36,51.2,7.68,46.08,-2.56,40.95,-15.36,33.27,-25.6,30.71,-35.84,25.59,-46.08,23.03,-56.32,20.47,-61.44,20.47,-64,25.59,-66.56,25.59,-58.88,28.15,-53.76,25.59,-46.08,23.03,-35.84,17.91,-20.48,10.23,-12.8,-0.01,-5.13,-10.25,7.67,-17.92,10.23,-33.28,12.79,-40.96
2967669,-64,0,0,38.4,33.28,38.4,28.16,40.96,20.48,40.96,10.24,28.16,5.12,23.04,-2.56,15.35,-5.12,7.67,-10.24,2.55,-15.36,-10.25,-7.69,-12.81,-7.69,-23.05,-2.57,-20.49,-0.01,-17.93,7.67,-23.04,15.35,-20.48,17.91,-15.36,20.47,-10.24,20.47,-7.68,20.47,-2.56,17.91,2.56,12.8,5.12,7.68,7.68,5.12,5.12,-2.56,10.23,-10.24,7.67,-12.8,2.55,0,0,0,0,0,0,0,0,0,0,0,0,0,0,0,0,0,0,0,0,0,-43.52,33.27,-48.64,33.27,-51.2,33.27,-51.2,30.71,-51.2,25.59,-46.08,17.91,-40.96,10.23,-38.4,-0.01,-28.17,-10.25,-23.05,-23.05,-15.37,-33.29,-12.81,-46.09,-10.25,-53.77,-7.69,-58.89,-7.69,-58.89,-12.81,-64.01,-7.69,-61.45,-12.81,-56.33,-7.69,-43.53,-7.69,-33.29,-2.57,-20.49,-0.01,-5.13,5.11,-2.56,15.35,12.8,17.92,23.04,30.72,30.72
2967771,-65,0,0,-5.12,-38.41,-2.57,-38.41,-7.69,-35.85,-10.25,-30.73,-10.25,-23.05,-12.81,-15.37,-12.81,-7.69,-10.25,-0.01,-5.13,7.67,-5.12,10.23,0,12.8,2.56,12.8,7.68,10.24,12.8,7.68,17.92,5.12,20.48,2.56,20.48,-2.56,20.47,-7.68,20.47,-7.68,15.35,-10.24,12.79,-10.24,7.67,-12.8,2.55,-10.24,-2.57,-5.13,-7.69,-2.57,-10.25,2.55,0,0,0,0,0,0,0,0,0,0,0,0,0,0,0,0,0,0,0,0,0,0,43.52,2.56,46.08,5.12,46.08,5.12,46.08,7.68,40.96,10.24,35.84,12.8,25.6,15.36,17.92,17.92,7.68,23.04,-2.56,28.15,-12.8,33.27,-20.48,35.83,-28.16,38.39,-30.72,40.95,-33.28,46.07,-33.28,46.07,-33.28,46.07,-28.16,40.95,-23.04,35.83,-15.36,28.15,-12.8,17.91,-5.12,7.67,-2.56,-2.57,2.55,-15.36,5.11,-25.6,5.11,-33.28
2967977,-64,0,0,20.48,33.28,20.48,30.72,23.04,25.6,23.04,20.48,20.48,15.36,17.92,10.24,12.8,2.56,10.24,-2.56,5.11,-5.12,-0.01,-5.13,-5.13,-7.69,-7.69,-5.13,-10.25,-2.57,-12.81,-0.01,-15.37,2.55,-17.92,7.67,-17.92,10.23,-15.36,12.79,-10.24,12.79,-7.68,12.79,-5.12,12.79,0,7.68,2.56,5.12,5.12,0,7.68,-2.56,10.23,-7.68,2.55,0,0,0,0,0,0,0,0,0,0,0,0,0,0,0,0,0,0,0,0,0,-38.4,20.47,-43.52,23.03,-43.52,23.03,-46.08,23.03,-43.52,20.47,-38.4,12.79,-33.28,7.67,-25.6,-0.01,-15.37,-7.69,-10.25,-15.37,-2.57,-25.61,2.55,-35.84,5.11,-40.96,7.67,-46.08,7.67,-51.2,7.67,-53.76,7.67,-51.2,5.11,-48.64,2.55,-43.52,-0.01,-30.73,2.55,-23.04,2.55,-12.8,5.11,-2.56,5.11,10.24,5.12,17.92,12.8,25.6
2968181,-64,0,0,30.72,28.16,33.28,20.48,33.28,20.48,35.84,15.36,23.04,15.36,23.04,2.56,15.36,-2.56,15.35,-10.24,-0.01,-7.69,-5.13,-7.69,-15.37,-7.69,-15.37,-2.57,-20.49,5.11,-20.48,15.35,-23.04,15.35,-20.48,20.47,-17.92,23.03,-10.24,23.03,-5.12,23.03,0,17.92,2.56,15.36,5.12,10.24,7.68,2.56,7.68,0,5.12,-5.12,7.67,-12.8,2.55,0,0,0,0,0,0,0,0,0,0,0,0,0,0,0,0,0,0,0,0,0,-53.76,12.79,-56.32,12.79,-61.44,12.79,-61.44,12.79,-56.32,10.23,-51.2,5.11,-40.96,-0.01,-30.73,-5.13,-23.05,-12.81,-12.81,-23.05,-2.57,-30.73,2.55,-43.52,7.67,-51.2,10.23,-56.32,12.79,-61.44,12.79,-66.56,10.23,-61.44,7.67,-58.88,5.11,-51.2,2.55,-43.52,5.11,-30.72,7.67,-17.92,10.23,-7.68,12.79,5.12,15.36,12.8,23.04,20.48
2968283,-64,0,0,-7.68,51.19,-5.12,51.19,-2.56,48.63,5.12,38.4,7.68,33.28,7.68,23.04,12.8,12.8,12.8,2.56,10.24,-7.68,7.67,-12.8,-0.01,-15.37,-2.57,-20.49,-7.69,-20.49,-12.81,-20.49,-20.49,-17.93,-23.05,-12.81,-25.61,-10.25,-25.61,-5.13,-25.61,-0.01,-20.49,5.11,-20.48,7.67,-12.8,7.67,-5.12,10.23,-2.56,10.23,5.12,2.56,10.24,2.56,0,0,0,0,0,0,0,0,0,0,0,0,0,0,0,0,0,0,0,0,0,0,-46.08,-20.49,-46.09,-20.49,-46.09,-25.61,-46.09,-25.61,-40.97,-25.61,-33.29,-28.17,-23.05,-28.17,-12.81,-28.17,-0.01,-28.17,10.23,-30.72,23.03,-30.72,33.27,-33.28,40.95,-33.28,46.07,-33.28,51.19,-35.84,51.19,-35.84,48.63,-35.84,43.51,-33.28,35.83,-28.16,28.15,-23.04,20.47,-12.8,10.23,-5.12,5.11,7.68,-5.12,20.47,-10.24,30.71,-10.24,38.39
2968386,-63,0,0,38.4,-43.52,33.27,-43.52,28.15,-43.52,23.03,-43.52,15.35,-33.28,5.11,-30.72,-2.57,-20.49,-7.69,-10.25,-10.25,-2.57,-15.37,7.67,-15.36,17.91,-12.8,17.91,-7.68,25.59,-2.56,33.27,0,23.04,7.68,25.6,15.36,25.6,15.36,20.48,15.36,15.36,17.92,10.24,15.36,5.12,12.8,0,7.68,-5.12,5.11,-7.68,-0.01,-7.69,-2.57,-7.69,2.55,0,0,0,0,0,0,0,0,0,0,0,0,0,0,0,0,0,0,0,0,0,30.72,40.96,33.28,43.52,33.28,48.64,28.16,46.08,23.04,46.08,15.36,43.52,5.12,38.4,-2.56,33.27,-12.8,28.15,-28.16,20.47,-38.4,15.35,-46.08,12.79,-53.76,7.67,-58.88,5.11,-64,2.55,-66.56,5.11,-61.44,7.67,-56.32,7.67,-46.08,5.11,-35.84,5.11,-23.04,2.55,-10.24,-2.57,5.11,-10.24,17.91,-15.36,28.15,-20.48,30.71,-28.16
2968488,-64,0,0,7.68,48.64,10.24,46.08,15.36,46.08,10.24,35.84,17.92,30.72,17.92,17.92,17.92,7.68,10.24,0,5.12,-10.24,2.55,-15.36,-2.57,-17.93,-5.13,-15.37,-10.25,-20.49,-15.37,-15.37,-17.93,-15.37,-23.05,-7.69,-28.17,-5.13,-23.05,2.55,-20.48,2.55,-17.92,7.67,-12.8,7.67,-7.68,10.23,-2.56,10.23,0,5.12,5.12,2.56,10.24,0,0,0,0,0,0,0,0,0,0,0,0,0,0,0,0,0,0,0,0,0,0,0,-53.76,5.11,-58.88,2.55,-56.32,-0.01,-56.33,-0.01,-51.21,-2.57,-43.53,-7.69,-33.29,-12.81,-23.05,-17.93,-10.25,-23.05,-2.57,-28.17,10.23,-35.84,17.91,-43.52,25.59,-48.64,30.71,-51.2,33.27,-56.32,33.27,-53.76,33.27,-56.32,30.71,-48.64,23.03,-43.52,17.91,-33.28,10.23,-20.48,7.67,-7.68,5.11,7.68,-2.56,23.03,-5.12,30.71,2.56,40.96
2968593,-64,0,0,-5.12,46.07,-5.12,40.95,2.56,40.96,2.56,30.72,5.12,25.6,7.68,23.04,7.68,12.8,7.68,5.12,7.68,-2.56,7.67,-7.68,7.67,-12.8,7.67,-20.48,12.79,-23.04,5.11,-28.16,-0.01,-33.29,-20.49,-28.17,-35.85,-25.61,-2.57,-28.17,-20.49,-28.17,-7.69,-7.69,-10.25,-5.13,-5.13,-2.57,-7.69,5.11,7.68,0,-2.56,28.15,33.28,2.56,0,0,0,0,0,0,0,0,0,0,0,0,0,0,0,0,0,0,0,0,0,0,-23.04,38.39,-28.16,38.39,-30.72,35.83,-33.28,33.27,-33.28,28.15,-33.28,20.47,-28.16,10.23,-25.6,-0.01,-15.37,-10.25,-10.25,-17.93,-7.69,-25.61,-0.01,-33.29,5.11,-43.52,10.23,-46.08,12.79,-48.64,15.35,-51.2,15.35,-48.64,15.35,-40.96,12.79,-35.84,10.23,-28.16,7.67,-15.36,2.55,-5.12,2.55,5.12,-5.12,20.47,-5.12,28.15,-2.56,33.27
2969819,-65,0,0,20.48,38.4,33.28,40.96,28.16,30.72,25.6,30.72,25.6,23.04,30.72,10.24,23.04,2.56,20.48,-7.68,10.23,-12.8,7.67,-15.36,-2.57,-17.93,-10.25,-12.81,-17.93,-15.37,-12.81,-7.69,-28.17,2.55,-30.72,-2.57,-30.73,7.67,-28.16,12.79,-23.04,12.79,-20.48,15.35,-15.36,17.91,-7.68,17.91,-5.12,17.91,0,10.24,5.12,5.12,10.24,2.56,0,0,0,0,0,0,0,0,0,0,0,0,0,0,0,0,0,0,0,0,0,0,-43.52,30.71,-46.08,28.15,-51.2,30.71,-53.76,25.59,-51.2,23.03,-46.08,12.79,-40.96,7.67,-35.84,-2.57,-25.61,-15.37,-17.93,-23.05,-10.25,-33.29,-5.13,-46.09,-0.01,-53.77,5.11,-58.88,7.67,-61.44,5.11,-69.12,5.11,-61.44,7.67,-58.88,5.11,-48.64,2.55,-40.96,-0.01,-25.61,2.55,-15.36,5.11,5.12,2.56,12.8,10.24,30.72,17.92,38.4
